tmdb_id,imdb_id,title,year,rating,genres,overview,poster_path,mood
13,tt0109830,Forrest Gump,1994,8.5,"Comedy, Drama, Romance","A man with a low IQ has accomplished great things in his life and been present during significant historic events—in each case, far exceeding what anyone imagined he could do. But despite all he has achieved, his one true love eludes him.",/arw2vcBveWOVZr6pxd9XTd1TdQa.jpg,Happy
324857,tt4633694,Spider-Man: Into the Spider-Verse,2018,8.4,"Action, Adventure, Animation, Science Fiction","Struggling to find his place in the world while juggling school and family, Brooklyn teenager Miles Morales is unexpectedly bitten by a radioactive spider and develops unfathomable powers just like the one and only Spider-Man. While wrestling with the implications of his new abilities, Miles discovers a super collider created by the madman Wilson ""Kingpin"" Fisk, causing others from across the Spider-Verse to be inadvertently transported to his dimension.",/iiZZdoQBEYBv6id8su7ImL0oCbD.jpg,Happy
244786,tt2582802,Whiplash,2014,8.4,"Drama, Music","Under the direction of a ruthless instructor, a talented young drummer begins to pursue perfection at any cost, even his humanity.",/7fn624j5lj3xTme2SgiLCeuedmO.jpg,Happy
569094,tt9362722,Spider-Man: Across the Spider-Verse,2023,8.4,"Action, Adventure, Animation","After reuniting with Gwen Stacy, Brooklyn’s full-time, friendly neighborhood Spider-Man is catapulted across the Multiverse, where he encounters the Spider Society, a team of Spider-People charged with protecting the Multiverse’s very existence. But when the heroes clash on how to handle a new threat, Miles finds himself pitted against the other Spiders and must set out on his own to save those he loves most.",/8Vt6mWEReuy4Of61Lnj5Xj704m8.jpg,Happy
105,tt0088763,Back to the Future,1985,8.3,"Adventure, Comedy, Science Fiction","Eighties teenager Marty McFly is accidentally sent back in time to 1955, inadvertently disrupting his parents' first meeting and attracting his mother's romantic interest. Marty must repair the damage to history by rekindling his parents' romance and - with the help of his eccentric inventor friend Doc Brown - return to 1985.",/fNOH9f1aA7XRTzl1sAOx9iF553Q.jpg,Happy
8587,tt0110357,The Lion King,1994,8.3,"Animation, Drama, Family","A young lion prince is cast out of his pride by his cruel uncle, who claims he killed his father. While the uncle rules with an iron paw, the prince grows up beyond the Savannah, living by a philosophy: No worries for the rest of your days. But when his past comes to haunt him, the young prince must decide his fate: Will he remain an outcast or face his demons and become what he needs to be?",/sKCr78MXSLixwmZ8DyJLrpMsd15.jpg,Happy
490132,tt6966692,Green Book,2018,8.2,"Comedy, Drama","Tony Lip, a bouncer in 1962, is hired to drive pianist Don Shirley on a tour through the Deep South in the days when African Americans, forced to find alternate accommodations and services due to segregation laws below the Mason-Dixon Line, relied on a guide called The Negro Motorist Green Book.",/7BsvSuDQuoqhWmU2fL7W2GOcZHU.jpg,Happy
354912,tt2380307,Coco,2017,8.2,"Adventure, Animation, Comedy, Family, Fantasy, Music","Despite his family’s baffling generations-old ban on music, Miguel dreams of becoming an accomplished musician like his idol, Ernesto de la Cruz. Desperate to prove his talent, Miguel finds himself in the stunning and colorful Land of the Dead following a mysterious chain of events. Along the way, he meets charming trickster Hector, and together, they set off on an extraordinary journey to unlock the real story behind Miguel's family history.",/gGEsBPAijhVUFoiNpgZXqRVWJt2.jpg,Happy
315162,tt3915174,Puss in Boots: The Last Wish,2022,8.3,"Action, Adventure, Animation, Comedy, Family, Fantasy","Puss in Boots discovers that his passion for adventure has taken its toll: He has burned through eight of his nine lives, leaving him with only one life left. Puss sets out on an epic journey to find the mythical Last Wish and restore his nine lives.",/kuf6dutpsT0vSVehic3EZIqkOBt.jpg,Happy
914,tt0032553,The Great Dictator,1940,8.3,"Comedy, War",Dictator Adenoid Hynkel tries to expand his empire while a poor Jewish barber tries to avoid persecution from Hynkel's regime.,/1QpO9wo7JWecZ4NiBuu625FiY1j.jpg,Happy
3082,tt0027977,Modern Times,1936,8.3,"Comedy, Drama",The Tramp struggles to live in modern industrial society with the help of a young homeless woman.,/7uoiKOEjxBBW0AgDGQWrlfGQ90w.jpg,Happy
1585,tt0038650,It's a Wonderful Life,1946,8.3,"Drama, Family, Fantasy","A holiday favourite for generations...  George Bailey has spent his entire life giving to the people of Bedford Falls.  All that prevents rich skinflint Mr. Potter from taking over the entire town is George's modest building and loan company.  But on Christmas Eve the business's $8,000 is lost and George's troubles begin.",/mV3VcmMJN6Zwahj42dy9WwPUyRI.jpg,Happy
508965,tt4729430,Klaus,2019,8.2,"Adventure, Animation, Comedy, Family, Fantasy","When Jesper distinguishes himself as the Postal Academy's worst student, he is sent to Smeerensburg, a small village located on an icy island above the Arctic Circle, where grumpy inhabitants barely exchange words, let alone letters. Jesper is about to give up and abandon his duty as a postman when he meets local teacher Alva and Klaus, a mysterious carpenter who lives alone in a cabin full of handmade toys.",/q125RHUDgR4gjwh1QkfYuJLYkL.jpg,Happy
37165,tt0120382,The Truman Show,1998,8.1,"Comedy, Drama","Truman Burbank is the star of The Truman Show, a 24-hour-a-day reality TV show that broadcasts every aspect of his life without his knowledge. His entire life has been an unending soap opera for consumption by the rest of the world. And everyone he knows, including his wife and his best friend, is really an actor, paid to be part of his life.",/vuza0WqY239yBXOadKlGwJsZJFE.jpg,Happy
508442,tt2948372,Soul,2020,8.2,"Animation, Comedy, Drama, Family, Fantasy","Joe Gardner is a middle school teacher with a love for jazz music. After a successful audition at the Half Note Club, he suddenly gets into an accident that separates his soul from his body and is transported to the You Seminar, a center in which souls develop and gain passions before being transported to a newborn child. Joe must enlist help from the other souls-in-training, like 22, a soul who has spent eons in the You Seminar, in order to get back to Earth.",/hm58Jw4Lw8OIeECIq5qyPYhAeRJ.jpg,Happy
406997,tt2543472,Wonder,2017,8.2,"Drama, Family","The story of August Pullman – a boy with facial differences – who enters fifth grade, attending a mainstream elementary school for the first time.",/ouYgAatYH4JzIThj6FI3UYf31RI.jpg,Happy
901,tt0021749,City Lights,1931,8.3,"Comedy, Drama, Romance","In this sound-era silent film, a tramp falls in love with a beautiful blind flower seller.",/bXNvzjULc9jrOVhGfjcc64uKZmZ.jpg,Happy
10681,tt0910970,WALL·E,2008,8.1,"Animation, Family, Science Fiction","What if mankind had to leave Earth and somebody forgot to turn the last robot off? After hundreds of years doing what he was built for, WALL•E discovers a new purpose in life when he meets a sleek search robot named EVE. EVE comes to realize that WALL•E has inadvertently stumbled upon the key to the planet's future, and races back to space to report to the humans. Meanwhile, WALL•E chases EVE across the galaxy and sets into motion one of the most imaginative adventures ever brought to the big screen.",/hbhFnRzzg6ZDmm8YAmxBnQpQIPh.jpg,Happy
100,tt0120735,"Lock, Stock and Two Smoking Barrels",1998,8.1,"Comedy, Crime",A card shark and his unwillingly-enlisted friends need to make a lot of cash quick after losing a sketchy poker match. To do this they decide to pull a heist on a small-time gang who happen to be operating out of the flat next door.,/8kSerJrhrJWKLk1LViesGcnrUPE.jpg,Happy
935,tt0057012,Dr. Strangelove or: How I Learned to Stop Worrying and Love the Bomb,1964,8.1,"Comedy, Drama, War","After the insane General Jack D. Ripper initiates a nuclear strike on the Soviet Union, a war room full of politicians, generals and a Russian diplomat all frantically try to stop the nuclear strike.",/gHm96BRW4GoI339rF1vYoYTB6Qe.jpg,Happy
120467,tt2278388,The Grand Budapest Hotel,2014,8.0,"Comedy, Drama","The Grand Budapest Hotel tells of a legendary concierge at a famous European hotel between the wars and his friendship with a young employee who becomes his trusted protégé. The story involves the theft and recovery of a priceless Renaissance painting, the battle for an enormous family fortune and the slow and then sudden upheavals that transformed Europe during the first half of the 20th century.",/eWdyYQreja6JGCzqHWXpWHDrrPo.jpg,Happy
106646,tt0993846,The Wolf of Wall Street,2013,8.0,"Comedy, Crime, Drama","A New York stockbroker refuses to cooperate in a large securities fraud case involving corruption on Wall Street, corporate banking world and mob infiltration. Based on Jordan Belfort's autobiography.",/34m2tygAYBGqA9MXKhRDtzYd4MR.jpg,Happy
872,tt0045152,Singin' in the Rain,1952,8.2,"Comedy, Romance","In 1927 Hollywood, a silent film production company and cast make a difficult transition to sound.",/w03EiJVHP8Un77boQeE7hg9DVdU.jpg,Happy
337404,tt3228774,Cruella,2021,8.1,"Comedy, Crime","In 1970s London amidst the punk rock revolution, a young grifter named Estella is determined to make a name for herself with her designs. She befriends a pair of young thieves who appreciate her appetite for mischief, and together they are able to build a life for themselves on the London streets. One day, Estella’s flair for fashion catches the eye of the Baroness von Hellman, a fashion legend who is devastatingly chic and terrifyingly haute. But their relationship sets in motion a course of events and revelations that will cause Estella to embrace her wicked side and become the raucous, fashionable and revenge-bent Cruella.",/wToO8opxkGwKgSfJ1JK8tGvkG6U.jpg,Happy
284,tt0053604,The Apartment,1960,8.2,"Comedy, Drama, Romance","Bud Baxter is a minor clerk in a huge New York insurance company, until he discovers a quick way to climb the corporate ladder. He lends out his apartment to the executives as a place to take their mistresses. Although he often has to deal with the aftermath of their visits, one night he's left with a major problem to solve.",/hhSRt1KKfRT0yEhEtRW3qp31JFU.jpg,Happy
555604,tt1488589,Guillermo del Toro's Pinocchio,2022,8.2,"Animation, Drama, Fantasy, Music","During the rise of fascism in Mussolini's Italy, a wooden boy brought magically to life struggles to live up to his father's expectations.",/vx1u0uwxdlhV2MUzj4VlcMB0N6m.jpg,Happy
515001,tt2584384,Jojo Rabbit,2019,8.0,"Comedy, Drama, War","A World War II satire that follows a lonely German boy whose world view is turned upside down when he discovers his single mother is hiding a young Jewish girl in their attic. Aided only by his idiotic imaginary friend, Adolf Hitler, Jojo must confront his blind nationalism.",/7GsM4mtM0worCtIVeiQt28HieeN.jpg,Happy
424694,tt1727824,Bohemian Rhapsody,2018,8.0,"Drama, History, Music","Singer Freddie Mercury, guitarist Brian May, drummer Roger Taylor and bass guitarist John Deacon take the music world by storm when they form the rock 'n' roll band Queen in 1970. Hit songs become instant classics. When Mercury's increasingly wild lifestyle starts to spiral out of control, Queen soon faces its greatest challenge yet – finding a way to keep the band together amid the success and excess.",/lHu1wtNaczFPGFDTrjCSzeLPTKN.jpg,Happy
239,tt0053291,Some Like It Hot,1959,8.1,"Comedy, Crime, Romance","Two musicians witness a mob hit and struggle to find a way out of the city before they are found by the gangsters. Their only opportunity is to join an all-girl band as they leave on a tour. To make their getaway they must first disguise themselves as women, then keep their identities secret and deal with the problems this brings - such as an attractive bandmate and a very determined suitor.",/hVIKyTK13AvOGv7ICmJjK44DTzp.jpg,Happy
449176,tt5164432,"Love, Simon",2018,8.0,"Comedy, Drama, Romance",Everyone deserves a great love story. But for seventeen-year old Simon Spier it's a little more complicated: he's yet to tell his family or friends he's gay and he doesn't know the identity of the anonymous classmate he's fallen for online.,/5YUYg5q7QfC4IoNwNUtiwdiYKPr.jpg,Happy
10098,tt0012349,The Kid,1921,8.2,"Comedy, Drama",A tramp cares for a boy after he's abandoned as a newborn by his mother. Later the mother has a change of heart and aches to be reunited with her son.,/drgMcyTsySQBnUPGaBThCHGdlWT.jpg,Happy
400928,tt4481414,Gifted,2017,8.0,"Comedy, Drama","Frank, a single man raising his child prodigy niece Mary, is drawn into a custody battle with his mother.",/7YB2YrMwIm1g8FyZtlvmVDfRnAT.jpg,Happy
862,tt0114709,Toy Story,1995,8.0,"Adventure, Animation, Comedy, Family","Led by Woody, Andy's toys live happily in his room until Andy's birthday brings Buzz Lightyear onto the scene. Afraid of losing his place in Andy's heart, Woody plots against Buzz. But when circumstances separate Buzz and Woody from their owner, the duo eventually learns to put aside their differences.",/uXDfjJbdP4ijW5hWSBrPrlKpxab.jpg,Happy
618344,tt11079148,Justice League Dark: Apokolips War,2020,8.3,"Action, Animation, Science Fiction","Earth is decimated after intergalactic tyrant Darkseid has devastated the Justice League in a poorly executed war by the DC Super Heroes. Now the remaining bastions of good – the Justice League, Teen Titans, Suicide Squad and assorted others – must regroup, strategize and take the war to Darkseid in order to save the planet and its surviving inhabitants.",/c01Y4suApJ1Wic2xLmaq1QYcfoZ.jpg,Happy
606856,tt5116302,Togo,2019,8.2,"Adventure, Family","The untold true story set in the winter of 1925 that takes you across the treacherous terrain of the Alaskan tundra for an exhilarating and uplifting adventure that will test the strength, courage and determination of one man, Leonhard Seppala, and his lead sled dog, Togo.",/921q4gPNN4J6UxvKaw6SCNBe3F8.jpg,Happy
28178,tt1028532,Hachi: A Dog's Tale,2009,8.0,"Drama, Family",A drama based on the true story of a college professor's bond with the abandoned dog he takes into his home.,/lsy3aEsEfYIHdLRk4dontZ4s85h.jpg,Happy
14160,tt1049413,Up,2009,7.9,"Adventure, Animation, Comedy, Family","Carl Fredricksen spent his entire life dreaming of exploring the globe and experiencing life to its fullest. But at age 78, life seems to have passed him by, until a twist of fate (and a persistent 8-year old Wilderness Explorer named Russell) gives him a new lease on life.",/vpbaStTMt8qqXaEgnOR2EE4DNJk.jpg,Happy
279,tt0086879,Amadeus,1984,8.0,"Drama, History, Music","Wolfgang Amadeus Mozart is a remarkably talented young Viennese composer who unwittingly finds a fierce rival in the disciplined and determined Antonio Salieri. Resenting Mozart for both his hedonistic lifestyle and his undeniable talent, the highly religious Salieri is gradually consumed by his jealousy and becomes obsessed with Mozart's downfall, leading to a devious scheme that has dire consequences for both men.",/1n5VUlCqgmVax1adxGZm8oCFaKc.jpg,Happy
164558,tt2515086,One Direction: This Is Us,2013,8.3,"Documentary, Music","""One Direction: This Is Us"" is a captivating and intimate all-access look at life on the road for the global music phenomenon. Weaved with stunning live concert footage, this inspiring feature film tells the remarkable story of Niall, Zayn, Liam, Harry and Louis's really like to be One Direction.",/cxIoYa7uboxiDvWGxdad6fvgpcH.jpg,Happy
150540,tt2096673,Inside Out,2015,7.9,"Adventure, Animation, Comedy, Drama, Family","Growing up can be a bumpy road, and it's no exception for Riley, who is uprooted from her Midwest life when her father starts a new job in San Francisco. Riley's guiding emotions— Joy, Fear, Anger, Disgust and Sadness—live in Headquarters, the control centre inside Riley's mind, where they help advise her through everyday life and tries to keep things positive, but the emotions conflict on how best to navigate a new city, house and school.",/2H1TmgdfNtsKlU9jKdeNyYL5y8T.jpg,Happy
522924,tt1478839,The Art of Racing in the Rain,2019,8.2,"Comedy, Drama, Family, Romance","A family dog – with a near-human soul and a philosopher's mind – evaluates his life through the lessons learned by his human owner, a race-car driver.",/mi5VN4ww0JZgRFJIaPxxTGKjUg7.jpg,Happy
399106,tt5613056,Piper,2016,8.2,"Animation, Family","A mother bird tries to teach her little one how to find food by herself. In the process, she encounters a traumatic experience that she must overcome in order to survive.",/rfEkkVzmrMYqGezNLl02mVyJCP2.jpg,Happy
313369,tt3783958,La La Land,2016,7.9,"Comedy, Drama, Music, Romance","Mia, an aspiring actress, serves lattes to movie stars in between auditions and Sebastian, a jazz musician, scrapes by playing cocktail party gigs in dingy bars, but as success mounts they are faced with decisions that begin to fray the fragile fabric of their love affair, and the dreams they worked so hard to maintain in each other threaten to rip them apart.",/uDO8zWDhfWwoFdKS4fzkUJt0Rf0.jpg,Happy
630566,tt6473066,Clouds,2020,8.3,"Drama, Music, Romance","Young musician Zach Sobiech discovers his cancer has spread, leaving him just a few months to live. With limited time, he follows his dream and makes an album, unaware that it will soon be a viral music phenomenon.",/d0OdD1I8qAfETvE9Rp9Voq7R8LR.jpg,Happy
10674,tt0120762,Mulan,1998,7.9,"Adventure, Animation, Family","To save her father from certain death in the army, a young woman secretly enlists in his place and becomes one of China's greatest heroines in the process.",/5TYgKxYhnhRNNwqnRAKHkgfqi2G.jpg,Happy
441130,tt5198068,Wolfwalkers,2020,8.2,"Adventure, Animation, Family, Fantasy","In a time of superstition and magic, when wolves are seen as demonic and nature an evil to be tamed, a young apprentice hunter comes to Ireland with her father to wipe out the last pack. But when she saves a wild native girl, their friendship leads her to discover the world of the Wolfwalkers and transform her into the very thing her father is tasked to destroy.",/ehAKuE48okTuonq6TpsNQj8vFTC.jpg,Happy
339877,tt3262342,Loving Vincent,2017,8.0,"Animation, Drama, History, Mystery",A young man arrives at the last hometown of painter Vincent van Gogh to deliver the troubled artist's final letter and ends up investigating his final days there.,/56sq57kDm7XgyXBYrgJLumo0Jac.jpg,Happy
9277,tt0070735,The Sting,1973,8.0,"Comedy, Crime, Drama",A novice con man teams up with an acknowledged master to avenge the murder of a mutual friend by pulling off the ultimate big con and swindling a fortune from a big-time mobster.,/4VdQopZb0lx13Me3yxE5rUXMGCI.jpg,Happy
10386,tt0129167,The Iron Giant,1999,7.9,"Animation, Drama, Family, Science Fiction","In the small town of Rockwell, Maine in October 1957, a giant metal machine befriends a nine-year-old boy and ultimately finds its humanity by unselfishly saving people from their own fears and prejudices.",/mThOw5rXLtdbY3WmuTsS9zsQBMG.jpg,Happy
664767,tt9580138,Mortal Kombat Legends: Scorpion's Revenge,2020,8.1,"Action, Animation, Fantasy","After the vicious slaughter of his family by stone-cold mercenary Sub-Zero, Hanzo Hasashi is exiled to the torturous Netherrealm. There, in exchange for his servitude to the sinister Quan Chi, he’s given a chance to avenge his family – and is resurrected as Scorpion, a lost soul bent on revenge. Back on Earthrealm, Lord Raiden gathers a team of elite warriors – Shaolin monk Liu Kang, Special Forces officer Sonya Blade and action star Johnny Cage – an unlikely band of heroes with one chance to save humanity. To do this, they must defeat Shang Tsung’s horde of Outworld gladiators and reign over the Mortal Kombat tournament.",/4VlXER3FImHeFuUjBShFamhIp9M.jpg,Happy
527774,tt5109280,Raya and the Last Dragon,2021,7.9,"Action, Adventure, Animation, Family, Fantasy","Long ago, in the fantasy world of Kumandra, humans and dragons lived together in harmony. But when an evil force threatened the land, the dragons sacrificed themselves to save humanity. Now, 500 years later, that same evil has returned and it’s up to a lone warrior, Raya, to track down the legendary last dragon to restore the fractured land and its divided people.",/lPsD10PP4rgUGiGR4CCXA6iY0QQ.jpg,Happy
438695,tt6467266,Sing 2,2021,7.9,"Animation, Family","Buster and his new cast now have their sights set on debuting a new show at the Crystal Tower Theater in glamorous Redshore City. But with no connections, he and his singers must sneak into the Crystal Entertainment offices, run by the ruthless wolf mogul Jimmy Crystal, where the gang pitches the ridiculous idea of casting the lion rock legend Clay Calloway in their show. Buster must embark on a quest to find the now-isolated Clay and persuade him to return to the stage.",/aWeKITRFbbwY8txG5uCj4rMCfSP.jpg,Happy
508943,tt12801262,Luca,2021,7.9,"Adventure, Animation, Comedy, Family, Fantasy",Luca and his best friend Alberto experience an unforgettable summer on the Italian Riviera. But all the fun is threatened by a deeply-held secret: they are sea monsters from another world just below the water’s surface.,/8tABCBpzu3mZbzMB3sRzMEHEvJi.jpg,Happy
585,tt0198781,"Monsters, Inc.",2001,7.8,"Animation, Comedy, Family","Lovable Sulley and his wisecracking sidekick Mike Wazowski are the top scare team at Monsters, Inc., the scream-processing factory in Monstropolis. When a little girl named Boo wanders into their world, it's the monsters who are scared silly, and it's up to Sulley and Mike to keep her out of sight and get her back home.",/sgheSKxZkttIe8ONsf2sWXPgip3.jpg,Happy
546554,tt8946378,Knives Out,2019,7.8,"Comedy, Crime, Mystery","When renowned crime novelist Harlan Thrombey is found dead at his estate just after his 85th birthday, the inquisitive and debonair Detective Benoit Blanc is mysteriously enlisted to investigate. From Harlan's dysfunctional family to his devoted staff, Blanc sifts through a web of red herrings and self-serving lies to uncover the truth behind Harlan's untimely death.",/pThyQovXQrw2m0s9x82twj48Jq4.jpg,Happy
115,tt0118715,The Big Lebowski,1998,7.8,"Comedy, Crime","Jeffrey 'The Dude' Lebowski, a Los Angeles slacker who only wants to bowl and drink White Russians, is mistaken for another Jeffrey Lebowski, a wheelchair-bound millionaire, and finds himself dragged into a strange series of events involving nihilists, adult film producers, ferrets, errant toes, and large sums of money.",/3bv6WAp6BSxxYvB5ozKFUYuRA8C.jpg,Happy
12,tt0266543,Finding Nemo,2003,7.8,"Animation, Family","Nemo, an adventurous young clownfish, is unexpectedly taken from his Great Barrier Reef home to a dentist's office aquarium. It's up to his worrisome father Marlin and a friendly but forgetful fish Dory to bring Nemo home -- meeting vegetarian sharks, surfer dude turtles, hypnotic jellyfish, hungry seagulls, and more along the way.",/ggQ6o8X5984OCh3kZi2UIJQJY5y.jpg,Happy
14836,tt0327597,Coraline,2009,7.9,"Animation, Family, Fantasy","A young girl discovers an idealized parallel universe behind a secret door in her new home, unaware that it contains a sinister secret.",/4jeFXQYytChdZYE9JYO7Un87IlW.jpg,Happy
9479,tt0107688,The Nightmare Before Christmas,1993,7.8,"Animation, Family, Fantasy","Tired of scaring humans every October 31 with the same old bag of tricks, Jack Skellington, the spindly king of Halloween Town, kidnaps Santa Claus and plans to deliver shrunken heads and other ghoulish gifts to children on Christmas morning. But as Christmas approaches, Jack's rag-doll girlfriend, Sally, tries to foil his misguided plans.",/oQffRNjK8e19rF7xVYEN8ew0j7b.jpg,Happy
501929,tt7979580,The Mitchells vs. the Machines,2021,7.9,"Adventure, Animation, Comedy","A quirky, dysfunctional family's road trip is upended when they find themselves in the middle of the robot apocalypse and suddenly become humanity's unlikeliest last hope.",/mI2Di7HmskQQ34kz0iau6J1vr70.jpg,Happy
2062,tt0382932,Ratatouille,2007,7.8,"Animation, Comedy, Family, Fantasy","Remy, a resident of Paris, appreciates good food and has quite a sophisticated palate. He would love to become a chef so he can create and enjoy culinary masterpieces to his heart's delight. The only problem is, Remy is a rat. When he winds up in the sewer beneath one of Paris' finest restaurants, the rodent gourmet finds himself ideally placed to realize his dream.",/t3vaWRPSf6WjDSamIkKDs1iQWna.jpg,Happy
10191,tt0892769,How to Train Your Dragon,2010,7.8,"Adventure, Animation, Family, Fantasy","As the son of a Viking leader on the cusp of manhood, shy Hiccup Horrendous Haddock III faces a rite of passage: he must kill a dragon to prove his warrior mettle. But after downing a feared dragon, he realizes that he no longer wants to destroy it, and instead befriends the beast – which he names Toothless – much to the chagrin of his warrior father.",/ygGmAO60t8GyqUo9xYeYxSZAR3b.jpg,Happy
200727,tt1638002,"Love, Rosie",2014,7.8,"Comedy, Drama, Romance","Since the moment they met at age 5, Rosie and Alex have been best friends, facing the highs and lows of growing up side by side. A fleeting shared moment, one missed opportunity, and the decisions that follow send their lives in completely different directions. As each navigates the complexities of life, love, and everything in between, they always find their way back to each other - but is it just friendship, or something more?",/rpD0t7DhzJVadnzgxSYrqljQTL2.jpg,Happy
399174,tt5104604,Isle of Dogs,2018,7.9,"Adventure, Animation, Comedy","In the future, an outbreak of canine flu leads the mayor of a Japanese city to banish all dogs to an island used as a garbage dump. The outcasts must soon embark on an epic journey when a 12-year-old boy arrives on the island to find his beloved pet.",/c0nUX6Q1ZB0P2t1Jo6EeFSVnOGQ.jpg,Happy
776503,tt10366460,CODA,2021,8.0,"Drama, Music, Romance","As a CODA (Child of Deaf Adults), Ruby is the only hearing person in her deaf family. When the family's fishing business is threatened, Ruby finds herself torn between pursuing her love of music and her fear of abandoning her parents.",/BzVjmm8l23rPsijLiNLUzuQtyd.jpg,Happy
3034,tt0072431,Young Frankenstein,1974,7.9,Comedy,"A young neurosurgeon inherits the castle of his grandfather, the famous Dr. Victor von Frankenstein. In the castle he finds a funny hunchback, a pretty lab assistant and the elderly housekeeper. Young Frankenstein believes that the work of his grandfather was delusional, but when he discovers the book where the mad doctor described his reanimation experiment, he suddenly changes his mind.",/c6335WJCZO8NK5wehHk5sA9Cypv.jpg,Happy
140420,tt2388725,Paperman,2012,8.0,"Animation, Family, Romance",An urban office worker finds that paper airplanes are instrumental in meeting a girl in ways he never expected.,/6MXYNvGmI63W8fI3HKlcZzEy1U5.jpg,Happy
10193,tt0435761,Toy Story 3,2010,7.8,"Animation, Comedy, Family","Woody, Buzz, and the rest of Andy's toys haven't been played with in years. With Andy about to go to college, the gang find themselves accidentally left at a nefarious day care center. The toys must band together to escape and return home to Andy.",/AbbXspMOwdvwWZgVN0nabZq03Ec.jpg,Happy
537061,tt10515852,Steven Universe: The Movie,2019,8.3,"Action, Adventure, Animation, Comedy, Drama, Fantasy, Music, Science Fiction, TV Movie","Two years after bringing peace to the galaxy, Steven Universe sees his past come back to haunt him in the form of a deranged Gem who wants to destroy the Earth.",/8mRgpubxHqnqvENK4Bei30xMDvy.jpg,Happy
962,tt0015864,The Gold Rush,1925,8.0,"Adventure, Comedy, Drama",A gold prospector in Alaska struggles to survive the elements and win the heart of a dance hall girl.,/eQRFo1qwRREYwj47Yoe1PisgOle.jpg,Happy
522518,tt8385474,A Dog's Journey,2019,8.0,"Adventure, Drama, Family",A dog finds the meaning of his own existence through the lives of the humans he meets.,/wquJChp0NpoqthYdE3YjXNNxvVC.jpg,Happy
107,tt0208092,Snatch,2000,7.8,"Comedy, Crime","Unscrupulous boxing promoters, violent bookmakers, a Russian gangster, incompetent amateur robbers and supposedly Jewish jewelers fight to track down a priceless stolen diamond.",/56mOJth6DJ6JhgoE2jtpilVqJO.jpg,Happy
482321,tt7504818,Ron's Gone Wrong,2021,8.0,"Animation, Comedy, Family, Science Fiction","In a world where walking, talking, digitally connected bots have become children's best friends, an 11-year-old finds that his robot buddy doesn't quite work the same as the others do.",/2gq9sEE2iDRqKx8OiZP6mYSTq4.jpg,Happy
762,tt0071853,Monty Python and the Holy Grail,1975,7.8,"Adventure, Comedy, Fantasy","King Arthur, accompanied by his squire, recruits his Knights of the Round Table, including Sir Bedevere the Wise, Sir Lancelot the Brave, Sir Robin the Not-Quite-So-Brave-As-Sir-Lancelot and Sir Galahad the Pure. On the way, Arthur battles the Black Knight who, despite having had all his limbs chopped off, insists he can still fight. They reach Camelot, but Arthur decides not  to enter, as ""it is a silly place"".",/hWx1ANiWEWWyzKPN0us35HCGnhQ.jpg,Happy
269149,tt2948356,Zootopia,2016,7.7,"Adventure, Animation, Comedy, Family","Determined to prove herself, Officer Judy Hopps, the first bunny on Zootopia's police force, jumps at the chance to crack her first case - even if it means partnering with scam-artist fox Nick Wilde to solve the mystery.",/hlK0e0wAQ3VLuJcsfIYPvb4JVud.jpg,Happy
165,tt0096874,Back to the Future Part II,1989,7.8,"Adventure, Comedy, Science Fiction","Marty and Doc are at it again in this wacky sequel to the 1985 blockbuster as the time-traveling duo head to 2015 to nip some McFly family woes in the bud. But things go awry thanks to bully Biff Tannen and a pesky sports almanac. In a last-ditch attempt to set things straight, Marty finds himself bound for 1955 and face to face with his teenage parents -- again.",/hQq8xZe5uLjFzSBt4LanNP7SQjl.jpg,Happy
502356,tt6718170,The Super Mario Bros. Movie,2023,7.8,"Adventure, Animation, Comedy, Family, Fantasy","While working underground to fix a water main, Brooklyn plumbers—and brothers—Mario and Luigi are transported down a mysterious pipe and wander into a magical new world. But when the brothers are separated, Mario embarks on an epic quest to find Luigi.",/qNBAXBIQlnOThrVvA6mA2B5ggV6.jpg,Happy
110416,tt1865505,Song of the Sea,2014,8.0,"Animation, Family, Fantasy","The story of the last Seal Child’s journey home. After their mother’s disappearance, Ben and Saoirse are sent to live with Granny in the city. When they resolve to return to their home by the sea, their journey becomes a race against time as they are drawn into a world Ben knows only from his mother’s folktales. But this is no bedtime story; these fairy folk have been in our world far too long. It soon becomes clear to Ben that Saoirse is the key to their survival.",/3DBX7QOEzWPNcDhqXInk6GBEvhK.jpg,Happy
12104,tt0084503,Pink Floyd: The Wall,1982,8.0,"Drama, Music",A troubled rock star descends into madness in the midst of his physical and social isolation from everyone.,/aElHyIdF5jmctFGhlhhaPFsbBJC.jpg,Happy
930094,tt10172266,"Red, White & Royal Blue",2023,8.2,"Comedy, Romance","After an altercation between Alex, the president's son, and Britain's Prince Henry at a royal event becomes tabloid fodder, their long-running feud now threatens to drive a wedge in U.S./British relations. When the rivals are forced into a staged truce, their icy relationship begins to thaw and the friction between them sparks something deeper than they ever expected.",/uffOY4W354o9RTRmercFyVvl56Z.jpg,Happy
177572,tt2245084,Big Hero 6,2014,7.7,"Action, Adventure, Animation, Comedy, Family","A special bond develops between plus-sized inflatable robot Baymax, and prodigy Hiro Hamada, who team up with a group of friends to form a band of high-tech heroes.",/2mxS4wUimwlLmI1xp6QW6NSU361.jpg,Happy
369557,tt3544112,Sing Street,2016,7.9,"Comedy, Drama, Music, Romance",A boy growing up in Dublin during the 1980s escapes his strained family life by starting a band to impress the mysterious girl he likes.,/sUWpVlrvzU2SJbnVZqIeKulPKwk.jpg,Happy
808,tt0126029,Shrek,2001,7.7,"Adventure, Animation, Comedy, Family, Fantasy","It ain't easy bein' green -- especially if you're a likable (albeit smelly) ogre named Shrek. On a mission to retrieve a gorgeous princess from the clutches of a fire-breathing dragon, Shrek teams up with an unlikely compatriot -- a wisecracking donkey.",/dyhaB19AICF7TO7CK2aD6KfymnQ.jpg,Happy
10315,tt0432283,Fantastic Mr. Fox,2009,7.8,"Adventure, Animation, Comedy, Family","The Fantastic Mr. Fox, bored with his current life, plans a heist against the three local farmers. The farmers, tired of sharing their chickens with the sly fox, seek revenge against him and his family.",/njbTizADSZg4PqeyJdDzZGooikv.jpg,Happy
2108,tt0088847,The Breakfast Club,1985,7.8,"Comedy, Drama","Five high school students from different walks of life endure a Saturday detention under a power-hungry principal. The disparate group includes rebel John, princess Claire, outcast Allison, brainy Brian and Andrew, the jock. Each has a chance to tell his or her story, making the others see them a little differently -- and when the day ends, they question whether school will ever be the same.",/9nai8pRm4Ja0O265Qp6UyqXlLQ8.jpg,Happy
20334,tt0033045,The Shop Around the Corner,1940,8.3,"Comedy, Drama, Romance","Two employees at a gift shop can barely stand one another, without realising that they are falling in love through the post as each other's anonymous pen pal.",/dZ1aEzGYRiqJwPfjS6VL7wUkHmF.jpg,Happy
183011,tt2820466,Justice League: The Flashpoint Paradox,2013,7.9,"Action, Adventure, Animation, Science Fiction",The Flash finds himself in a war-torn alternate timeline and teams up with alternate versions of his fellow heroes to restore the timeline.,/ek9SvmkUfh5QwRGIfK0il4Dfnpe.jpg,Happy
166428,tt2386490,How to Train Your Dragon: The Hidden World,2019,7.8,"Adventure, Animation, Family","As Hiccup fulfills his dream of creating a peaceful dragon utopia, Toothless’ discovery of an untamed, elusive mate draws the Night Fury away. When danger mounts at home and Hiccup’s reign as village chief is tested, both dragon and rider must make impossible decisions to save their kind.",/xvx4Yhf0DVH8G4LzNISpMfFBDy2.jpg,Happy
10020,tt0101414,Beauty and the Beast,1991,7.7,"Animation, Family, Fantasy, Romance","Follow the adventures of Belle, a bright young woman who finds herself in the castle of a prince who's been turned into a mysterious beast. With the help of the castle's enchanted staff, Belle soon learns the most important lesson of all -- that true beauty comes from within.",/hUJ0UvQ5tgE2Z9WpfuduVSdiCiU.jpg,Happy
491480,tt7533152,The Boy Who Harnessed the Wind,2019,7.9,"Drama, Family, History","Against all the odds, a thirteen year old boy in Malawi invents an unconventional way to save his family and village from famine.",/yOr7RxHw15MMXNxGMXSmngDqHyI.jpg,Happy
804,tt0046250,Roman Holiday,1953,7.9,"Comedy, Drama, Romance","Overwhelmed by her suffocating schedule, touring European princess Ann takes off for a night while in Rome. When a sedative she took from her doctor kicks in, however, she falls asleep on a park bench and is found by an American reporter, Joe Bradley, who takes her back to his apartment for safety. At work the next morning, Joe finds out Ann's regal identity and bets his editor he can get exclusive interview with her, but romance soon gets in the way.",/8lI9dmz1RH20FAqltkGelY1v4BE.jpg,Happy
277216,tt1398426,Straight Outta Compton,2015,7.8,"Drama, History, Music","In 1987, five young men, using brutally honest rhymes and hardcore beats, put their frustration and anger about life in the most dangerous place in America into the most powerful weapon they had: their music.  Taking us back to where it all began, Straight Outta Compton tells the true story of how these cultural rebels—armed only with their lyrics, swagger, bravado and raw talent—stood up to the authorities that meant to keep them down and formed the world’s most dangerous group, N.W.A.  And as they spoke the truth that no one had before and exposed life in the hood, their voice ignited a social revolution that is still reverberating today.",/9B63hMwU6iICtNDTISCaZQ5US7R.jpg,Happy
9806,tt0317705,The Incredibles,2004,7.7,"Action, Adventure, Animation, Family","Bob Parr has given up his superhero days to log in time as an insurance adjuster and raise his three children with his formerly heroic wife in suburbia. But when he receives a mysterious assignment, it's time to get back into costume.",/2LqaLgk4Z226KkgPJuiOQ58wvrm.jpg,Happy
638507,tt11112140,How to Train Your Dragon: Homecoming,2019,8.1,"Action, Adventure, Animation, Family, Fantasy","It's been ten years since the dragons moved to the Hidden World, and even though Toothless doesn't live in New Berk anymore, Hiccup continues the holiday traditions he once shared with his best friend. But the Vikings of New Berk were beginning to forget about their friendship with dragons. Hiccup, Astrid, and Gobber know just what to do to keep the dragons in the villagers' hearts. And across the sea, the dragons have a plan of their own...",/kXj2Qrfm994yLeuADqbOieU1mUH.jpg,Happy
992,tt0015324,Sherlock Jr.,1924,8.1,"Action, Comedy, Mystery","A film projectionist longs to be a detective, and puts his meagre skills to work when he is framed by a rival for stealing his girlfriend's father's pocketwatch.",/1G9r3rqtbFAQuyWKOZm4Y5J5s7Q.jpg,Happy
24238,tt0978762,Mary and Max,2009,7.9,"Animation, Comedy, Drama","A tale of friendship between two unlikely pen pals: Mary, a lonely, eight-year-old girl living in the suburbs of Melbourne, and Max, a forty-four-year old, severely obese man living in New York.",/6dxpRwrMIYoB9LeQqCulQSleFMD.jpg,Happy
142061,tt2166834,"Batman: The Dark Knight Returns, Part 2",2013,7.9,"Action, Animation, Mystery, Science Fiction",Batman has stopped the reign of terror that The Mutants had cast upon his city.  Now an old foe wants a reunion and the government wants The Man of Steel to put a stop to Batman.,/arEZYd6uMOFTILne9Ux0A8qctMe.jpg,Happy
508439,tt7146812,Onward,2020,7.7,"Adventure, Animation, Comedy, Family, Fantasy","In a suburban fantasy world, two teenage elf brothers embark on an extraordinary quest to discover if there is still a little magic left out there.",/f4aul3FyD3jv3v4bul1IrkWZvzq.jpg,Happy
583,tt0079470,Life of Brian,1979,7.8,Comedy,"Brian Cohen is an average young Jewish man, but through a series of ridiculous events, he gains a reputation as the Messiah. When he's not dodging his followers or being scolded by his shrill mother, the hapless Brian has to contend with the pompous Pontius Pilate and acronym-obsessed members of a separatist movement. Rife with Monty Python's signature absurdity, the tale finds Brian's life paralleling Biblical lore, albeit with many more laughs.",/lSSA64WF0M0BXnjwr2quMh6shCl.jpg,Happy
961,tt0017925,The General,1926,8.0,"Action, Adventure, Comedy, War","During America’s Civil War, Union spies steal engineer Johnny Gray's beloved locomotive, 'The General'—with Johnnie's lady love aboard an attached boxcar—and he single-handedly must do all in his power to both get The General back and to rescue Annabelle.",/4NmV1Wei4LxT2lpjViCAScgCZLq.jpg,Happy
550205,tt5562070,Wish Dragon,2021,8.0,"Animation, Comedy, Family, Fantasy",Determined teen Din is longing to reconnect with his childhood best friend when he meets a wish-granting dragon who shows him the magic of possibilities.,/lnPf6hzANL6pVQTxUlsNYSuhT5l.jpg,Happy
703,tt0075686,Annie Hall,1977,7.8,"Comedy, Drama, Romance",New York comedian Alvy Singer falls in love with the ditsy Annie Hall.,/dEtjPywhDbAXYjoFfhBC4U9unU7.jpg,Happy
404378,tt3606888,A Street Cat Named Bob,2016,7.9,"Drama, Family","James Bowen, a homeless busker and recovering drug addict, has his life transformed when he meets a stray ginger cat.",/nBYG0D2FcbL1m926sIj7RN4m0sb.jpg,Happy
455661,tt6969946,In a Heartbeat,2017,8.0,"Animation, Comedy, Family, Romance",A closeted boy runs the risk of being outed by his own heart after it pops out of his chest to chase down the boy of his dreams.,/wJUJROdLOtOzMixkjkx1aaZGSLl.jpg,Happy
525,tt0080455,The Blues Brothers,1980,7.7,"Action, Comedy, Crime, Music","Jake Blues, just released from prison, puts his old band back together to save the Catholic home where he and his brother Elwood were raised.",/3DiSrcYELCLkwnjl9EZp2pkKGep.jpg,Happy
82702,tt1646971,How to Train Your Dragon 2,2014,7.7,"Action, Adventure, Animation, Comedy, Family, Fantasy","Five years have passed since Hiccup and Toothless united the dragons and Vikings of Berk. Now, they spend their time charting unmapped territories. During one of their adventures, the pair discover a secret cave that houses hundreds of wild dragons -- and a mysterious dragon rider who turns out to be Hiccup's mother, Valka. Hiccup and Toothless then find themselves at the center of a battle to protect Berk from a power-hungry warrior named Drago.",/d13Uj86LdbDLrfDoHR5aDOFYyJC.jpg,Happy
705861,tt8009428,Hustle,2022,7.8,"Comedy, Drama","After discovering a once-in-a-lifetime player with a rocky past abroad, a down on his luck basketball scout takes it upon himself to bring the phenom to the States without his team's approval. Against the odds, they have one final shot to prove they have what it takes to make it in the NBA.",/xWic7kPq13oRxYjbGLApXCnc7pz.jpg,Happy
583083,tt9784456,The Kissing Booth 2,2020,7.7,"Comedy, Romance","With college decisions looming, Elle juggles her long-distance romance with Noah, changing relationship with bestie Lee and feelings for a new classmate.",/mb7wQv0adK3kjOUr9n93mANHhPJ.jpg,Happy
262,tt0085794,The King of Comedy,1982,7.8,"Comedy, Drama","Aspiring comic Rupert Pupkin attempts to achieve success in show business by stalking his idol, a late night talk-show host who craves his own privacy.",/3BM78deUfeZfShqPTblZuamgC8a.jpg,Happy
937278,tt7405458,A Man Called Otto,2022,7.8,"Comedy, Drama","When a lively young family moves in next door, grumpy widower Otto Anderson meets his match in a quick-witted, pregnant woman named Marisol, leading to an unlikely friendship that turns his world upside down.",/130H1gap9lFfiTF9iDrqNIkFvC9.jpg,Happy
83666,tt1748122,Moonrise Kingdom,2012,7.7,"Comedy, Drama, Romance","Set on an island off the coast of New England in the summer of 1965, Moonrise Kingdom tells the story of two twelve-year-olds who fall in love, make a secret pact, and run away together into the wilderness. As various authorities try to hunt them down, a violent storm is brewing off-shore – and the peaceful island community is turned upside down in more ways than anyone can handle.",/xrziXRHRQ7c7YLIehgSJY8GQBsx.jpg,Happy
773,tt0449059,Little Miss Sunshine,2006,7.7,"Comedy, Drama","A family loaded with quirky, colorful characters piles into an old van and road trips to California for little Olive to compete in a beauty pageant.",/tFnTds88mCuLcLPBseK1kF2E3qv.jpg,Happy
976573,tt15789038,Elemental,2023,7.8,"Animation, Comedy, Family, Fantasy, Romance","In a city where fire, water, land and air residents live together, a fiery young woman and a go-with-the-flow guy will discover something elemental: how much they have in common.",/4Y1WNkd88JXmGfhtWR7dmDAo1T2.jpg,Happy
9023,tt0166813,Spirit: Stallion of the Cimarron,2002,7.7,"Adventure, Animation, Comedy, Drama, Family","As a wild stallion travels across the frontiers of the Old West, he befriends a young human and finds true love with a mare.",/cUgYrz4twiJ3QgVGpRfey984NIB.jpg,Happy
207703,tt2802144,Kingsman: The Secret Service,2014,7.6,"Action, Adventure, Comedy, Crime",The story of a super-secret spy organization that recruits an unrefined but promising street kid into the agency's ultra-competitive training program just as a global threat emerges from a twisted tech genius.,/ay7xwXn1G9fzX9TUBlkGA584rGi.jpg,Happy
812,tt0103639,Aladdin,1992,7.6,"Adventure, Animation, Family, Fantasy, Romance","Princess Jasmine grows tired of being forced to remain in the palace, so she sneaks out into the marketplace, in disguise, where she meets street urchin Aladdin. The couple falls in love, although Jasmine may only marry a prince. After being thrown in jail, Aladdin becomes embroiled in a plot to find a mysterious lamp, with which the evil Jafar hopes to rule the land.",/fhyun1mja3WwQsYr1a3x1x9BttP.jpg,Happy
522627,tt8367814,The Gentlemen,2020,7.7,"Comedy, Crime","American expat Mickey Pearson has built a highly profitable marijuana empire in London. When word gets out that he’s looking to cash out of the business forever it triggers plots, schemes, bribery and blackmail in an attempt to steal his domain out from under him.",/jtrhTYB7xSrJxR1vusu99nvnZ1g.jpg,Happy
92060,tt0088263,Michael Jackson's Thriller,1983,8.2,"Horror, Music",A night at the movies turns into a nightmare when Michael and his date are attacked by a horde of bloody-thirsty zombies.,/djv4LM6uanJriwpsOyJzaaSp4gf.jpg,Happy
585511,tt7214954,Luck,2022,7.8,"Adventure, Animation, Comedy, Fantasy","Suddenly finding herself in the never-before-seen Land of Luck, the unluckiest person in the world must unite with the magical creatures there to turn her luck around.",/1HOYvwGFioUFL58UVvDRG6beEDm.jpg,Happy
466282,tt3846674,To All the Boys I've Loved Before,2018,7.6,"Comedy, Romance",Lara Jean's love life goes from imaginary to out of control when her secret letters to every boy she's ever fallen for are mysteriously mailed out.,/hKHZhUbIyUAjcSrqJThFGYIR6kI.jpg,Happy
696,tt0079522,Manhattan,1979,7.8,"Comedy, Drama, Romance",Manhattan explores how the life of a middle-aged television writer dating a teenage girl is further complicated when he falls in love with his best friend's mistress.,/k4eT3EvfxW1L9Wmt04UqJqCvCR6.jpg,Happy
2493,tt0093779,The Princess Bride,1987,7.7,"Adventure, Comedy, Family, Fantasy, Romance","In this enchantingly cracked fairy tale, the beautiful Princess Buttercup and the dashing Westley must overcome staggering odds to find happiness amid six-fingered swordsmen, murderous princes, Sicilians and rodents of unusual size. But even death can't stop these true lovebirds from triumphing.",/dvjqlp2sAhUeFjUOfQDgqwpphHj.jpg,Happy
502033,tt5363618,Sound of Metal,2020,7.7,"Drama, Music","Metal drummer Ruben begins to lose his hearing. When a doctor tells him his condition will worsen, he thinks his career and life is over. His girlfriend Lou checks the former addict into a rehab for the deaf hoping it will prevent a relapse and help him adapt to his new life. After being welcomed and accepted just as he is, Ruben must choose between his new normal and the life he once knew.",/3178oOJKKPDeQ2legWQvMPpllv.jpg,Happy
293660,tt1431045,Deadpool,2016,7.6,"Action, Adventure, Comedy","The origin story of former Special Forces operative turned mercenary Wade Wilson, who, after being subjected to a rogue experiment that leaves him with accelerated healing powers, adopts the alter ego Deadpool. Armed with his new abilities and a dark, twisted sense of humor, Deadpool hunts down the man who nearly destroyed his life.",/zq8Cl3PNIDGU3iWNRoc5nEZ6pCe.jpg,Happy
568124,tt2953050,Encanto,2021,7.6,"Animation, Comedy, Family, Fantasy","The tale of an extraordinary family, the Madrigals, who live hidden in the mountains of Colombia, in a magical house, in a vibrant town, in a wondrous, charmed place called an Encanto. The magic of the Encanto has blessed every child in the family—every child except one, Mirabel. But when she discovers that the magic surrounding the Encanto is in danger, Mirabel decides that she, the only ordinary Madrigal, might just be her exceptional family's last hope.",/4j0PNHkMr5ax3IA8tjtxcmPU3QT.jpg,Happy
164,tt0054698,Breakfast at Tiffany's,1961,7.7,"Comedy, Drama, Romance","Holly Golightly is an eccentric New York City playgirl determined to marry a Brazilian millionaire. But when young writer Paul Varjak moves into her apartment building, her past threatens to get in their way.",/79xm4gXw4l7A5D0XukUOJRocFYQ.jpg,Happy
15121,tt0059742,The Sound of Music,1965,7.7,"Drama, Family, Music, Romance","In the years before the Second World War, a tomboyish postulant at an Austrian abbey is hired as a governess in the home of a widowed naval captain with seven children, and brings a new love of life and music into the home.",/pDuoh2fKuacDXYtpREJysMOzQmS.jpg,Happy
995133,tt22667880,"The Boy, the Mole, the Fox and the Horse",2022,8.4,"Adventure, Animation, Family, Fantasy","The unlikely friendship of a boy, a mole, a fox and a horse traveling together in the boy’s search for home.",/oQRgyQCzcyZvE6w5heM9ktVY0LT.jpg,Happy
3078,tt0025316,It Happened One Night,1934,7.9,"Comedy, Romance","A renegade reporter and a young heiress meet on a bus heading for New York, and end up stuck with each other when the bus leaves them behind at one of the stops.",/2PNUGWAflH6UUumas0POMmokHlc.jpg,Happy
277834,tt3521164,Moana,2016,7.6,"Adventure, Animation, Comedy, Family","In Ancient Polynesia, when a terrible curse incurred by Maui reaches an impetuous Chieftain's daughter's island, she answers the Ocean's call to seek out the demigod to set things right.",/vNJFiwtsl7Twww7C0uM4qPnygNw.jpg,Happy
38757,tt0398286,Tangled,2010,7.6,"Animation, Family","When the kingdom's most wanted-and most charming-bandit Flynn Rider hides out in a mysterious tower, he's taken hostage by Rapunzel, a beautiful and feisty tower-bound teen with 70 feet of magical, golden hair. Flynn's curious captor, who's looking for her ticket out of the tower where she's been locked away for years, strikes a deal with the handsome thief and the unlikely duo sets off on an action-packed escapade, complete with a super-cop horse, an over-protective chameleon and a gruff gang of pub thugs.",/ym7Kst6a4uodryxqbGOxmewF235.jpg,Happy
68,tt0088846,Brazil,1985,7.7,"Comedy, Science Fiction","Low-level bureaucrat Sam Lowry escapes the monotony of his day-to-day life through a recurring daydream of himself as a virtuous hero saving a beautiful damsel. Investigating a case that led to the wrongful arrest and eventual death of an innocent man instead of wanted terrorist Harry Tuttle, he meets the woman from his daydream, and in trying to help her gets caught in a web of mistaken identities, mindless bureaucracy and lies.",/d0PibPzCK4fVikjoD1PqHovbvkt.jpg,Happy
863,tt0120363,Toy Story 2,1999,7.6,"Animation, Comedy, Family","Andy heads off to Cowboy Camp, leaving his toys to their own devices. Things shift into high gear when an obsessive toy collector named Al McWhiggen, owner of Al's Toy Barn kidnaps Woody. Andy's toys mount a daring rescue mission, Buzz Lightyear meets his match and Woody has to decide where he and his heart truly belong.",/2MFIhZAW0CVlEQrFyqwa4U6zqJP.jpg,Happy
137,tt0107048,Groundhog Day,1993,7.6,"Comedy, Drama, Fantasy, Romance","A narcissistic TV weatherman, along with his attractive-but-distant producer, and his mawkish cameraman, is sent to report on Groundhog Day in the small town of Punxsutawney, where he finds himself repeating the same day over and over.",/wIUz1J3RBBu88NAwTqLdHu4sGOP.jpg,Happy
28978,tt0018773,The Circus,1928,8.0,"Comedy, Romance","Charlie, a wandering tramp, becomes a circus handyman - soon the star of the show - and falls in love with the circus owner's stepdaughter.",/3FywbVq2qGqbYHPCy2NJcOf0gmp.jpg,Happy
9444,tt0118617,Anastasia,1997,7.6,"Adventure, Animation, Family, Fantasy","In this animated, optimistic retelling of one of the greatest myths in history, the evil wizard Rasputin puts a hex on the royal Romanovs and young Anastasia is lost when their palace is overrun. Ten years later, the Grand Duchess offers a reward for Anastasia's return. Two scheming Russians, planning to pawn off a phony, hold auditions and choose an orphan girl with a remarkable resemblance to the missing princess. They bring her to Paris for the reward, unaware she's the real Anastasia.",/3qbAX0cltrlbCXpgMmuv0LLrfp8.jpg,Happy
313297,tt4302938,Kubo and the Two Strings,2016,7.6,"Adventure, Animation, Family","Kubo mesmerizes the people in his village with his magical gift for spinning wild tales with origami. When he accidentally summons an evil spirit seeking vengeance, Kubo is forced to go on a quest to solve the mystery of his fallen samurai father and his mystical weaponry, as well as discover his own magical powers.",/aZJ6KK1Wt7YB4dgZ0qlpaX3PwNV.jpg,Happy
3083,tt0031679,Mr. Smith Goes to Washington,1939,7.9,"Comedy, Drama","Naive and idealistic Jefferson Smith, leader of the Boy Rangers, is appointed to the United States Senate by the puppet governor of his state. He soon discovers, upon going to Washington, many shortcomings of the political process as his earnest goal of a national boys' camp leads to a conflict with the state political boss.",/nDjg1fbNyq15excNDl3acd2IqAk.jpg,Happy
37247,tt0061722,The Graduate,1967,7.6,"Comedy, Drama, Romance","Benjamin, a recent college graduate very worried about his future, finds himself in a love triangle with an older woman and her daughter.",/z1Z1tZMR66RxcNeHbwoEhYeqOlP.jpg,Happy
4951,tt0147800,10 Things I Hate About You,1999,7.6,"Comedy, Drama, Romance","On the first day at his new school, Cameron instantly falls for Bianca, the gorgeous girl of his dreams. The only problem is that Bianca is forbidden to date until her ill-tempered, completely un-dateable older sister Kat goes out, too. In an attempt to solve his problem, Cameron singles out the only guy who could possibly be a match for Kat: a mysterious bad boy with a nasty reputation of his own.",/ujERk3aKABXU3NDXOAxEQYTHe9A.jpg,Happy
40662,tt1569923,Batman: Under the Red Hood,2010,7.8,"Action, Animation, Crime, Mystery, Science Fiction","One part vigilante, one part criminal kingpin, Red Hood begins cleaning up Gotham with the efficiency of Batman, but without following the same ethical code.",/7lmHqHg1rG9b4U8MjuyQjmJ7Qm0.jpg,Happy
537116,tt8721424,"tick, tick... BOOM!",2021,7.7,"Drama, Music","On the cusp of his 30th birthday, Jonathon Larson, a promising young theater composer, navigates love, friendship, and the pressures of life as an artist in New York City.",/DPmfcuR8fh8ROYXgdjrAjSGA0o.jpg,Happy
9377,tt0091042,Ferris Bueller's Day Off,1986,7.6,Comedy,"After high school slacker Ferris Bueller successfully fakes an illness in order to skip school for the day, he goes on a series of adventures throughout Chicago with his girlfriend Sloane and best friend Cameron, all the while trying to outwit his wily school principal and fed-up sister.",/9LTQNCvoLsKXP0LtaKAaYVtRaQL.jpg,Happy
506574,tt8022928,Descendants 3,2019,7.8,"Adventure, Family, Fantasy, Music, TV Movie",The teenagers of Disney's most infamous villains return to the Isle of the Lost to recruit a new batch of villainous offspring to join them at Auradon Prep.,/7IRy0iHdaS0JI3ng4ZYlk5gLSFn.jpg,Happy
84334,tt2125608,Searching for Sugar Man,2012,7.9,"Documentary, Music","Two South Africans set out to discover what happened to their unlikely musical hero, the mysterious 1970s rock 'n' roller, Rodriguez.",/ucM98HuBHSWmn44oiE83hIDc6VB.jpg,Happy
123025,tt2313197,"Batman: The Dark Knight Returns, Part 1",2012,7.7,"Action, Animation, Mystery, Science Fiction","Batman has not been seen for ten years. A new breed of criminal ravages Gotham City, forcing 55-year-old Bruce Wayne back into the cape and cowl. But, does he still have what it takes to fight crime in a new era?",/kkjTbwV1Xnj8wBL52PjOcXzTbnb.jpg,Happy
371645,tt4698684,Hunt for the Wilderpeople,2016,7.7,"Adventure, Comedy, Drama","Ricky is a defiant young city kid who finds himself on the run with his cantankerous foster uncle in the wild New Zealand bush. A national manhunt ensues, and the two are forced to put aside their differences and work together to survive.",/hkmz9rxgcweizXNElozGeKwmAJE.jpg,Happy
436969,tt6334354,The Suicide Squad,2021,7.6,"Action, Adventure, Comedy","Supervillains Harley Quinn, Bloodsport, Peacemaker and a collection of nutty cons at Belle Reve prison join the super-secret, super-shady Task Force X as they are dropped off at the remote, enemy-infused island of Corto Maltese.",/kb4s0ML0iVZlG6wAKbbs9NAm6X.jpg,Happy
431693,tt5814534,Spies in Disguise,2019,7.6,"Action, Adventure, Animation, Comedy, Family","Super spy Lance Sterling and scientist Walter Beckett are almost exact opposites. Lance is smooth, suave and debonair. Walter is… not. But what Walter lacks in social skills he makes up for in smarts and invention, creating the awesome gadgets Lance uses on his epic missions. But when events take an unexpected turn, Walter and Lance suddenly have to rely on each other in a whole new way.",/30YacPAcxpNemhhwX0PVUl9pVA3.jpg,Happy
381289,tt1753383,A Dog's Purpose,2017,7.6,"Adventure, Comedy, Drama, Family, Fantasy",A dog goes on quest to discover his purpose in life over the course of several lifetimes with multiple owners.,/3jcNvhtVQe5Neoffdic39fRactM.jpg,Happy
32085,tt0084868,Vincent,1982,7.9,"Animation, Fantasy",Young Vincent Malloy dreams of being just like Vincent Price and loses himself in macabre daydreams that annoy his mother.,/jRIFN6WJOeJUInJlzRUEb6E1vkB.jpg,Happy
630,tt0032138,The Wizard of Oz,1939,7.6,"Adventure, Family, Fantasy","Young Dorothy finds herself in a magical world where she makes friends with a lion, a scarecrow and a tin man as they make their way along the yellow brick road to talk with the Wizard and ask for the things they miss most in their lives. The Wicked Witch of the West is the only thing that could stop them.",/bSA6DbAC5gdkaooU164lQUX6rVs.jpg,Happy
550988,tt6264654,Free Guy,2021,7.5,"Adventure, Comedy, Science Fiction","A bank teller discovers he is actually a background player in an open-world video game, and decides to become the hero of his own story. Now, in a world where there are no limits, he is determined to be the guy who saves his world his way before it's too late.",/xmbU4JTUm8rsdtn7Y3Fcm30GpeT.jpg,Happy
4638,tt0425112,Hot Fuzz,2007,7.6,"Action, Comedy, Crime","As a former London constable, Nicholas Angel finds it difficult to adapt to his new assignment in the sleepy British village of Sandford. Not only does he miss the excitement of the big city, but he also has a well-meaning oaf for a partner. However, when a series of grisly accidents rocks Sandford, Angel smells something rotten in the idyllic village.",/zPib4ukTSdXvHP9pxGkFCe34f3y.jpg,Happy
71,tt0249462,Billy Elliot,2000,7.6,"Comedy, Drama, Music",County Durham England 1984 the miners strike has started and the police have started coming up from Bethnal Green starting a class war with the lower classes suffering caught in the middle of the conflict is 11-year old Billy Elliot who after leaving his boxing club for the day stubbles upon a ballet class and finds out that he's naturally talented. He practices with his teacher Mrs Wilkinson for an upcoming audition in Newcastle-upon Tyne the audition is for the royal Ballet school in London.,/nOr5diUZxphmAD3li9aiILyI28F.jpg,Happy
246741,tt3416742,What We Do in the Shadows,2014,7.6,"Comedy, Horror",Vampire housemates try to cope with the complexities of modern life and show a newly turned hipster some of the perks of being undead.,/ftrq6LsDNfLPQzrlonOaxSq4yMh.jpg,Happy
824,tt0203009,Moulin Rouge!,2001,7.6,"Drama, Music, Romance","A celebration of love and creative inspiration takes place in the infamous, gaudy and glamorous Parisian nightclub, at the cusp of the 20th century. A young poet, who is plunged into the heady world of Moulin Rouge, begins a passionate affair with the club's most notorious and beautiful star.",/qH2Z5MXMwURxCcC5EBfSKjluzih.jpg,Happy
11688,tt0120917,The Emperor's New Groove,2000,7.6,"Adventure, Animation, Comedy, Family, Fantasy","Kuzco is a self-centered emperor who summons Pacha from a village and to tell him that his home will be destroyed to make room for Kuzco's new summer home. Kuzco's advisor, Yzma, tries to poison Kuzco and accidentally turns him into a llama, who accidentally ends up in Pacha's village. Pacha offers to help Kuzco if he doesn't destroy his house, and so they form an unlikely partnership.",/wwbgkXQBEKtnyIJapk6gUgWkVw8.jpg,Happy
747,tt0365748,Shaun of the Dead,2004,7.5,"Comedy, Horror","Shaun lives a supremely uneventful life, which revolves around his girlfriend, his mother, and, above all, his local pub. This gentle routine is threatened when the dead return to life and make strenuous attempts to snack on ordinary Londoners.",/dgXPhzNJH8HFTBjXPB177yNx6RI.jpg,Happy
433,tt0058331,Mary Poppins,1964,7.6,"Comedy, Family, Fantasy","Mr Banks is looking for a nanny for his two mischievous children and comes across Mary Poppins, an angelic nanny. She not only brings a change in their lives but also spreads happiness.",/1DjJh0vwGwi6KugPZfDiliO25XP.jpg,Happy
675353,tt12412888,Sonic the Hedgehog 2,2022,7.6,"Action, Adventure, Comedy, Family","After settling in Green Hills, Sonic is eager to prove he has what it takes to be a true hero. His test comes when Dr. Robotnik returns, this time with a new partner, Knuckles, in search for an emerald that has the power to destroy civilizations. Sonic teams up with his own sidekick, Tails, and together they embark on a globe-trotting journey to find the emerald before it falls into the wrong hands.",/6DrHO1jr3qVrViUO6s6kFiAGM7.jpg,Happy
765,tt0092991,Evil Dead II,1987,7.6,"Comedy, Fantasy, Horror","Ash Williams and his girlfriend Linda find a log cabin in the woods with a voice recording from an archeologist who had recorded himself reciting ancient chants from ""The Book of the Dead."" As they play the recording an evil power is unleashed taking over Linda's body.",/4zqCKJVHUolGs6C5AZwAZqLWixW.jpg,Happy
59436,tt1605783,Midnight in Paris,2011,7.5,"Comedy, Fantasy, Romance",A romantic comedy about a family traveling to the French capital for business. The party includes a young engaged couple forced to confront the illusion that a life different from their own is better.,/4wBG5kbfagTQclETblPRRGihk0I.jpg,Happy
309809,tt1754656,The Little Prince,2015,7.6,"Adventure, Animation, Family, Fantasy","Based on the best-seller book 'The Little Prince', the movie tells the story of a little girl that lives with resignation in a world where efficiency and work are the only dogmas. Everything will change when accidentally she discovers her neighbor that will tell her about the story of the Little Prince that he once met.",/je5Z7gbFTzrs3FPHINo9yGiHoVo.jpg,Happy
3933,tt0121164,Corpse Bride,2005,7.5,"Animation, Fantasy, Romance","Set in a 19th-century European village, this stop-motion animation feature follows the story of Victor, a young man whisked away to the underworld and wed to a mysterious corpse bride, while his real bride Victoria waits bereft in the land of the living.",/isb2Qow76GpqYmsSyfdMfsYAjts.jpg,Happy
614934,tt3704428,Elvis,2022,7.6,"Drama, History, Music","The life story of Elvis Presley as seen through the complicated relationship with his enigmatic manager, Colonel Tom Parker.",/qBOKWqAFbveZ4ryjJJwbie6tXkQ.jpg,Happy
24480,tt1425244,Partly Cloudy,2009,7.8,"Animation, Comedy, Family","Everyone knows that the stork delivers babies, but where do the storks get the babies from? The answer lies up in the stratosphere, where cloud people sculpt babies from clouds and bring them to life. Gus, a lonely and insecure grey cloud, is a master at creating ""dangerous"" babies. Crocodiles, porcupines, rams and more - Gus's beloved creations are works of art, but more than a handful for his loyal delivery stork partner, Peck. As Gus's creations become more and more rambunctious, Peck's job gets harder and harder. How will Peck manage to handle both his hazardous cargo and his friend's fiery temperament?",/oqYX2AJV53ibLVPrUZ1Z5XlGv5U.jpg,Happy
435129,tt3901826,The Breadwinner,2017,7.9,"Animation, Drama, War","A headstrong young girl in Afghanistan, ruled by the Taliban, disguises herself as a boy in order to provide for her family.",/2d6qmkJz9AWqmk9wBWtd2uFX89t.jpg,Happy
481848,tt7504726,The Call of the Wild,2020,7.6,"Adventure, Drama, Family","Buck is a big-hearted dog whose blissful domestic life is turned upside down when he is suddenly uprooted from his California home and transplanted to the exotic wilds of the Yukon during the Gold Rush of the 1890s. As the newest rookie on a mail delivery dog sled team—and later its leader—Buck experiences the adventure of a lifetime, ultimately finding his true place in the world and becoming his own master.",/33VdppGbeNxICrFUtW2WpGHvfYc.jpg,Happy
234200,tt3169706,Pride,2014,7.7,"Comedy, Drama","In 1984, a group of LGBT activists decide to raise money to support the National Union of Mineworkers during their lengthy strike. There is only one problem: the Union seems embarrassed to receive their support.",/mrITqHNw0XzT7egAPByDuiE3QZf.jpg,Happy
601,tt0083866,E.T. the Extra-Terrestrial,1982,7.5,"Adventure, Family, Fantasy, Science Fiction","An alien is left behind on Earth and saved by the 10-year-old Elliot who decides to keep him hidden in his home. While a task force hunts for the extra-terrestrial, Elliot, his brother, and his little sister Gertie form an emotional bond with their new friend, and try to help him find his way home.",/an0nD6uq6byfxXCfk6lQBzdL2J1.jpg,Happy
487558,tt7349662,BlacKkKlansman,2018,7.5,"Comedy, Crime, Drama","Colorado Springs, late 1970s. Ron Stallworth, an African American police officer, and Flip Zimmerman, his Jewish colleague, run an undercover operation to infiltrate the Ku Klux Klan.",/8jxqAvSDoneSKRczaK8v9X5gqBp.jpg,Happy
375262,tt5083738,The Favourite,2018,7.5,"Comedy, Drama, Thriller","England, early 18th century. The close relationship between Queen Anne and Sarah Churchill is threatened by the arrival of Sarah's cousin, Abigail Hill, resulting in a bitter rivalry between the two cousins to be the Queen's favourite.",/cwBq0onfmeilU5xgqNNjJAMPfpw.jpg,Happy
332562,tt1517451,A Star Is Born,2018,7.5,"Drama, Music, Romance","Seasoned musician Jackson Maine discovers — and falls in love with — struggling artist Ally. She has just about given up on her dream to make it big as a singer — until Jack coaxes her into the spotlight. But even as Ally's career takes off, the personal side of their relationship is breaking down, as Jack fights an ongoing battle with his own internal demons.",/wrFpXMNBRj2PBiN4Z5kix51XaIZ.jpg,Happy
16052,tt0120094,Selena,1997,7.7,"Drama, History, Music","In this biographical drama, Selena Quintanilla is born into a musical Mexican-American family in Texas. Her father, Abraham, realizes that his young daughter is talented and begins performing with her at small venues. She finds success and falls for her guitarist, Chris Perez, who draws the ire of her father. Seeking mainstream stardom, Selena begins recording an English-language album which, tragically, she would never complete.",/j8xX3yBAFOayfSaImgLZPnAcdWz.jpg,Happy
383498,tt5463162,Deadpool 2,2018,7.5,"Action, Adventure, Comedy",Wisecracking mercenary Deadpool battles the evil and powerful Cable and other bad guys to save a boy's life.,/to0spRl1CMDvyUbOnbb4fTk3VAd.jpg,Happy
293299,tt3689498,Feast,2014,7.8,"Animation, Comedy, Drama, Family","This Oscar-winning animated short film tells the story of one man's love life as seen through the eyes of his best friend and dog, Winston, and revealed bite by bite through the meals they share.",/6hAgSxgd2YIK5pYhwowtnlGpwbe.jpg,Happy
13042,tt1245104,Presto,2008,7.8,"Animation, Comedy, Family","Dignity. Poise. Mystery. We expect nothing less from the great turn-of-the-century magician, Presto. But when Presto neglects to feed his rabbit one too many times, the magician finds he isn't the only one with a few tricks up his sleeve!",/asmKQG2qhpVM1KD6x5kODAZPmZl.jpg,Happy
301528,tt1979376,Toy Story 4,2019,7.5,"Adventure, Animation, Comedy, Family, Fantasy","Woody has always been confident about his place in the world and that his priority is taking care of his kid, whether that's Andy or Bonnie. But when Bonnie adds a reluctant new toy called ""Forky"" to her room, a road trip adventure alongside old and new friends will show Woody how big the world can be for a toy.",/w9kR8qbmQ01HwnvK4alvnQ2ca0L.jpg,Happy
486589,tt4429160,Red Shoes and the Seven Dwarfs,2019,7.8,"Animation, Comedy, Family, Fantasy, Romance","Princes who have been turned into Dwarfs seek the red shoes of a lady in order to break the spell, although it will not be easy.",/MBiKqTsouYqAACLYNDadsjhhC0.jpg,Happy
9340,tt0089218,The Goonies,1985,7.5,"Adventure, Comedy, Family","A young teenager named Mikey Walsh finds an old treasure map in his father's attic. Hoping to save their homes from demolition, Mikey and his friends Data Wang, Chunk Cohen, and Mouth Devereaux run off on a big quest to find the secret stash of Pirate One-Eyed Willie.",/eBU7gCjTCj9n2LTxvCSIXXOvHkD.jpg,Happy
11544,tt0275847,Lilo & Stitch,2002,7.5,"Animation, Family","As Stitch, a runaway genetic experiment from a faraway planet, wreaks havoc on the Hawaiian Islands, he becomes the mischievous adopted alien ""puppy"" of an independent little girl named Lilo and learns about loyalty, friendship, and ʻohana, the Hawaiian tradition of family.",/d73UqZWyw3MUMpeaFcENgLZ2kWS.jpg,Happy
4808,tt0056923,Charade,1963,7.7,"Comedy, Mystery, Romance","After Regina Lampert falls for the dashing Peter Joshua on a skiing holiday in the French Alps, she discovers upon her return to Paris that her husband has been murdered. Soon, she and Peter are giving chase to three of her late husband's World War II cronies, Tex, Scobie and Gideon, who are after a quarter of a million dollars the quartet stole while behind enemy lines. But why does Peter keep changing his name?",/ijJ73UgR6nOqjSP8MO0Z7hawCdm.jpg,Happy
856,tt0096438,Who Framed Roger Rabbit,1988,7.5,"Animation, Comedy, Crime, Fantasy","'Toon star Roger is worried that his wife Jessica is playing pattycake with someone else, so the studio hires detective Eddie Valiant to snoop on her. But the stakes are quickly raised when Marvin Acme is found dead and Roger is the prime suspect.",/lYfRc57Kx9VgLZ48iulu0HKnM15.jpg,Happy
626332,tt8105234,Flamin' Hot,2023,8.2,"Comedy, Drama","The inspiring true story of Richard Montañez, the Frito Lay janitor who channeled his Mexican American heritage and upbringing to turn the iconic Flamin’ Hot Cheetos into a snack that disrupted the food industry and became a global pop culture phenomenon.",/a7KyFMPXj0iY4EoLq1PIGU1WJPw.jpg,Happy
114,tt0100405,Pretty Woman,1990,7.5,"Comedy, Romance","When a millionaire wheeler-dealer enters a business contract with a Hollywood hooker Vivian Ward, he loses his heart in the bargain.",/hVHUfT801LQATGd26VPzhorIYza.jpg,Happy
11970,tt0119282,Hercules,1997,7.5,"Adventure, Animation, Comedy, Family, Fantasy, Romance","Bestowed with superhuman strength, a young mortal named Hercules sets out to prove himself a hero in the eyes of his father, the great god Zeus. Along with his friends Pegasus, a flying horse, and Phil, a personal trainer, Hercules is tricked by the hilarious, hotheaded villain Hades, who's plotting to take over Mount Olympus!",/qQsspacWlYn5GZxz15ZhvGqkxgh.jpg,Happy
260513,tt3606756,Incredibles 2,2018,7.5,"Action, Adventure, Animation, Family","Elastigirl springs into action to save the day, while Mr. Incredible faces his greatest challenge yet – taking care of the problems of his three children.",/9lFKBtaVIhP7E2Pk0IY1CwTKTMZ.jpg,Happy
629542,tt8115900,The Bad Guys,2022,7.6,"Action, Adventure, Animation, Comedy, Crime, Family","When the Bad Guys, a crew of criminal animals, are finally caught after years of heists and being the world’s most-wanted villains, Mr. Wolf brokers a deal to save them all from prison.",/7qop80YfuO0BwJa1uXk1DXUUEwv.jpg,Happy
83564,tt1957945,La luna,2012,7.8,"Animation, Family","A young boy comes of age in the most peculiar of circumstances. Tonight is the very first time his Papa and Grandpa are taking him to work. In an old wooden boat they row far out to sea, and with no land in sight, they stop and wait. A big surprise awaits the boy as he discovers his family's most unusual line of work. Should he follow the example of his Papa, or his Grandpa? Will he be able to find his own way in the midst of their conflicting opinions and timeworn traditions?",/Boua5LFL3Xyn2ldIV6Dw7E5qCZ.jpg,Happy
568332,tt9426852,Taylor Swift: Reputation Stadium Tour,2018,8.4,Music,"Taylor Swift takes the stage in Dallas for the Reputation Stadium Tour and celebrates a monumental night of music, memories and visual magic.",/u6oXUTtOuJRPdUgUuPAVVJPSKCo.jpg,Happy
677638,tt10474606,We Bare Bears: The Movie,2020,7.8,"Adventure, Animation, Comedy, Family, TV Movie","When Grizz, Panda, and Ice Bear's love of food trucks and viral videos get out of hand, the brothers are now chased away from their home and embark on a trip to Canada, where they can live in peace.",/kPzcvxBwt7kEISB9O4jJEuBn72t.jpg,Happy
1633,tt0101921,Fried Green Tomatoes,1991,7.7,"Comedy, Drama","Amidst her own personality crisis, southern housewife Evelyn Couch meets Ninny, an outgoing old woman who tells her the story of Idgie Threadgoode and Ruth Jamison, two young women who experienced hardships and love in Whistle Stop, Alabama in the 1920s.",/d8ugzsCSHoAlGyHr0Zyep6BKvLQ.jpg,Happy
9016,tt0133240,Treasure Planet,2002,7.5,"Adventure, Animation, Family, Fantasy, Science Fiction","When space galleon cabin boy Jim Hawkins discovers a map to an intergalactic ""loot of a thousand worlds,"" a cyborg cook named John Silver teaches him to battle supernovas and space storms on their journey to find treasure.",/zMKatZ0c0NCoKzfizaCzVUcbKMf.jpg,Happy
389015,tt5580036,"I, Tonya",2017,7.5,"Comedy, Drama","Competitive ice skater Tonya Harding rises amongst the ranks at the U.S. Figure Skating Championships, but her future in the sport is thrown into doubt when her ex-husband intervenes.",/6gNXwSHxaksR1PjVZRqNapmkgj3.jpg,Happy
194662,tt2562232,Birdman or (The Unexpected Virtue of Ignorance),2014,7.5,"Comedy, Drama","A fading actor best known for his portrayal of a popular superhero attempts to mount a comeback by appearing in a Broadway play. As opening night approaches, his attempts to become more altruistic, rebuild his career, and reconnect with friends and family prove more difficult than expected.",/rHUg2AuIuLSIYMYFgavVwqt1jtc.jpg,Happy
198,tt0035446,To Be or Not to Be,1942,7.9,"Comedy, War","During the Nazi occupation of Poland, an acting troupe becomes embroiled in a Polish soldier's efforts to track down a German spy.",/dDQRpEoyjHT4fzw9cNklIvZuXYg.jpg,Happy
529203,tt2850386,The Croods: A New Age,2020,7.5,"Adventure, Animation, Comedy, Family, Fantasy","Searching for a safer habitat, the prehistoric Crood family discovers an idyllic, walled-in paradise that meets all of its needs. Unfortunately, they must also learn to live with the Bettermans -- a family that's a couple of steps above the Croods on the evolutionary ladder. As tensions between the new neighbors start to rise, a new threat soon propels both clans on an epic adventure that forces them to embrace their differences, draw strength from one another, and survive together.",/tbVZ3Sq88dZaCANlUcewQuHQOaE.jpg,Happy
531,tt0108598,The Wrong Trousers,1993,7.8,"Animation, Comedy, Family","Wallace rents out Gromit's former bedroom to a penguin, who takes up an interest in the techno pants created by Wallace. However, Gromit later learns that the penguin is a wanted criminal.",/mV8SDTjkxrDxu0a0egvFz1lRPU7.jpg,Happy
823754,tt14544192,Bo Burnham: Inside,2021,8.2,"Comedy, Drama","Stuck in COVID-19 lockdown, US comedian and musician Bo Burnham attempts to stay sane and happy by writing, shooting and performing a one-man comedy special.",/ku1UvTWYvhFQbSesOD6zteY7bXT.jpg,Happy
718930,tt12593682,Bullet Train,2022,7.5,"Action, Comedy, Thriller","Unlucky assassin Ladybug is determined to do his job peacefully after one too many gigs gone off the rails. Fate, however, may have other plans, as Ladybug's latest mission puts him on a collision course with lethal adversaries from around the globe—all with connected, yet conflicting, objectives—on the world's fastest train.",/j8szC8OgrejDQjjMKSVXyaAjw3V.jpg,Happy
196,tt0099088,Back to the Future Part III,1990,7.5,"Adventure, Comedy, Science Fiction","The final installment of the Back to the Future trilogy finds Marty digging the trusty DeLorean out of a mineshaft and looking for Doc in the Wild West of 1885. But when their time machine breaks down, the travelers are stranded in a land of spurs. More problems arise when Doc falls for pretty schoolteacher Clara Clayton, and Marty tangles with Buford Tannen.",/crzoVQnMzIrRfHtQw0tLBirNfVg.jpg,Happy
614409,tt10676012,To All the Boys: Always and Forever,2021,7.6,"Comedy, Drama, Romance",Senior year of high school takes center stage as Lara Jean returns from a family trip to Korea and considers her college plans — with and without Peter.,/iepqdM52f4w75fNcvgRF5QoIAjm.jpg,Happy
620,tt0087332,Ghostbusters,1984,7.5,"Comedy, Fantasy","After losing their academic posts at a prestigious university, a team of parapsychologists goes into business as proton-pack-toting ""ghostbusters"" who exterminate ghouls, hobgoblins and supernatural pests of all stripes. An ad campaign pays off when a knockout cellist hires the squad to purge her swanky digs of demons that appear to be living in her refrigerator.",/7E8nLijS9AwwUEPu2oFYOVKhdFA.jpg,Happy
491418,tt7401588,Instant Family,2018,7.5,Comedy,"When Pete and Ellie decide to start a family, they stumble into the world of foster care adoption. They hope to take in one small child but when they meet three siblings, including a rebellious 15 year old girl, they find themselves speeding from zero to three kids overnight.",/xYV1mODz99w7AjKDSQ7h2mzZhVe.jpg,Happy
961323,tt19500164,Nimona,2023,8.0,"Adventure, Animation, Comedy, Family, Fantasy","A knight framed for a tragic crime teams with a scrappy, shape-shifting teen to prove his innocence.",/2NQljeavtfl22207D1kxLpa4LS3.jpg,Happy
22538,tt0446029,Scott Pilgrim vs. the World,2010,7.5,"Action, Comedy, Romance","As bass guitarist for a garage-rock band, Scott Pilgrim has never had trouble getting a girlfriend; usually, the problem is getting rid of them. But when Ramona Flowers skates into his heart, he finds she has the most troublesome baggage of all: an army of ex-boyfriends who will stop at nothing to eliminate him from her list of suitors.",/g5IoYeudx9XBEfwNL0fHvSckLBz.jpg,Happy
9428,tt0265666,The Royal Tenenbaums,2001,7.5,"Comedy, Drama","Royal Tenenbaum and his wife Etheline had three children and then they separated. All three children are extraordinary --- all geniuses. Virtually all memory of the brilliance of the young Tenenbaums was subsequently erased by two decades of betrayal, failure, and disaster. Most of this was generally considered to be their father's fault. ""The Royal Tenenbaums"" is the story of the family's sudden, unexpected reunion one recent winter.",/syaECBy6irxSgeF0m5ltGPNTWXL.jpg,Happy
308369,tt2582496,Me and Earl and the Dying Girl,2015,7.5,"Comedy, Drama","Greg is coasting through senior year of high school as anonymously as possible, avoiding social interactions like the plague while secretly making spirited, bizarre films with Earl, his only friend. But both his anonymity and friendship threaten to unravel when his mother forces him to befriend a classmate with leukemia.",/eLjS2bLMjln2n2I73Xu6TaANPDZ.jpg,Happy
13929,tt0131409,Geri's Game,1997,7.7,"Animation, Family","An aging codger named Geri plays a daylong game of chess in the park against himself. Somehow, he begins losing to his livelier opponent. But just when the game's nearly over, Geri manages to turn the tables.",/8PdCk3T9EkcKniUviDogWFCXx28.jpg,Happy
11293,tt0070510,Paper Moon,1973,7.9,"Comedy, Crime, Drama","During the Great Depression, a con man finds himself saddled with a young girl—who may or may not be his daughter—and the two forge an unlikely partnership.",/3GHG0kTcBWHKdXjj3RdK8GjBCd6.jpg,Happy
228326,tt2262227,The Book of Life,2014,7.5,"Adventure, Animation, Comedy, Family, Fantasy","The journey of Manolo, a young man who is torn between fulfilling the expectations of his family and following his heart. Before choosing which path to follow, he embarks on an incredible adventure that spans three fantastical worlds where he must face his greatest fears.",/aotTZos5KswgCryEzx2rlOjFsm1.jpg,Happy
829280,tt14641788,Enola Holmes 2,2022,7.5,"Adventure, Comedy, Crime, Mystery","Now a detective-for-hire like her infamous brother, Enola Holmes takes on her first official case to find a missing girl, as the sparks of a dangerous conspiracy ignite a mystery that requires the help of friends — and Sherlock himself — to unravel.",/tegBpjM5ODoYoM1NjaiHVLEA0QM.jpg,Happy
8321,tt0780536,In Bruges,2008,7.5,"Comedy, Crime, Drama","Ray and Ken, two hit men, are in Bruges, Belgium, waiting for their next mission. While they are there they have time to think and discuss their previous assignment. When the mission is revealed to Ken, it is not what he expected.",/jMiBBqk72VRo1Y39x2ZbbenEU3a.jpg,Happy
466272,tt7131622,Once Upon a Time… in Hollywood,2019,7.4,"Comedy, Drama, Thriller","Los Angeles, 1969. TV star Rick Dalton, a struggling actor specializing in westerns, and stuntman Cliff Booth, his best friend, try to survive in a constantly changing movie industry. Dalton is the neighbor of the young and promising actress and model Sharon Tate, who has just married the prestigious Polish director Roman Polanski…",/8j58iEBw9pOXFD2L0nt0ZXeHviB.jpg,Happy
653567,tt11388580,Miss Americana,2020,7.9,"Documentary, Music","A raw and emotionally revealing look at one of the most iconic artists of our time during a transformational period in her life as she learns to embrace her role not only as a songwriter and performer, but as a woman harnessing the full power of her voice.",/z1HiEB1UEfdA5fPkngekjQ2vlCC.jpg,Happy
400160,tt4823776,The SpongeBob Movie: Sponge on the Run,2020,7.5,"Adventure, Animation, Comedy, Family, Fantasy","When his best friend Gary is suddenly snatched away, SpongeBob takes Patrick on a madcap mission far beyond Bikini Bottom to save their pink-shelled pal.",/jlJ8nDhMhCYJuzOw3f52CP1W8MW.jpg,Happy
551332,tt8404614,The Two Popes,2019,7.5,"Comedy, Drama, History","Frustrated with the direction of the church, Cardinal Bergoglio requests permission to retire in 2012 from Pope Benedict. Instead, facing scandal and self-doubt, the introspective Pope Benedict summons his harshest critic and future successor to Rome to reveal a secret that would shake the foundations of the Catholic Church.",/4d4mTSfDIFIbUbMLUfaKodvxYXA.jpg,Happy
13002,tt0859594,Barbie in The 12 Dancing Princesses,2006,7.7,"Animation, Family","King Randolph sends for his cousin, Duchess Rowena, to help turn his daughters, Princess Genevieve and her eleven sisters, into royal material. But the Duchess strips the sisters of their fun, including their favorite pastime: dancing. When all hope may be lost, the sisters discover a secret passageway to a magical land where they can dance the night away.",/yBB7PwXRFJ29U8m8SnTcWVizFvM.jpg,Happy
713776,tt11768948,If Anything Happens I Love You,2020,7.7,"Animation, Drama",Grieving parents journey through an emotional void as they mourn the loss of a child in the aftermath of a tragic school shooting.,/85tDhACvKDQxQoJhBYLvDU0ik1n.jpg,Happy
252,tt0067992,Willy Wonka & the Chocolate Factory,1971,7.5,"Comedy, Family, Fantasy","When eccentric candy man Willy Wonka promises a lifetime supply of sweets and a tour of his chocolate factory to five lucky kids, penniless Charlie Bucket seeks the golden ticket that will make him a winner.",/vmpsZkrs4Uvkp9r1atL8B3frA63.jpg,Happy
786,tt0181875,Almost Famous,2000,7.5,"Drama, Music","In 1973, 15-year-old William Miller's unabashed love of music and aspiration to become a rock journalist lands him an assignment from Rolling Stone magazine to interview and tour with the up-and-coming band, Stillwater.",/3rrkyLYbgLj84AYvjhdcJot4JPx.jpg,Happy
40619,tt1620446,Day & Night,2010,7.7,"Animation, Family","When Day, a sunny fellow, encounters Night, a stranger of distinctly darker moods, sparks fly! Day and Night are frightened and suspicious of each other at first, and quickly get off on the wrong foot. But as they discover each other's unique qualities--and come to realize that each of them offers a different window onto the same world-the friendship helps both to gain a new perspective.",/hn2tOtidoYZ0D56jR4yknpdP1mU.jpg,Happy
69,tt0358273,Walk the Line,2005,7.5,"Drama, Music, Romance","A chronicle of country music legend Johnny Cash's life, from his early days on an Arkansas cotton farm to his rise to fame with Sun Records in Memphis, where he recorded alongside Elvis Presley, Jerry Lee Lewis and Carl Perkins.",/p8lPTjvjOjTfvC1E9pmMwcF9vkn.jpg,Happy
771,tt0099785,Home Alone,1990,7.4,"Comedy, Family","Eight-year-old Kevin McCallister makes the most of the situation after his family unwittingly leaves him behind when they go on Christmas vacation. But when a pair of bungling burglars set their sights on Kevin's house, the plucky kid stands ready to defend his territory. By planting booby traps galore, adorably mischievous Kevin stands his ground as his frantic mother attempts to race home before Christmas Day.",/9wSbe4CwObACCQvaUVhWQyLR5Vz.jpg,Happy
770254,tt13575806,Back to the Outback,2021,7.8,"Adventure, Animation, Comedy, Family","Tired of being locked in a reptile house where humans gawk at them like they are monsters, a ragtag group of Australia’s deadliest creatures plot an escape from their zoo to the Outback, a place where they’ll fit in without being judged.",/zNXNRLH5wJprUG6B1olaBTNZOjy.jpg,Happy
13466,tt0132477,October Sky,1999,7.6,"Drama, Family","Based on the true story of Homer Hickam, a coal miner's son who was inspired by the first Sputnik launch to take up rocketry against his father's wishes, and eventually became a NASA scientist.",/iZiHYgDjt1A03QJwCnQsDvmZtCR.jpg,Happy
425909,tt4513678,Ghostbusters: Afterlife,2021,7.5,"Adventure, Comedy, Fantasy","When a single mom and her two kids arrive in a small town, they begin to discover their connection to the original Ghostbusters and the secret legacy their grandfather left behind.",/ggcBBYgnwrRAdx2vTthSAZDfrrk.jpg,Happy
508947,tt8097030,Turning Red,2022,7.4,"Animation, Comedy, Family, Fantasy","Thirteen-year-old Mei is experiencing the awkwardness of being a teenager with a twist – when she gets too excited, she transforms into a giant red panda.",/qsdjk9oAKSQMWs0Vt5Pyfh6O4GZ.jpg,Happy
137106,tt1490017,The Lego Movie,2014,7.4,"Adventure, Animation, Comedy, Family, Fantasy","An ordinary Lego mini-figure, mistakenly thought to be the extraordinary MasterBuilder, is recruited to join a quest to stop an evil Lego tyrant from conquering the universe.",/9klB7qKC9aCeGyyM4uU5hSA6xDV.jpg,Happy
522,tt0109707,Ed Wood,1994,7.5,"Comedy, Drama, History","The mostly true story of the legendary ""worst director of all time"", who, with the help of his strange friends, filmed countless B-movies without ever becoming famous or successful.",/n8SrO3WbyuY2b6KazogqbQF348C.jpg,Happy
593691,tt10147546,Homecoming: A Film by Beyoncé,2019,8.2,"Documentary, Music","This intimate, in-depth look at Beyoncé's celebrated 2018 Coachella performance reveals the emotional road from creative concept to cultural movement.",/nKdP4K3Bj3qnjtDCq9lTg7UOHVy.jpg,Happy
28971,tt0044837,Limelight,1952,7.9,"Drama, Music, Romance",A fading music hall comedian tries to help a despondent ballet dancer learn to walk and to again feel confident about life.,/vwGcQS0pe4AXh0rfbhQ8RN23mw1.jpg,Happy
707886,tt10714856,Feel the Beat,2020,7.6,"Comedy, Drama, Music","After failing to make it on Broadway, April returns to her hometown and reluctantly begins training a misfit group of young dancers for a competition.",/Af2jt7m9GLFpR4V11xOsFmT8OKD.jpg,Happy
36685,tt0073629,The Rocky Horror Picture Show,1975,7.5,"Comedy, Fantasy, Horror, Science Fiction","Sweethearts Brad and Janet, stuck with a flat tire during a storm, discover the eerie mansion of Dr. Frank-N-Furter, a transvestite scientist. As their innocence is lost, Brad and Janet meet a houseful of wild characters, including a rocking biker and a creepy butler. Through elaborate dances and rock songs, Frank-N-Furter unveils his latest creation: a muscular man named 'Rockv'.",/3pyE6ZqDbuJi7zrNzzQzcKTWdmN.jpg,Happy
612706,tt10276470,Work It,2020,7.6,"Comedy, Music",A brilliant but clumsy high school senior vows to get into her late father's alma mater by transforming herself and a misfit squad into dance champions.,/b5XfICAvUe8beWExBz97i0Qw4Qh.jpg,Happy
431580,tt6324278,Abominable,2019,7.5,"Adventure, Animation, Comedy, Family","A group of misfits encounter a young Yeti named Everest, and they set off to reunite the magical creature with his family on the mountain of his namesake.",/20djTLqppfBx5WYA67Y300S6aPD.jpg,Happy
585244,tt9779516,I Still Believe,2020,7.6,"Drama, Music, Romance",The true-life story of Christian music star Jeremy Camp and his journey of love and loss that looks to prove there is always hope.,/dqA2FCzz4OMmXLitKopzf476RVB.jpg,Happy
417261,tt4103724,Forever My Girl,2018,7.6,"Drama, Music, Romance","After being gone for a decade, a country star returns home to the love he left behind.",/bKqdggnIPeOI15VqtBZTkvh4hA9.jpg,Happy
514754,tt8075496,Bao,2018,7.6,"Animation, Family, Fantasy","An aging Chinese mom suffering from empty nest syndrome gets another chance at motherhood when one of her dumplings springs to life as a lively, giggly dumpling boy.",/tKz7XRXvdy1i7pW4eotaWZSrAx2.jpg,Happy
350,tt0458352,The Devil Wears Prada,2006,7.4,"Comedy, Drama, Romance","Andy moves to New York to work in the fashion industry. Her boss is extremely demanding, cruel and won't let her succeed if she doesn't fit into the high class elegant look of their magazine.",/u6QBDGUCOEMRekna95ip2MxplbQ.jpg,Happy
37135,tt0120855,Tarzan,1999,7.4,"Adventure, Animation, Drama, Family","Tarzan was a small orphan who was raised by an ape named Kala since he was a child. He believed that this was his family, but on an expedition Jane Porter is rescued by Tarzan. He then finds out that he's human. Now Tarzan must make the decision as to which family he should belong to...",/bTvHlcqiOjGa3lFtbrTLTM3zasY.jpg,Happy
331781,tt2870648,Amy,2015,7.6,"Documentary, Music","A documentary on the life of Amy Winehouse, the immensely talented yet doomed songstress. We see her from her teen years, where she already showed her singing abilities, to her finding success and then her downward spiral into alcoholism and drugs.",/qL0RepWSNUuZoeDXfyhqowVYhrn.jpg,Happy
607259,tt4733624,Fatherhood,2021,7.6,"Comedy, Drama","A widowed new dad copes with doubts, fears, heartache and dirty diapers as he sets out to raise his daughter on his own. Inspired by a true story.",/pR2fzm82fl0giommpo310LBOMbV.jpg,Happy
621,tt0077631,Grease,1978,7.4,"Comedy, Romance","Australian good girl Sandy and greaser Danny fell in love over the summer. But when they unexpectedly discover they're now in the same high school, will they be able to rekindle their romance despite their eccentric friends?",/czVhhAaSBFpakur7U8pOIDV9NUG.jpg,Happy
774372,tt13615386,"ariana grande: excuse me, i love you",2020,8.1,"Documentary, Music",Ariana Grande takes the stage in London for her Sweetener World Tour and shares a behind-the-scenes look at her life in rehearsal and on the road.,/cvBVd5DwAwYOakF0U1qsYdysQ08.jpg,Happy
400608,tt5192124,Bo Burnham: Make Happy,2016,8.1,"Comedy, Music","Combining his trademark wit and self-deprecating humor with original music, Bo Burnham offers up his unique twist on life in this stand-up special about  life, death, sexuality, hypocrisy, mental illness and Pringles cans.",/1RqDE7X2rGjxKOklweUFd2U7Vn0.jpg,Happy
674324,tt11813216,The Banshees of Inisherin,2022,7.5,"Comedy, Drama, History","Two lifelong friends find themselves at an impasse when one abruptly ends their relationship, with alarming consequences for both of them.",/4yFG6cSPaCaPhyJ1vtGOtMD1lgh.jpg,Happy
492,tt0120601,Being John Malkovich,1999,7.4,"Comedy, Drama, Fantasy","One day at work, unsuccessful puppeteer Craig finds a portal into the head of actor John Malkovich. The portal soon becomes a passion for anybody who enters its mad and controlling world of overtaking another human body.",/xVSvIwRNzwXSs0CLefiiG6A96m4.jpg,Happy
493529,tt2906216,Dungeons & Dragons: Honor Among Thieves,2023,7.5,"Adventure, Comedy, Fantasy","A charming thief and a band of unlikely adventurers undertake an epic heist to retrieve a lost relic, but things go dangerously awry when they run afoul of the wrong people.",/gkiHVcE4ae3BSl1x0K3qaJzpybz.jpg,Happy
205596,tt2084970,The Imitation Game,2014,8.0,"Drama, History, Thriller, War","Based on the real life story of legendary cryptanalyst Alan Turing, the film portrays the nail-biting race against time by Turing and his brilliant team of code-breakers at Britain's top-secret Government Code and Cypher School at Bletchley Park, during the darkest days of World War II.",/zSqJ1qFq8NXFfi7JeIYMlzyR0dx.jpg,Sad
962,tt0015864,The Gold Rush,1925,8.0,"Adventure, Comedy, Drama",A gold prospector in Alaska struggles to survive the elements and win the heart of a dance hall girl.,/eQRFo1qwRREYwj47Yoe1PisgOle.jpg,Sad
323677,tt3499096,Race,2016,7.3,"Drama, History","Based on the story of Jesse Owens, the athlete whose quest to become the greatest track and field athlete in history thrusts him onto the world stage of the 1936 Olympics, where he faces off against Adolf Hitler's vision of Aryan supremacy.",/3pKLVyz6LGQU8xEDhYHSHsfy5Bg.jpg,Sad
614917,tt9620288,King Richard,2021,7.7,"Drama, History","The story of how Richard Williams served as a coach to his daughters Venus and Serena, who will soon become two of the most legendary tennis players in history.",/vjpMd1dsEsVBoUhq6iVHXwwFj9n.jpg,Sad
266856,tt2980516,The Theory of Everything,2014,7.9,"Drama, Romance","The Theory of Everything is the extraordinary story of one of the world’s greatest living minds, the renowned astrophysicist Stephen Hawking, who falls deeply in love with fellow Cambridge student Jane Wilde.",/wucOQrqihOtHToP7UAPKMFRJ9LL.jpg,Sad
13,tt0109830,Forrest Gump,1994,8.5,"Comedy, Drama, Romance","A man with a low IQ has accomplished great things in his life and been present during significant historic events—in each case, far exceeding what anyone imagined he could do. But despite all he has achieved, his one true love eludes him.",/arw2vcBveWOVZr6pxd9XTd1TdQa.jpg,Sad
522518,tt8385474,A Dog's Journey,2019,8.0,"Adventure, Drama, Family",A dog finds the meaning of his own existence through the lives of the humans he meets.,/wquJChp0NpoqthYdE3YjXNNxvVC.jpg,Sad
15392,tt0090888,Crossroads,1986,7.3,"Drama, Music, Mystery, Romance","A wanna-be blues guitar virtuoso seeks a long-lost song by legendary musician, Robert Johnson.",/2sMo7gwZ8L7KttiW210T0ueJ2eX.jpg,Sad
37165,tt0120382,The Truman Show,1998,8.1,"Comedy, Drama","Truman Burbank is the star of The Truman Show, a 24-hour-a-day reality TV show that broadcasts every aspect of his life without his knowledge. His entire life has been an unending soap opera for consumption by the rest of the world. And everyone he knows, including his wife and his best friend, is really an actor, paid to be part of his life.",/vuza0WqY239yBXOadKlGwJsZJFE.jpg,Sad
424,tt0108052,Schindler's List,1993,8.6,"Drama, History, War",The true story of how businessman Oskar Schindler saved over a thousand Jewish lives from the Nazis while they worked as slaves in his factory during World War II.,/sF1U4EUQS8YHUYjNl3pMGNIQyr0.jpg,Sad
769,tt0099685,GoodFellas,1990,8.5,"Crime, Drama","The true story of Henry Hill, a half-Irish, half-Sicilian Brooklyn kid who is adopted by neighbourhood gangsters at an early age and climbs the ranks of a Mafia family under the guidance of Jimmy Conway.",/aKuFiU82s5ISJpGZp7YkIr3kCUd.jpg,Sad
1580,tt0040746,Rope,1948,8.0,"Crime, Drama, Thriller",Two men attempt to prove they committed the perfect crime by hosting a dinner party after strangling their former classmate to death.,/gr2HoDd05E5F0b8KDXf0hGbYvUr.jpg,Sad
696374,tt11316854,Gabriel's Inferno,2020,8.4,"Drama, Romance","An intriguing and sinful exploration of seduction, forbidden love, and redemption, Gabriel's Inferno is a captivating and wildly passionate tale of one man's escape from his own personal hell as he tries to earn the impossible--forgiveness and love.",/oyG9TL7FcRP4EZ9Vid6uKzwdndz.jpg,Sad
600354,tt10272386,The Father,2020,8.2,Drama,"A man refuses all assistance from his daughter as he ages and, as he tries to make sense of his changing circumstances, he begins to doubt his loved ones, his own mind and even the fabric of his reality.",/pr3bEQ517uMb5loLvjFQi8uLAsp.jpg,Sad
527641,tt6472976,Five Feet Apart,2019,8.3,"Drama, Romance","Seventeen-year-old Stella spends most of her time in the hospital as a cystic fibrosis patient. Her life is full of routines, boundaries and self-control — all of which get put to the test when she meets Will, an impossibly charming teen who has the same illness. There's an instant flirtation, though restrictions dictate that they must maintain a safe distance between them. As their connection intensifies, so does the temptation to throw the rules out the window and embrace that attraction.",/kreTuJBkUjVWePRfhHZuYfhNE1T.jpg,Sad
240,tt0071562,The Godfather Part II,1974,8.6,"Crime, Drama","In the continuing saga of the Corleone crime family, a young Vito Corleone grows up in Sicily and in 1910s New York. In the 1950s, Michael Corleone attempts to expand the family business into Las Vegas, Hollywood and Cuba.",/hek3koDUyRQk7FIhPXsa6mT2Zc3.jpg,Sad
14,tt0169547,American Beauty,1999,8.0,Drama,"Lester Burnham, a depressed suburban father in a mid-life crisis, decides to turn his hectic life around after developing an infatuation with his daughter's attractive friend.",/wby9315QzVKdW9BonAefg8jGTTb.jpg,Sad
381284,tt4846340,Hidden Figures,2016,8.1,"Drama, History","The untold story of Katherine G. Johnson, Dorothy Vaughan and Mary Jackson – brilliant African-American women working at NASA and serving as the brains behind one of the greatest operations in history – the launch of astronaut John Glenn into orbit. The visionary trio crossed all gender and race lines to inspire generations to dream big.",/9lfz2W2uGjyow3am00rsPJ8iOyq.jpg,Sad
101,tt0110413,Léon: The Professional,1994,8.3,"Action, Crime, Drama","Léon, the top hit man in New York, has earned a rep as an effective ""cleaner"". But when his next-door neighbors are wiped out by a loose-cannon DEA agent, he becomes the unwilling custodian of 12-year-old Mathilda. Before long, Mathilda's thoughts turn to revenge, and she considers following in Léon's footsteps.",/yI6X2cCM5YPJtxMhUd3dPGqDAhw.jpg,Sad
44214,tt0947798,Black Swan,2010,7.7,"Drama, Horror, Thriller",A journey through the psyche of a young ballerina whose starring role as the duplicitous swan queen turns out to be a part for which she becomes frighteningly perfect.,/rH19vkjAzCZ0HIUvrgB3rowm68h.jpg,Sad
275,tt0116282,Fargo,1996,7.9,"Crime, Drama, Thriller","Jerry, a small-town Minnesota car salesman is bursting at the seams with debt... but he's got a plan. He's going to hire two thugs to kidnap his wife in a scheme to collect a hefty ransom from his wealthy father-in-law. It's going to be a snap and nobody's going to get hurt... until people start dying. Enter Police Chief Marge, a coffee-drinking, parka-wearing - and extremely pregnant - investigator who'll stop at nothing to get her man. And if you think her small-time investigative skills will give the crooks a run for their ransom... you betcha!",/rt7cpEr1uP6RTZykBFhBTcRaKvG.jpg,Sad
278,tt0111161,The Shawshank Redemption,1994,8.7,"Crime, Drama","Framed in the 1940s for the double murder of his wife and her lover, upstanding banker Andy Dufresne begins a new life at the Shawshank prison, where he puts his accounting skills to work for an amoral warden. During his long stretch in prison, Dufresne comes to be admired by the other inmates -- including an older prisoner named Red -- for his integrity and unquenchable sense of hope.",/lyQBXzOQSuE59IsHyhrp0qIiPAz.jpg,Sad
785533,tt14731142,The Princess Switch 3: Romancing the Star,2021,6.9,"Comedy, Romance","A priceless relic is stolen from identical royals Queen Margaret and Princess Stacy, who enlist the help of their sketchy look-alike cousin Fiona Pembroke to retrieve it.",/d42eVP0SdHEKUoUnaFpF2eMz4hZ.jpg,Sad
761053,tt13535456,Gabriel's Inferno: Part III,2020,8.4,"Drama, Romance",The final part of the film adaption of the erotic romance novel Gabriel's Inferno written by an anonymous Canadian author under the pen name Sylvain Reynard.,/fYtHxTxlhzD4QWfEbrC1rypysSD.jpg,Sad
122906,tt2194499,About Time,2013,7.9,"Drama, Fantasy, Romance","The night after another unsatisfactory New Year's party, Tim's father tells his son that the men in his family have always had the ability to travel through time. They can't change history, but they can change what happens and has happened in their own lives. Thus begins the start of a lesson in learning to appreciate life itself as it is, as it comes, and most importantly, the people living alongside us.",/iR1bVfURbN7r1C46WHFbwCkVve.jpg,Sad
2493,tt0093779,The Princess Bride,1987,7.7,"Adventure, Comedy, Family, Fantasy, Romance","In this enchantingly cracked fairy tale, the beautiful Princess Buttercup and the dashing Westley must overcome staggering odds to find happiness amid six-fingered swordsmen, murderous princes, Sicilians and rodents of unusual size. But even death can't stop these true lovebirds from triumphing.",/dvjqlp2sAhUeFjUOfQDgqwpphHj.jpg,Sad
28178,tt1028532,Hachi: A Dog's Tale,2009,8.0,"Drama, Family",A drama based on the true story of a college professor's bond with the abandoned dog he takes into his home.,/lsy3aEsEfYIHdLRk4dontZ4s85h.jpg,Sad
4348,tt0414387,Pride & Prejudice,2005,8.1,"Drama, Romance","A story of love and life among the landed English gentry during the Georgian era. Mr. Bennet is a gentleman living in Hertfordshire with his overbearing wife and five daughters, but if he dies their house will be inherited by a distant cousin whom they have never met, so the family's future happiness and security is dependent on the daughters making good marriages.",/sGjIvtVvTlWnia2zfJfHz81pZ9Q.jpg,Sad
359940,tt5027774,"Three Billboards Outside Ebbing, Missouri",2017,8.1,"Crime, Drama","After seven months have passed without a culprit in her daughter's murder case, Mildred Hayes makes a bold move, painting three signs leading into her town with a controversial message directed at Bill Willoughby, the town's revered chief of police. When his second-in-command Officer Jason Dixon, an immature mother's boy with a penchant for violence, gets involved, the battle between Mildred and Ebbing's law enforcement is only exacerbated.",/pZRhqJj0DBy4ghB7g6pU7MGHsWJ.jpg,Sad
522402,tt3420504,Finch,2021,7.9,"Adventure, Drama, Science Fiction","On a post-apocalyptic Earth, a robot, built to protect the life of his dying creator's beloved dog, learns about life, love, friendship, and what it means to be human.",/jKuDyqx7jrjiR9cDzB5pxzhJAdv.jpg,Sad
539,tt0054215,Psycho,1960,8.4,"Drama, Horror, Thriller","When larcenous real estate clerk Marion Crane goes on the lam with a wad of cash and hopes of starting a new life, she ends up at the notorious Bates Motel, where manager Norman Bates cares for his housebound mother.",/yz4QVqPx3h1hD1DfqqQkCq3rmxW.jpg,Sad
823754,tt14544192,Bo Burnham: Inside,2021,8.2,"Comedy, Drama","Stuck in COVID-19 lockdown, US comedian and musician Bo Burnham attempts to stay sane and happy by writing, shooting and performing a one-man comedy special.",/ku1UvTWYvhFQbSesOD6zteY7bXT.jpg,Sad
3309,tt0037913,Mildred Pierce,1945,7.6,"Crime, Drama",A hard-working mother inches towards disaster as she divorces her husband and starts a successful restaurant business to support her spoiled daughter.,/iSXi0xvPUPwEI2xxWZrcKJXpUYc.jpg,Sad
274,tt0102926,The Silence of the Lambs,1991,8.3,"Crime, Drama, Thriller","Clarice Starling is a top student at the FBI's training academy.  Jack Crawford wants Clarice to interview Dr. Hannibal Lecter, a brilliant psychiatrist who is also a violent psychopath, serving life behind bars for various acts of murder and cannibalism.  Crawford believes that Lecter may have insight into a case and that Starling, as an attractive young woman, may be just the bait to draw him out.",/uS9m8OBk1A8eM9I042bx8XXpqAq.jpg,Sad
724089,tt13535454,Gabriel's Inferno: Part II,2020,8.4,"Drama, Romance","Professor Gabriel Emerson finally learns the truth about Julia Mitchell's identity, but his realization comes a moment too late. Julia is done waiting for the well-respected Dante specialist to remember her and wants nothing more to do with him. Can Gabriel win back her heart before she finds love in another's arms?",/x5o8cLZfEXMoZczTYWLrUo1P7UJ.jpg,Sad
157370,tt1311071,Kill Your Darlings,2013,7.1,"Drama, Romance, Thriller","A murder in 1944 draws together the great poets of the beat generation: Allen Ginsberg, Jack Kerouac and William Burroughs.",/cnki2mlujf32d3MYspZQFYlVsoL.jpg,Sad
597,tt0120338,Titanic,1997,7.9,"Drama, Romance","101-year-old Rose DeWitt Bukater tells the story of her life aboard the Titanic, 84 years later. A young Rose boards the ship with her mother and fiancé. Meanwhile, Jack Dawson and Fabrizio De Rossi win third-class tickets aboard the ship. Rose tells the whole story from Titanic's departure through to its death—on its first and last voyage—on April 15, 1912.",/9xjZS2rlVxm8SFx8kPC3aIGCOYQ.jpg,Sad
629,tt0114814,The Usual Suspects,1995,8.2,"Crime, Drama, Thriller","Held in an L.A. interrogation room, Verbal Kint attempts to convince the feds that a mythic crime lord, Keyser Soze, not only exists, but was also responsible for drawing him and his four partners into a multi-million dollar heist that ended with an explosion in San Pedro harbor – leaving few survivors. Verbal lures his interrogators with an incredible story of the crime lord's almost supernatural prowess.",/bUPmtQzrRhzqYySeiMpv7GurAfm.jpg,Sad
210577,tt2267998,Gone Girl,2014,7.9,"Drama, Mystery, Thriller","With his wife's disappearance having become the focus of an intense media circus, a man sees the spotlight turned on him when it's suspected that he may not be innocent.",/qymaJhucquUwjpb8oiqynMeXnID.jpg,Sad
28978,tt0018773,The Circus,1928,8.0,"Comedy, Romance","Charlie, a wandering tramp, becomes a circus handyman - soon the star of the show - and falls in love with the circus owner's stepdaughter.",/3FywbVq2qGqbYHPCy2NJcOf0gmp.jpg,Sad
361743,tt1745960,Top Gun: Maverick,2022,8.3,"Action, Drama","After more than thirty years of service as one of the Navy’s top aviators, and dodging the advancement in rank that would ground him, Pete “Maverick” Mitchell finds himself training a detachment of TOP GUN graduates for a specialized mission the likes of which no living pilot has ever seen.",/62HCnUTziyWcpDaBO2i1DX17ljH.jpg,Sad
155,tt0468569,The Dark Knight,2008,8.5,"Action, Crime, Drama, Thriller","Batman raises the stakes in his war on crime. With the help of Lt. Jim Gordon and District Attorney Harvey Dent, Batman sets out to dismantle the remaining criminal organizations that plague the streets. The partnership proves to be effective, but they soon find themselves prey to a reign of chaos unleashed by a rising criminal mastermind known to the terrified citizens of Gotham as the Joker.",/qJ2tW6WMUDux911r6m7haRef0WH.jpg,Sad
10950,tt0277027,I Am Sam,2001,7.6,Drama,"Sam, a neurodivergent man, has a daughter with a homeless woman who abandons them when they leave the hospital, leaving Sam to raise Lucy on his own. But as Lucy grows up, Sam's limitations as a parent start to become a problem and the authorities take her away. Sam convinces high-priced lawyer Rita to take his case pro bono and in turn teaches her the value of love and family.",/wSgAn3zhgwuTOhhvvqcdxVqTLts.jpg,Sad
334543,tt3741834,Lion,2016,8.1,Drama,"A five-year-old Indian boy gets lost on the streets of Calcutta, thousands of kilometers from home. He survives many challenges before being adopted by a couple in Australia; 25 years later, he sets out to find his lost family.",/iBGRbLvg6kVc7wbS8wDdVHq6otm.jpg,Sad
120467,tt2278388,The Grand Budapest Hotel,2014,8.0,"Comedy, Drama","The Grand Budapest Hotel tells of a legendary concierge at a famous European hotel between the wars and his friendship with a young employee who becomes his trusted protégé. The story involves the theft and recovery of a priceless Renaissance painting, the battle for an enormous family fortune and the slow and then sudden upheavals that transformed Europe during the first half of the 20th century.",/eWdyYQreja6JGCzqHWXpWHDrrPo.jpg,Sad
840,tt0075860,Close Encounters of the Third Kind,1977,7.4,"Drama, Science Fiction","After an encounter with UFOs, an electricity linesman feels undeniably drawn to an isolated area in the wilderness where something spectacular is about to happen.",/4zfedS25uMAhgm6YQhc9bhKHbLl.jpg,Sad
901,tt0021749,City Lights,1931,8.3,"Comedy, Drama, Romance","In this sound-era silent film, a tramp falls in love with a beautiful blind flower seller.",/bXNvzjULc9jrOVhGfjcc64uKZmZ.jpg,Sad
157336,tt0816692,Interstellar,2014,8.4,"Adventure, Drama, Science Fiction",The adventures of a group of explorers who make use of a newly discovered wormhole to surpass the limitations on human space travel and conquer the vast distances involved in an interstellar voyage.,/gEU2QniE6E77NI6lCU6MxlNBvIx.jpg,Sad
334,tt0175880,Magnolia,1999,7.7,Drama,"An epic mosaic of many interrelated characters in search of happiness, forgiveness, and meaning in the San Fernando Valley.",/tpfC325Jk6S38VTe5dDWjWtoyxr.jpg,Sad
641,tt0180093,Requiem for a Dream,2000,8.0,"Crime, Drama",The hopes and dreams of four ambitious people are shattered when their drug addictions begin spiraling out of control. A look into addiction and how it overcomes the mind and body.,/nOd6vjEmzCT0k4VYqsA2hwyi87C.jpg,Sad
293299,tt3689498,Feast,2014,7.8,"Animation, Comedy, Drama, Family","This Oscar-winning animated short film tells the story of one man's love life as seen through the eyes of his best friend and dog, Winston, and revealed bite by bite through the meals they share.",/6hAgSxgd2YIK5pYhwowtnlGpwbe.jpg,Sad
13368,tt0047673,White Christmas,1954,7.2,"Comedy, Music, Romance",Two talented song-and-dance men team up after the war to become one of the hottest acts in show business. In time they befriend and become romantically involved with the beautiful Haynes sisters who comprise a sister act.,/A5kBQsHKbIptxJyELEpHQJROCRj.jpg,Sad
424694,tt1727824,Bohemian Rhapsody,2018,8.0,"Drama, History, Music","Singer Freddie Mercury, guitarist Brian May, drummer Roger Taylor and bass guitarist John Deacon take the music world by storm when they form the rock 'n' roll band Queen in 1970. Hit songs become instant classics. When Mercury's increasingly wild lifestyle starts to spiral out of control, Queen soon faces its greatest challenge yet – finding a way to keep the band together amid the success and excess.",/lHu1wtNaczFPGFDTrjCSzeLPTKN.jpg,Sad
715931,tt12530246,Emancipation,2022,7.9,"Drama, History, War","Inspired by the gripping true story of a man who would do anything for his family—and for freedom. When Peter, an enslaved man, risks his life to escape and return to his family, he embarks on a perilous journey of love and endurance.",/s9sUK1vAaOcxJfKzNTszrNkPhkH.jpg,Sad
406997,tt2543472,Wonder,2017,8.2,"Drama, Family","The story of August Pullman – a boy with facial differences – who enters fifth grade, attending a mainstream elementary school for the first time.",/ouYgAatYH4JzIThj6FI3UYf31RI.jpg,Sad
389,tt0050083,12 Angry Men,1957,8.5,Drama,"The defense and the prosecution have rested and the jury is filing into the jury room to decide if a young Spanish-American is guilty or innocent of murdering his father. What begins as an open and shut case soon becomes a mini-drama of each of the jurors' prejudices and preconceptions about the trial, the accused, and each other.",/ow3wq89wM8qd5X7hWKxiRfsFf9C.jpg,Sad
3082,tt0027977,Modern Times,1936,8.3,"Comedy, Drama",The Tramp struggles to live in modern industrial society with the help of a young homeless woman.,/7uoiKOEjxBBW0AgDGQWrlfGQ90w.jpg,Sad
1491,tt0443543,The Illusionist,2006,7.3,"Drama, Fantasy, Romance, Thriller","With his eye on a lovely aristocrat, a gifted illusionist named Eisenheim uses his powers to win her away from her betrothed, a crown prince. But Eisenheim's scheme creates tumult within the monarchy and ignites the suspicion of a dogged inspector.",/4I1oOPHNrHLcvz3wTMuETJLws9z.jpg,Sad
891,tt0074119,All the President's Men,1976,7.7,"Drama, History, Mystery, Thriller","During the 1972 elections, two reporters' investigation sheds light on the controversial Watergate scandal that compels President Nixon to resign from his post.",/cPtSHR7D2WGsDBfnC5DxV927hKn.jpg,Sad
449176,tt5164432,"Love, Simon",2018,8.0,"Comedy, Drama, Romance",Everyone deserves a great love story. But for seventeen-year old Simon Spier it's a little more complicated: he's yet to tell his family or friends he's gay and he doesn't know the identity of the anonymous classmate he's fallen for online.,/5YUYg5q7QfC4IoNwNUtiwdiYKPr.jpg,Sad
801,tt0093105,"Good Morning, Vietnam",1987,7.3,"Comedy, Drama, War","A disk jockey goes to Vietnam to work for the Armed Forces Radio Service. While he becomes popular among the troops, his superiors disapprove of his humour.",/rcod81d34X1avhRIKBOQ4BsHtYZ.jpg,Sad
84892,tt1659337,The Perks of Being a Wallflower,2012,7.8,Drama,"Pittsburgh, Pennsylvania, 1991. High school freshman Charlie is a wallflower, always watching life from the sidelines, until two senior students, Sam and her stepbrother Patrick, become his mentors, helping him discover the joys of friendship, music and love.",/aKCvdFFF5n80P2VdS7d8YBwbCjh.jpg,Sad
555604,tt1488589,Guillermo del Toro's Pinocchio,2022,8.2,"Animation, Drama, Fantasy, Music","During the rise of fascism in Mussolini's Italy, a wooden boy brought magically to life struggles to live up to his father's expectations.",/vx1u0uwxdlhV2MUzj4VlcMB0N6m.jpg,Sad
705,tt0042192,All About Eve,1950,8.1,Drama,"From the moment she glimpses her idol at the stage door, Eve Harrington is determined to take the reins of power away from the great actress Margo Channing. Eve maneuvers her way into Margo's Broadway role, becomes a sensation and even causes turmoil in the lives of Margo's director boyfriend, her playwright and his wife. Only the cynical drama critic sees through Eve, admiring her audacity and perfect pattern of deceit.",/6numIZH6uR3NlJgY9m7nGH0jhs.jpg,Sad
379170,tt3845232,Sherlock: The Abominable Bride,2016,7.9,"Crime, Drama, Mystery, TV Movie",Sherlock Holmes and Dr. Watson find themselves in 1890s London in this holiday special.,/hibE8cyZs2Bm0o4WaWd1pppvjO2.jpg,Sad
306819,tt0810819,The Danish Girl,2015,7.6,Drama,"When Gerda Wegener asks her husband Einar to fill in as a portrait model, Einar discovers the person she's meant to be and begins living her life as Lili Elbe. Having realized her true self and with Gerda's love and support, Lili embarks on a groundbreaking journey as a transgender pioneer.",/mXZZIacI5FC8thzSC0lgQBQ2uAX.jpg,Sad
200727,tt1638002,"Love, Rosie",2014,7.8,"Comedy, Drama, Romance","Since the moment they met at age 5, Rosie and Alex have been best friends, facing the highs and lows of growing up side by side. A fleeting shared moment, one missed opportunity, and the decisions that follow send their lives in completely different directions. As each navigates the complexities of life, love, and everything in between, they always find their way back to each other - but is it just friendship, or something more?",/rpD0t7DhzJVadnzgxSYrqljQTL2.jpg,Sad
506528,tt4648786,Harriet,2019,7.3,"Drama, History","The extraordinary tale of Harriet Tubman's escape from slavery and transformation into one of America's greatest heroes. Her courage, ingenuity and tenacity freed hundreds of slaves and changed the course of history.",/bNmuY9vOx1AEh3G8G1IUppFKAgj.jpg,Sad
470044,tt5580266,The Hate U Give,2018,8.2,"Crime, Drama","Raised in a poverty-stricken slum, a 16-year-old girl named Starr now attends a suburban prep school. After she witnesses a police officer shoot her unarmed best friend, she's torn between her two very different worlds as she tries to speak her truth.",/2icwBom0t5nmOuZI9FVXF3gkMK0.jpg,Sad
786,tt0181875,Almost Famous,2000,7.5,"Drama, Music","In 1973, 15-year-old William Miller's unabashed love of music and aspiration to become a rock journalist lands him an assignment from Rolling Stone magazine to interview and tour with the up-and-coming band, Stillwater.",/3rrkyLYbgLj84AYvjhdcJot4JPx.jpg,Sad
1578,tt0081398,Raging Bull,1980,8.0,Drama,"The life of boxer Jake LaMotta, whose violence and temper that led him to the top in the ring destroyed his life outside of it.",/3Ph6BrMvgniIzFfsloKbSdXWcd8.jpg,Sad
136,tt0022913,Freaks,1932,7.8,"Drama, Horror","A circus' beautiful trapeze artist agrees to marry the leader of side-show performers, but his deformed friends discover she is only marrying him for his inheritance.",/idK9v05lDtXm67bylUhQyvVlZM6.jpg,Sad
10020,tt0101414,Beauty and the Beast,1991,7.7,"Animation, Family, Fantasy, Romance","Follow the adventures of Belle, a bright young woman who finds herself in the castle of a prince who's been turned into a mysterious beast. With the help of the castle's enchanted staff, Belle soon learns the most important lesson of all -- that true beauty comes from within.",/hUJ0UvQ5tgE2Z9WpfuduVSdiCiU.jpg,Sad
617653,tt4244994,The Last Duel,2021,7.5,"Action, Drama, History","King Charles VI declares that Knight Jean de Carrouges settle his dispute with his squire, Jacques Le Gris, by challenging him to a duel.",/zjrJE0fpzPvX8saJXj8VNfcjBoU.jpg,Sad
497,tt0120689,The Green Mile,1999,8.5,"Crime, Drama, Fantasy","A supernatural tale set on death row in a Southern prison, where gentle giant John Coffey possesses the mysterious power to heal people's ailments. When the cell block's head guard, Paul Edgecomb, recognizes Coffey's miraculous gift, he tries desperately to help stave off the condemned man's execution.",/8VG8fDNiy50H4FedGwdSVUPoaJe.jpg,Sad
22683,tt1295085,Gifted Hands: The Ben Carson Story,2009,7.8,Drama,Gifted Hands: The Ben Carson Story is a movie based on the life story of world-renowned neurosurgeon Ben Carson from 1961 to 1987.,/4NxxtiqezjUmUxoDTOjO5FeJvFt.jpg,Sad
316029,tt1485796,The Greatest Showman,2017,7.9,Drama,"The story of American showman P.T. Barnum, founder of the circus that became the famous traveling Ringling Bros. and Barnum & Bailey Circus.",/b9CeobiihCx1uG1tpw8hXmpi7nm.jpg,Sad
11778,tt0077416,The Deer Hunter,1978,8.0,"Drama, War","A group of working-class friends decide to enlist in the Army during the Vietnam War and finds it to be hellish chaos -- not the noble venture they imagined. Before they left, Steven married his pregnant girlfriend -- and Michael and Nick were in love with the same woman. But all three are different men upon their return.",/bbGtogDZOg09bm42KIpCXUXICkh.jpg,Sad
524,tt0112641,Casino,1995,8.0,"Crime, Drama","In early-1970s Las Vegas, Sam ""Ace"" Rothstein gets tapped by his bosses to head the Tangiers Casino. At first, he's a great success in the job, but over the years, problems with his loose-cannon enforcer Nicky Santoro, his ex-hustler wife Ginger, her con-artist ex Lester Diamond and a handful of corrupt politicians put Sam in ever-increasing danger.",/6zEZY1htzRos2w0W3T7o7W1WJhp.jpg,Sad
640,tt0264464,Catch Me If You Can,2002,8.0,"Crime, Drama","A true story about Frank Abagnale Jr. who, before his 19th birthday, successfully conned millions of dollars worth of checks as a Pan Am pilot, doctor, and legal prosecutor. An FBI agent makes it his mission to put him behind bars. But Frank not only eludes capture, he revels in the pursuit.",/ctjEj2xM32OvBXCq8zAdK3ZrsAj.jpg,Sad
25941,tt1289406,Harry Brown,2009,6.8,"Action, Crime, Drama, Thriller",An elderly ex-serviceman and widower looks to avenge his best friend's murder by doling out his own form of justice.,/yx6CvzE7Z2osFdUnTRRqZX5Yh9L.jpg,Sad
324786,tt2119532,Hacksaw Ridge,2016,8.2,"Drama, History, War","WWII American Army Medic Desmond T. Doss, who served during the Battle of Okinawa, refuses to kill people and becomes the first Conscientious Objector in American history to receive the Congressional Medal of Honor.",/jcStBvbQt78tPeId5hC7a9jcDOK.jpg,Sad
10312,tt0129290,Patch Adams,1998,7.3,"Comedy, Drama","The true story of Dr. Hunter ""Patch"" Adams, who in the 1970s found that humor is the best medicine, and was willing to do just anything to make his patients laugh—even if it meant risking his own career.",/xN1aKur5ddWQSXTqvzDPJD2TCxe.jpg,Sad
10476,tt0410097,Hustle & Flow,2005,7.1,"Crime, Drama, Music","With help from his friends, a Memphis pimp in a mid-life crisis attempts to become a successful hip-hop emcee.",/9skOqw9sld2MKKqkKKU78e0Jw7W.jpg,Sad
311,tt0087843,Once Upon a Time in America,1984,8.4,"Crime, Drama","A former Prohibition-era Jewish gangster returns to the Lower East Side of Manhattan over thirty years later, where he once again must confront the ghosts and regrets of his old life.",/i0enkzsL5dPeneWnjl1fCWm6L7k.jpg,Sad
453,tt0268978,A Beautiful Mind,2001,7.9,"Drama, Romance","John Nash is a brilliant but asocial mathematician fighting schizophrenia. After he accepts secret work in cryptography, his life takes a turn for the nightmarish.",/zwzWCmH72OSC9NA0ipoqw5Zjya8.jpg,Sad
1939,tt0037008,Laura,1944,7.7,"Drama, Mystery",A police detective falls in love with the woman whose murder he's investigating.,/j0zEiFFrdbZnMXqD3piOtZBJeNB.jpg,Sad
15,tt0033467,Citizen Kane,1941,8.0,"Drama, Mystery","Newspaper magnate, Charles Foster Kane is taken from his mother as a boy and made the ward of a rich industrialist. As a result, every well-meaning, tyrannical or self-destructive move he makes for the rest of his life appears in some way to be a reaction to that deeply wounding event.",/sav0jxhqiH0bPr2vZFU0Kjt2nZL.jpg,Sad
207,tt0097165,Dead Poets Society,1989,8.3,Drama,"At an elite, old-fashioned boarding school in New England, a passionate English teacher inspires his students to rebel against convention and seize the potential of every day, courting the disdain of the stern headmaster.",/ai40gM7SUaGA6fthvsd87o8IQq4.jpg,Sad
398818,tt5726616,Call Me by Your Name,2017,8.2,"Drama, Romance","In 1980s Italy, a relationship begins between seventeen-year-old teenage Elio and the older adult man hired as his father's research assistant.",/mZ4gBdfkhP9tvLH1DO4m4HYtiyi.jpg,Sad
76203,tt2024544,12 Years a Slave,2013,7.9,"Drama, History","In the pre-Civil War United States, Solomon Northup, a free black man from upstate New York, is abducted and sold into slavery. Facing cruelty as well as unexpected kindnesses Solomon struggles not only to stay alive, but to retain his dignity. In the twelfth year of his unforgettable odyssey, Solomon’s chance meeting with a Canadian abolitionist will forever alter his life.",/xdANQijuNrJaw1HA61rDccME4Tm.jpg,Sad
703,tt0075686,Annie Hall,1977,7.8,"Comedy, Drama, Romance",New York comedian Alvy Singer falls in love with the ditsy Annie Hall.,/dEtjPywhDbAXYjoFfhBC4U9unU7.jpg,Sad
98,tt0172495,Gladiator,2000,8.2,"Action, Adventure, Drama","In the year 180, the death of emperor Marcus Aurelius throws the Roman Empire into chaos.  Maximus is one of the Roman army's most capable and trusted generals and a key advisor to the emperor.  As Marcus' devious son Commodus ascends to the throne, Maximus is set to be executed.  He escapes, but is captured by slave traders.  Renamed Spaniard and forced to become a gladiator, Maximus must battle to the death with other men for the amusement of paying audiences.",/ty8TGRuvJLPUmAR1H1nRIsgwvim.jpg,Sad
1585,tt0038650,It's a Wonderful Life,1946,8.3,"Drama, Family, Fantasy","A holiday favourite for generations...  George Bailey has spent his entire life giving to the people of Bedford Falls.  All that prevents rich skinflint Mr. Potter from taking over the entire town is George's modest building and loan company.  But on Christmas Eve the business's $8,000 is lost and George's troubles begin.",/mV3VcmMJN6Zwahj42dy9WwPUyRI.jpg,Sad
776503,tt10366460,CODA,2021,8.0,"Drama, Music, Romance","As a CODA (Child of Deaf Adults), Ruby is the only hearing person in her deaf family. When the family's fishing business is threatened, Ruby finds herself torn between pursuing her love of music and her fear of abandoning her parents.",/BzVjmm8l23rPsijLiNLUzuQtyd.jpg,Sad
508442,tt2948372,Soul,2020,8.2,"Animation, Comedy, Drama, Family, Fantasy","Joe Gardner is a middle school teacher with a love for jazz music. After a successful audition at the Half Note Club, he suddenly gets into an accident that separates his soul from his body and is transported to the You Seminar, a center in which souls develop and gain passions before being transported to a newborn child. Joe must enlist help from the other souls-in-training, like 22, a soul who has spent eons in the You Seminar, in order to get back to Earth.",/hm58Jw4Lw8OIeECIq5qyPYhAeRJ.jpg,Sad
369972,tt1213641,First Man,2018,7.0,"Drama, History","A look at the life of the astronaut, Neil Armstrong, and the legendary space mission that led him to become the first man to walk on the Moon on July 20, 1969.",/i91mfvFcPPlaegcbOyjGgiWfZzh.jpg,Sad
5143,tt0091167,Hannah and Her Sisters,1986,7.5,"Comedy, Drama","Between two Thanksgivings, Hannah's husband falls in love with her sister Lee, while her hypochondriac ex-husband rekindles his relationship with her sister Holly.",/gARgIRb2QFRFVrsziwWE389u1pK.jpg,Sad
111969,tt2205697,Stuck in Love,2013,7.4,"Comedy, Drama","An acclaimed writer, his ex-wife, and their teenaged children come to terms with the complexities of love in all its forms over the course of one tumultuous year.",/byic4VFVrpPyjDWK54CcsxYWW85.jpg,Sad
239,tt0053291,Some Like It Hot,1959,8.1,"Comedy, Crime, Romance","Two musicians witness a mob hit and struggle to find a way out of the city before they are found by the gangsters. Their only opportunity is to join an all-girl band as they leave on a tour. To make their getaway they must first disguise themselves as women, then keep their identities secret and deal with the problems this brings - such as an attractive bandmate and a very determined suitor.",/hVIKyTK13AvOGv7ICmJjK44DTzp.jpg,Sad
284,tt0053604,The Apartment,1960,8.2,"Comedy, Drama, Romance","Bud Baxter is a minor clerk in a huge New York insurance company, until he discovers a quick way to climb the corporate ladder. He lends out his apartment to the executives as a place to take their mistresses. Although he often has to deal with the aftermath of their visits, one night he's left with a major problem to solve.",/hhSRt1KKfRT0yEhEtRW3qp31JFU.jpg,Sad
556574,tt8503618,Hamilton,2020,8.2,"Drama, History","Presenting the tale of American founding father Alexander Hamilton, this filmed version of the original Broadway smash hit is the story of America then, told by America now.",/h1B7tW0t399VDjAcWJh8m87469b.jpg,Sad
43949,tt0817177,Flipped,2010,8.0,"Drama, Romance","When Juli meets Bryce in the second grade, she knows it's true love. After spending six years trying to convince Bryce the same, she's ready to give up - until he starts to reconsider.",/6zDYFigohwncqFL00MKbFV01dWb.jpg,Sad
106646,tt0993846,The Wolf of Wall Street,2013,8.0,"Comedy, Crime, Drama","A New York stockbroker refuses to cooperate in a large securities fraud case involving corruption on Wall Street, corporate banking world and mob infiltration. Based on Jordan Belfort's autobiography.",/34m2tygAYBGqA9MXKhRDtzYd4MR.jpg,Sad
359724,tt1950186,Ford v Ferrari,2019,8.0,"Action, Drama, History","American car designer Carroll Shelby and the British-born driver Ken Miles work together to battle corporate interference, the laws of physics, and their own personal demons to build a revolutionary race car for Ford Motor Company and take on the dominating race cars of Enzo Ferrari at the 24 Hours of Le Mans in France in 1966.",/dR1Ju50iudrOh3YgfwkAU1g2HZe.jpg,Sad
142,tt0388795,Brokeback Mountain,2005,7.8,"Drama, Romance","Rodeo cowboy Jack and ranch hand Ennis are hired as sheepherders in 1963 Wyoming. One night on Brokeback Mountain, they spark a physical relationship. Though Ennis marries his longtime sweetheart and Jack marries a fellow rodeo rider, they keep up their tortured, sporadic love affair for 20 years.",/fsbzfe9eLOEl5rJX04nPEr1eoAi.jpg,Sad
67660,tt1621045,Think Like a Man,2012,6.9,"Comedy, Romance","The balance of power in four couples’ relationships is upset when the women start using the advice in Steve Harvey’s book, Act Like A Lady, Think Like A Man, to get more of what they want from their men. When the men realize that the women have gotten a hold of their relationship “playbook,” they decide that the best defense is a good offense and come up with a plan to use this information to their advantage.",/kfIrKVPDzXJDBzPnFEuoatlaZPW.jpg,Sad
150540,tt2096673,Inside Out,2015,7.9,"Adventure, Animation, Comedy, Drama, Family","Growing up can be a bumpy road, and it's no exception for Riley, who is uprooted from her Midwest life when her father starts a new job in San Francisco. Riley's guiding emotions— Joy, Fear, Anger, Disgust and Sadness—live in Headquarters, the control centre inside Riley's mind, where they help advise her through everyday life and tries to keep things positive, but the emotions conflict on how best to navigate a new city, house and school.",/2H1TmgdfNtsKlU9jKdeNyYL5y8T.jpg,Sad
11970,tt0119282,Hercules,1997,7.5,"Adventure, Animation, Comedy, Family, Fantasy, Romance","Bestowed with superhuman strength, a young mortal named Hercules sets out to prove himself a hero in the eyes of his father, the great god Zeus. Along with his friends Pegasus, a flying horse, and Phil, a personal trainer, Hercules is tricked by the hilarious, hotheaded villain Hades, who's plotting to take over Mount Olympus!",/qQsspacWlYn5GZxz15ZhvGqkxgh.jpg,Sad
819,tt0117665,Sleepers,1996,7.6,"Crime, Drama, Thriller",Two gangsters seek revenge on the state jail worker who during their stay at a youth prison sexually abused them. A sensational court hearing takes place to charge him for the crimes.,/yUpiEk2EojS9ZEXb3nIQonQCYYF.jpg,Sad
8094,tt0318411,The Magdalene Sisters,2002,7.4,"Drama, History","Four women are given into the custody of the Magdalene sisterhood asylum to correct their sinful behavior: Crispina and Rose have given birth to a premarital child, Margaret got raped by her cousin and the orphan Bernadette had been repeatedly caught flirting with the boys. All have to work in a laundry under the strict supervision of the nuns, who break their wills through sadistic punishment.",/akOnyPsfzcDvCwP3lzY35i2NIha.jpg,Sad
244786,tt2582802,Whiplash,2014,8.4,"Drama, Music","Under the direction of a ruthless instructor, a talented young drummer begins to pursue perfection at any cost, even his humanity.",/7fn624j5lj3xTme2SgiLCeuedmO.jpg,Sad
6075,tt0106519,Carlito's Way,1993,7.8,"Crime, Drama, Romance, Thriller","A Puerto-Rican ex-con, just released from prison, pledges to stay away from drugs and violence despite the pressure around him, and lead a better life outside NYC.",/g6D7mjQtndu768cusGmoEQY9fTB.jpg,Sad
264644,tt3170832,Room,2015,8.0,"Drama, Thriller","Held captive for 7 years in an enclosed space, a woman and her young son finally gain their freedom, allowing the boy to experience the outside world for the first time.",/dIxoYFcj6EqD5KScuU8lWCftnvH.jpg,Sad
5925,tt0057115,The Great Escape,1963,7.9,"Adventure, Drama, History, Thriller, War","The Nazis, exasperated at the number of escapes from their prison camps by a relatively small number of Allied prisoners, relocate them to a high-security 'escape-proof' camp to sit out the remainder of the war. Undaunted, the prisoners plan one of the most ambitious escape attempts of World War II. Based on a true story.",/gBH4H8UMFxl139HaLz6lRuvsel8.jpg,Sad
5915,tt0758758,Into the Wild,2007,7.8,"Adventure, Drama","After graduating from Emory University in 1992, top student and athlete Christopher McCandless abandons his possessions, gives his entire $24,000 savings account to charity, and hitchhikes to Alaska to live in the wilderness.",/2MSGZEE6XZd2r4ODNziwAw7Hpw0.jpg,Sad
1955,tt0080678,The Elephant Man,1980,8.1,"Drama, History","A Victorian surgeon rescues a heavily disfigured man being mistreated by his ""owner"" as a side-show freak. Behind his monstrous façade, there is revealed a person of great intelligence and sensitivity. Based on the true story of Joseph Merrick (called John Merrick in the film), a severely deformed man in 19th century London.",/u0wpPYjuSt8DIe1Y3Vapnh8jcKE.jpg,Sad
359784,tt3721954,Maudie,2016,7.7,"Drama, Romance",Canadian folk artist Maud Lewis falls in love with a fishmonger while working for him as a live-in housekeeper.,/wu9RPdV0uEemFEewJQ6fWwJ9ZcU.jpg,Sad
9665,tt0097441,Glory,1989,7.5,"Drama, History, War","Robert Gould Shaw leads the US Civil War's first all-black volunteer company, fighting prejudices of both his own Union army and the Confederates.",/tubPIJJah9iJ9eDHXxaxjLdOcQd.jpg,Sad
238,tt0068646,The Godfather,1972,8.7,"Crime, Drama","Spanning the years 1945 to 1955, a chronicle of the fictional Italian-American Corleone crime family. When organized crime family patriarch, Vito Corleone barely survives an attempt on his life, his youngest son, Michael steps in to take care of the would-be killers, launching a campaign of bloody revenge.",/3bhkrj58Vtu7enYsRolD1fZdja1.jpg,Sad
1544,tt0421994,Imagine Me & You,2005,7.6,"Comedy, Drama, Romance","During her wedding ceremony, Rachel notices Luce in the audience and feels instantly drawn to her. The two women become close friends, and when Rachel learns that Luce is a lesbian, she realizes that despite her happy marriage to Heck, she is falling for Luce. As she questions her sexual orientation, Rachel must decide between her stable relationship with Heck and her exhilarating new romance with Luce.",/a7CbxY3TMwFKX6awlBxhb7Es6tS.jpg,Sad
909,tt0037059,Meet Me in St. Louis,1944,7.0,"Comedy, Drama, Family, Romance",The life of a St. Louis family in the year before the 1904 St. Louis World's Fair.,/ekVeUvG81pidsv2LMtWf5yYcNbq.jpg,Sad
376867,tt4975722,Moonlight,2016,7.4,Drama,"The tender, heartbreaking story of a young man’s struggle to find himself, told across three defining chapters in his life as he experiences the ecstasy, pain, and beauty of falling in love, while grappling with his own sexuality.",/4911T5FbJ9eD2Faz5Z8cT3SUhU3.jpg,Sad
1422,tt0407887,The Departed,2006,8.2,"Crime, Drama, Thriller","To take down South Boston's Irish Mafia, the police send in one of their own to infiltrate the underworld, not realizing the syndicate has done likewise. While an undercover cop curries favor with the mob kingpin, a career criminal rises through the police ranks. But both sides soon discover there's a mole among them.",/nT97ifVT2J1yMQmeq20Qblg61T.jpg,Sad
1633,tt0101921,Fried Green Tomatoes,1991,7.7,"Comedy, Drama","Amidst her own personality crisis, southern housewife Evelyn Couch meets Ninny, an outgoing old woman who tells her the story of Idgie Threadgoode and Ruth Jamison, two young women who experienced hardships and love in Whistle Stop, Alabama in the 1920s.",/d8ugzsCSHoAlGyHr0Zyep6BKvLQ.jpg,Sad
587,tt0319061,Big Fish,2003,7.8,"Adventure, Drama, Fantasy","Throughout his life Edward Bloom has always been a man of big appetites, enormous passions and tall tales. In his later years, he remains a huge mystery to his son, William. Now, to get to know the real man, Will begins piecing together a true picture of his father from flashbacks of his amazing adventures.",/tjK063yCgaBAluVU72rZ6PKPH2l.jpg,Sad
44115,tt1542344,127 Hours,2010,7.1,"Adventure, Drama, Thriller",The true story of mountain climber Aron Ralston's remarkable adventure to save himself after a fallen boulder crashes on his arm and traps him in an isolated canyon in Utah.,/xbszsQv3ifdFZtQu8CzNh4zh0MX.jpg,Sad
152601,tt1798709,Her,2013,7.9,"Drama, Romance, Science Fiction","In the not so distant future, Theodore, a lonely writer, purchases a newly developed operating system designed to meet the user's every need. To Theodore's surprise, a romantic relationship develops between him and his operating system. This unconventional love story blends science fiction and romance in a sweet tale that explores the nature of love and the ways that technology isolates and connects us all.",/eCOtqtfvn7mxGl6nfmq4b1exJRc.jpg,Sad
454983,tt3799232,The Kissing Booth,2018,7.2,"Comedy, Romance","When teenager Elle's first kiss leads to a forbidden romance with the hottest boy in high school, she risks her relationship with her best friend.",/7Dktk2ST6aL8h9Oe5rpk903VLhx.jpg,Sad
949,tt0113277,Heat,1995,7.9,"Action, Crime, Drama",Obsessive master thief Neil McCauley leads a top-notch crew on various daring heists throughout Los Angeles while determined detective Vincent Hanna pursues him without rest. Each man recognizes and respects the ability and the dedication of the other even though they are aware their cat-and-mouse game may end in violence.,/umSVjVdbVwtx5ryCA2QXL44Durm.jpg,Sad
599,tt0043014,Sunset Boulevard,1950,8.3,Drama,A hack screenwriter writes a screenplay for a former silent film star who has faded into Hollywood obscurity.,/sC4Dpmn87oz9AuxZ15Lmip0Ftgr.jpg,Sad
872585,tt15398776,Oppenheimer,2023,8.3,"Drama, History",The story of J. Robert Oppenheimer’s role in the development of the atomic bomb during World War II.,/8Gxv8gSFCU0XGDykEGv7zR1n2ua.jpg,Sad
73,tt0120586,American History X,1998,8.4,Drama,"Derek Vineyard is paroled after serving 3 years in prison for killing two African-American men. Through his brother, Danny Vineyard's narration, we learn that before going to prison, Derek was a skinhead and the leader of a violent white supremacist gang that committed acts of racial crime throughout L.A. and his actions greatly influenced Danny. Reformed and fresh out of prison, Derek severs contact with the gang and becomes determined to keep Danny from going down the same violent path as he did.",/euypWkaYFOLW3e5rLIcTAjWnhhT.jpg,Sad
194662,tt2562232,Birdman or (The Unexpected Virtue of Ignorance),2014,7.5,"Comedy, Drama","A fading actor best known for his portrayal of a popular superhero attempts to mount a comeback by appearing in a Broadway play. As opening night approaches, his attempts to become more altruistic, rebuild his career, and reconnect with friends and family prove more difficult than expected.",/rHUg2AuIuLSIYMYFgavVwqt1jtc.jpg,Sad
323272,tt3832914,War Room,2015,7.8,"Drama, Romance","The family-friendly movie explores the transformational role prayer plays in the lives of the Jordan family. Tony and Elizabeth Jordan, a middle-class couple who seemingly have it all – great jobs, a beautiful daughter, their dream home. But appearances can be deceiving. In reality, the Jordan’s marriage has become a war zone and their daughter is collateral damage. With the help of Miss Clara, an older, wiser woman, Elizabeth discovers she can start fighting for her family instead of against them. Through a newly energized faith, Elizabeth and Tony’s real enemy doesn’t have a prayer.",/unxQeVUi5DH01r7ZNvAHwpvX7UK.jpg,Sad
343,tt0067185,Harold and Maude,1971,7.6,"Comedy, Drama, Romance",The young Harold lives in his own world of suicide-attempts and funeral visits to avoid the misery of his current family and home environment. Harold meets an 80-year-old woman named Maude who also lives in her own world yet one in which she is having the time of her life. When the two opposites meet they realize that their differences don’t matter and they become best friends and love each other.,/t7qEuGwDjcYu8ajaKZ68DeDnOxw.jpg,Sad
197,tt0112573,Braveheart,1995,7.9,"Action, Drama, History, War","Enraged at the slaughter of Murron, his new bride and childhood love, Scottish warrior William Wallace slays a platoon of the local English lord's soldiers. This leads the village to revolt and, eventually, the entire country to rise up against English rule.",/or1gBugydmjToAEq7OZY0owwFk.jpg,Sad
50646,tt1570728,"Crazy, Stupid, Love.",2011,7.3,"Comedy, Drama, Romance","Cal Weaver is living the American dream. He has a good job, a beautiful house, great children and a beautiful wife, named Emily. Cal's seemingly perfect life unravels, however, when he learns that Emily has been unfaithful and wants a divorce. Over 40 and suddenly single, Cal is adrift in the fickle world of dating. Enter, Jacob Palmer, a self-styled player who takes Cal under his wing and teaches him how to be a hit with the ladies.",/p4RafgAPk558muOjnBMHhMArjS2.jpg,Sad
12405,tt1010048,Slumdog Millionaire,2008,7.7,"Drama, Romance","A teenager reflects on his life after being accused of cheating on the Indian version of ""Who Wants to be a Millionaire?"".",/5leCCi7ZF0CawAfM5Qo2ECKPprc.jpg,Sad
455661,tt6969946,In a Heartbeat,2017,8.0,"Animation, Comedy, Family, Romance",A closeted boy runs the risk of being outed by his own heart after it pops out of his chest to chase down the boy of his dreams.,/wJUJROdLOtOzMixkjkx1aaZGSLl.jpg,Sad
426,tt0052357,Vertigo,1958,8.2,"Mystery, Romance, Thriller","A retired San Francisco detective suffering from acrophobia investigates the strange activities of an old friend's wife, all the while becoming dangerously obsessed with her.",/15uOEfqBNTVtDUT7hGBVCka0rZz.jpg,Sad
21634,tt1073510,Prayers for Bobby,2009,8.1,"Drama, History, TV Movie","Bobby Griffith was his mother's favorite son, the perfect all-American boy growing up under deeply religious influences in Walnut Creek, California. Bobby was also gay. Struggling with a conflict no one knew of, much less understood, Bobby finally came out to his family.",/1viFwXluAettogGDsTrSUUg29lZ.jpg,Sad
981,tt0032904,The Philadelphia Story,1940,7.7,"Comedy, Romance","When a rich woman's ex-husband and a tabloid-type reporter turn up just before her planned remarriage, she begins to learn the truth about herself.",/dKUubjvxO78XDts6VP1Ggcp4R9O.jpg,Sad
185,tt0066921,A Clockwork Orange,1971,8.2,"Drama, Science Fiction","In a near-future Britain, young Alexander DeLarge and his pals get their kicks beating and raping anyone they please. When not destroying the lives of others, Alex swoons to the music of Beethoven. The state, eager to crack down on juvenile crime, gives an incarcerated Alex the option to undergo an invasive procedure that'll rob him of all personal agency. In a time when conscience is a commodity, can Alex change his tune?",/4sHeTAp65WrSSuc05nRBKddhBxO.jpg,Sad
11036,tt0332280,The Notebook,2004,7.9,"Drama, Romance","An epic love story centered around an older man who reads aloud to a woman with Alzheimer's. From a faded notebook, the old man's words bring to life the story about a couple who is separated by World War II, and is then passionately reunited, seven years later, after they have taken different paths.",/rNzQyW4f8B8cQeg7Dgj3n6eT5k9.jpg,Sad
279,tt0086879,Amadeus,1984,8.0,"Drama, History, Music","Wolfgang Amadeus Mozart is a remarkably talented young Viennese composer who unwittingly finds a fierce rival in the disciplined and determined Antonio Salieri. Resenting Mozart for both his hedonistic lifestyle and his undeniable talent, the highly religious Salieri is gradually consumed by his jealousy and becomes obsessed with Mozart's downfall, leading to a devious scheme that has dire consequences for both men.",/1n5VUlCqgmVax1adxGZm8oCFaKc.jpg,Sad
1607,tt0106489,A Bronx Tale,1993,7.8,"Crime, Drama","Set in the Bronx during the tumultuous 1960s, an adolescent boy is torn between his honest, working-class father and a violent yet charismatic crime boss. Complicating matters is the youngster's growing attraction - forbidden in his neighborhood - for a beautiful black girl.",/sDbO6LmLYtyqAoFTPpRcMgPSCEO.jpg,Sad
1124,tt0482571,The Prestige,2006,8.2,"Drama, Mystery, Science Fiction","A mysterious story of two magicians whose intense rivalry leads them on a life-long battle for supremacy -- full of obsession, deceit and jealousy with dangerous and deadly consequences.",/Ag2B2KHKQPukjH7WutmgnnSNurZ.jpg,Sad
423,tt0253474,The Pianist,2002,8.4,"Drama, War","The true story of pianist Władysław Szpilman's experiences in Warsaw during the Nazi occupation. When the Jews of the city find themselves forced into a ghetto, Szpilman finds work playing in a café; and when his family is deported in 1942, he stays behind, works for a while as a laborer, and eventually goes into hiding in the ruins of the war-torn city.",/2hFvxCCWrTmCYwfy7yum0GKRi3Y.jpg,Sad
50014,tt1454029,The Help,2011,8.2,Drama,"Aibileen Clark is a middle-aged African-American maid who has spent her life raising white children and has recently lost her only son; Minny Jackson is an African-American maid who has often offended her employers despite her family's struggles with money and her desperate need for jobs; and Eugenia ""Skeeter"" Phelan is a young white woman who has recently moved back home after graduating college to find out her childhood maid has mysteriously disappeared. These three stories intertwine to explain how life in Jackson, Mississippi revolves around ""the help""; yet they are always kept at a certain distance because of racial lines.",/3kmfoWWEc9Vtyuaf9v5VipRgdjx.jpg,Sad
14438,tt1129423,Fireproof,2008,7.6,Drama,"A heroic fire captain values dedication and service to others above all else, but the most important partnership in his life, his marriage, is about to go up in smoke.",/hfoCG75j1YaNyfZGPg0rWy3nFmU.jpg,Sad
990,tt0054997,The Hustler,1961,7.7,"Drama, Romance",Fast Eddie Felson is a small-time pool hustler with a lot of talent but a self-destructive attitude. His bravado causes him to challenge the legendary Minnesota Fats to a high-stakes match.,/bUZiJFrC1Zp3zXHmOpR7gxR5VKy.jpg,Sad
262,tt0085794,The King of Comedy,1982,7.8,"Comedy, Drama","Aspiring comic Rupert Pupkin attempts to achieve success in show business by stalking his idol, a late night talk-show host who craves his own privacy.",/3BM78deUfeZfShqPTblZuamgC8a.jpg,Sad
1402,tt0454921,The Pursuit of Happyness,2006,7.9,Drama,A struggling salesman takes custody of his son as he's poised to begin a life-changing professional career.,/kTdG9wKnREyjK6nlFDNmpe7wlIK.jpg,Sad
2270,tt0486655,Stardust,2007,7.2,"Adventure, Family, Fantasy, Romance","In a countryside town bordering on a magical land, a young man makes a promise to his beloved that he'll retrieve a fallen star by venturing into the magical realm. His journey takes him into a world beyond his wildest dreams and reveals his true identity.",/AsCrevARwF6eCrF2v8zpLdn0gth.jpg,Sad
117,tt0094226,The Untouchables,1987,7.8,"Crime, Drama, History, Thriller","Young Treasury Agent Eliot Ness arrives in Chicago and is determined to take down Al Capone, but it's not going to be easy because Capone has the police in his pocket. Ness meets Jim Malone, a veteran patrolman and probably the most honorable one on the force. He asks Malone to help him get Capone, but Malone warns him that if he goes after Capone, he is going to war.",/8BquGK22zCcsmBWiaIakaaPpSZb.jpg,Sad
447362,tt6598238,Life in a Year,2020,8.3,"Drama, Romance","A 17 year old finds out that his girlfriend is dying, so he sets out to give her an entire life, in the last year she has left.",/bP7u19opmHXYeTCUwGjlLldmUMc.jpg,Sad
296096,tt2674426,Me Before You,2016,7.9,"Drama, Romance","A small town girl is caught between dead-end jobs. A high-profile, successful man becomes wheelchair bound following an accident. The man decides his life is not worth living until the girl is hired for six months to be his new caretaker. Worlds apart and trapped together by circumstance, the two get off to a rocky start. But the girl becomes determined to prove to the man that life is worth living and as they embark on a series of adventures together, each finds their world changing in ways neither of them could begin to imagine.",/Ia3dzj5LnCj1ZBdlVeJrbKJQxG.jpg,Sad
37257,tt0051201,Witness for the Prosecution,1957,8.2,"Crime, Drama, Mystery","When Leonard Vole is arrested for the sensational murder of a rich, middle-aged widow, the famous Sir Wilfrid Robarts agrees to appear on his behalf. Sir Wilfrid, recovering from a near-fatal heart attack, is supposed to be on a diet of bland, civil suits—but the lure of the criminal courts is too much for him, especially when the case is so difficult.",/mM5Cad2ESBprh6ucPnMzMfI34Cu.jpg,Sad
68734,tt1024648,Argo,2012,7.3,"Drama, Thriller","As the Iranian revolution reaches a boiling point, a CIA 'exfiltration' specialist concocts a risky plan to free six Americans who have found shelter at the home of the Canadian ambassador.",/9LcnmIeKUfKeAxeCY82W9Jug416.jpg,Sad
466272,tt7131622,Once Upon a Time… in Hollywood,2019,7.4,"Comedy, Drama, Thriller","Los Angeles, 1969. TV star Rick Dalton, a struggling actor specializing in westerns, and stuntman Cliff Booth, his best friend, try to survive in a constantly changing movie industry. Dalton is the neighbor of the young and promising actress and model Sharon Tate, who has just married the prestigious Polish director Roman Polanski…",/8j58iEBw9pOXFD2L0nt0ZXeHviB.jpg,Sad
57212,tt1568911,War Horse,2011,7.3,"Adventure, Drama, History, War","On the brink of the First World War, Albert's beloved horse Joey is sold to the Cavalry by his father. Against the backdrop of the Great War, Joey begins an odyssey full of danger, joy, and sorrow, and he transforms everyone he meets along the way. Meanwhile, Albert, unable to forget his equine friend, searches the battlefields of France to find Joey and bring him home.",/nF66DU2zPLFb9CxDQNSNX2RgNaq.jpg,Sad
1830,tt0399295,Lord of War,2005,7.3,"Crime, Drama, Thriller","Yuri Orlov is a globetrotting arms dealer and, through some of the deadliest war zones, he struggles to stay one step ahead of a relentless Interpol agent, his business rivals and even some of his customers who include many of the world's most notorious dictators. Finally, he must also face his own conscience.",/3MGQD4yXokufNlW1AyRXdiy7ytP.jpg,Sad
387426,tt3967856,Okja,2017,7.4,"Adventure, Drama, Fantasy, Science Fiction","A young girl named Mija risks everything to prevent a powerful, multi-national company from kidnapping her best friend - a massive animal named Okja.",/pHlRr2MfjK77VIIAO7p0R4jhsJI.jpg,Sad
313369,tt3783958,La La Land,2016,7.9,"Comedy, Drama, Music, Romance","Mia, an aspiring actress, serves lattes to movie stars in between auditions and Sebastian, a jazz musician, scrapes by playing cocktail party gigs in dingy bars, but as success mounts they are faced with decisions that begin to fray the fragile fabric of their love affair, and the dreams they worked so hard to maintain in each other threaten to rip them apart.",/uDO8zWDhfWwoFdKS4fzkUJt0Rf0.jpg,Sad
3175,tt0072684,Barry Lyndon,1975,8.0,"Drama, Romance, War","An Irish rogue uses his cunning and wit to work his way up the social classes of 18th century England, transforming himself from the humble Redmond Barry into the noble Barry Lyndon.",/dOJtBSyI30wWc08UmyEKLsu4Rfk.jpg,Sad
10386,tt0129167,The Iron Giant,1999,7.9,"Animation, Drama, Family, Science Fiction","In the small town of Rockwell, Maine in October 1957, a giant metal machine befriends a nine-year-old boy and ultimately finds its humanity by unselfishly saving people from their own fears and prejudices.",/mThOw5rXLtdbY3WmuTsS9zsQBMG.jpg,Sad
60308,tt1210166,Moneyball,2011,7.3,Drama,"The story of Oakland Athletics general manager Billy Beane's successful attempt to put together a baseball team on a budget, by employing computer-generated analysis to draft his players.",/4yIQq1e6iOcaZ5rLDG3lZBP3j7a.jpg,Sad
19542,tt0040725,The Red Shoes,1948,8.0,"Drama, Romance","In this classic drama, Vicky Page is an aspiring ballerina torn between her dedication to dance and her desire to love. While her imperious instructor, Boris Lermontov, urges to her to forget anything but ballet, Vicky begins to fall for the charming young composer Julian Craster. Eventually Vicky, under great emotional stress, must choose to pursue either her art or her romance, a decision that carries serious consequences.",/5NuMQd17KZx0lCxedJoIuFnt7li.jpg,Sad
15121,tt0059742,The Sound of Music,1965,7.7,"Drama, Family, Music, Romance","In the years before the Second World War, a tomboyish postulant at an Austrian abbey is hired as a governess in the home of a widowed naval captain with seven children, and brings a new love of life and music into the home.",/pDuoh2fKuacDXYtpREJysMOzQmS.jpg,Sad
203,tt0070379,Mean Streets,1973,7.1,"Crime, Drama","A small-time hood must choose from among love, friendship and the chance to rise within the mob.",/9msfwOeGc9uL1iRRTBdEf15XonC.jpg,Sad
537116,tt8721424,"tick, tick... BOOM!",2021,7.7,"Drama, Music","On the cusp of his 30th birthday, Jonathon Larson, a promising young theater composer, navigates love, friendship, and the pressures of life as an artist in New York City.",/DPmfcuR8fh8ROYXgdjrAjSGA0o.jpg,Sad
650,tt0101507,Boyz n the Hood,1991,7.6,"Crime, Drama",Boyz n the Hood is the popular and successful film and social criticism from John Singleton about the conditions in South Central Los Angeles where teenagers are involved in gun fights and drug dealing on a daily basis.,/v4ox4aSCNT5vyLXl4Q71JiWwCXW.jpg,Sad
9023,tt0166813,Spirit: Stallion of the Cimarron,2002,7.7,"Adventure, Animation, Comedy, Drama, Family","As a wild stallion travels across the frontiers of the Old West, he befriends a young human and finds true love with a mare.",/cUgYrz4twiJ3QgVGpRfey984NIB.jpg,Sad
451480,tt1289403,The Guernsey Literary & Potato Peel Pie Society,2018,7.5,"Drama, History, Romance","Free-spirited writer Juliet Ashton forms a life-changing bond with the delightful and eccentric Guernsey Literary and Potato Peel Pie Society, when she decides to write about the book club they formed during the occupation of Guernsey in WWII.",/2XcN2aIma8TqShsOBPbcpxLzY1A.jpg,Sad
8356,tt0050105,An Affair to Remember,1957,7.4,"Drama, Romance",A couple falls in love and agrees to meet in six months at the Empire State Building - but will it happen?,/jwbWglYHbjqUu8M9DjTYzTOFklt.jpg,Sad
594,tt0362227,The Terminal,2004,7.3,"Comedy, Drama","Viktor Navorski is a man without a country; his plane took off just as a coup d'etat exploded in his homeland, leaving it in shambles, and now he's stranded at Kennedy Airport, where he's holding a passport that nobody recognizes. While quarantined in the transit lounge until authorities can figure out what to do with him, Viktor simply goes on living – and courts romance with a beautiful flight attendant.",/pXNomqKcKXAQbuWxehb2N3XFKfn.jpg,Sad
696,tt0079522,Manhattan,1979,7.8,"Comedy, Drama, Romance",Manhattan explores how the life of a middle-aged television writer dating a teenage girl is further complicated when he falls in love with his best friend's mistress.,/k4eT3EvfxW1L9Wmt04UqJqCvCR6.jpg,Sad
10537,tt0101761,The Doors,1991,7.1,"Drama, History, Music","The story of the famous and influential 1960s rock band and its lead singer and composer, Jim Morrison.",/x1LM3dzGuG6xOz0aT2e71o11vhu.jpg,Sad
947,tt0056172,Lawrence of Arabia,1962,8.0,"Adventure, Drama, History, War","The story of British officer T.E. Lawrence's mission to aid the Arab tribes in their revolt against the Ottoman Empire during the First World War. Lawrence becomes a flamboyant, messianic figure in the cause of Arab unity but his psychological instability threatens to undermine his achievements.",/AiAm0EtDvyGqNpVoieRw4u65vD1.jpg,Sad
205587,tt1872194,The Judge,2014,7.3,Drama,"A successful lawyer returns to his hometown for his mother's funeral only to discover that his estranged father, the town's judge, is suspected of murder.",/tefUxj4Gg9hgQNgfEYd7kJQrIlD.jpg,Sad
1646,tt0463998,Freedom Writers,2007,7.9,"Crime, Drama","A young teacher inspires her class of at-risk students to learn tolerance, apply themselves, and pursue education beyond high school.",/81AdeUQT99N0xPg3j6RVh0YGOTk.jpg,Sad
80,tt0381681,Before Sunset,2004,7.8,"Drama, Romance","Nine years later, Jesse travels across Europe giving readings from a book he wrote about the night he spent in Vienna with Celine. After his reading in Paris, Celine finds him, and they spend part of the day together before Jesse has to again leave for a flight. They are both in relationships now, and Jesse has a son, but as their strong feelings for each other start to return, both confess a longing for more.",/gycdE1ARByGQcK4fYR2mgpU6OO.jpg,Sad
490132,tt6966692,Green Book,2018,8.2,"Comedy, Drama","Tony Lip, a bouncer in 1962, is hired to drive pianist Don Shirley on a tour through the Deep South in the days when African Americans, forced to find alternate accommodations and services due to segregation laws below the Mason-Dixon Line, relied on a guide called The Negro Motorist Green Book.",/7BsvSuDQuoqhWmU2fL7W2GOcZHU.jpg,Sad
550,tt0137523,Fight Club,1999,8.4,Drama,"A ticking-time-bomb insomniac and a slippery soap salesman channel primal male aggression into a shocking new form of therapy. Their concept catches on, with underground ""fight clubs"" forming in every town, until an eccentric gets in the way and ignites an out-of-control spiral toward oblivion.",/pB8BM7pdSp6B6Ih7QZ4DrQ3PmJK.jpg,Sad
20334,tt0033045,The Shop Around the Corner,1940,8.3,"Comedy, Drama, Romance","Two employees at a gift shop can barely stand one another, without realising that they are falling in love through the post as each other's anonymous pen pal.",/dZ1aEzGYRiqJwPfjS6VL7wUkHmF.jpg,Sad
13466,tt0132477,October Sky,1999,7.6,"Drama, Family","Based on the true story of Homer Hickam, a coal miner's son who was inspired by the first Sputnik launch to take up rocketry against his father's wishes, and eventually became a NASA scientist.",/iZiHYgDjt1A03QJwCnQsDvmZtCR.jpg,Sad
824,tt0203009,Moulin Rouge!,2001,7.6,"Drama, Music, Romance","A celebration of love and creative inspiration takes place in the infamous, gaudy and glamorous Parisian nightclub, at the cusp of the 20th century. A young poet, who is plunged into the heady world of Moulin Rouge, begins a passionate affair with the club's most notorious and beautiful star.",/qH2Z5MXMwURxCcC5EBfSKjluzih.jpg,Sad
1374,tt0089927,Rocky IV,1985,7.1,Drama,"Rocky Balboa proudly holds the world heavyweight boxing championship, but a new challenger has stepped forward: Drago, a six-foot-four, 261-pound fighter who has the backing of the Soviet Union.",/v33qcJ5NTYIcoII9CB0A8rSU8VA.jpg,Sad
874,tt0060665,A Man for All Seasons,1966,7.3,"Drama, History","A depiction of the conflict between King Henry VIII of England and his Lord Chancellor, Sir Thomas More, who refuses to swear the Oath of Supremacy declaring Henry Supreme Head of the Church in England.",/fKdIMxsxt2PQlHGqmnl8uSS2C54.jpg,Sad
13562,tt0028010,My Man Godfrey,1936,7.6,"Comedy, Romance","Fifth Avenue socialite Irene Bullock needs a ""forgotten man"" to win a scavenger hunt, and no one is more forgotten than Godfrey Park, who resides in a dump by the East River. Irene hires Godfrey as a servant for her riotously unhinged family, to the chagrin of her spoiled sister, Cornelia, who tries her best to get Godfrey fired. As Irene falls for her new butler, Godfrey turns the tables and teaches the frivolous Bullocks a lesson or two.",/wtfOW7fIxBZWY78rvUoPpWhMSiR.jpg,Sad
293,tt0105265,A River Runs Through It,1992,7.0,"Drama, Family","A River Runs Through It is a cinematographically stunning true story of Norman Maclean. The story follows Norman and his brother Paul through the experiences of life and growing up, and how their love of fly fishing keeps them together despite varying life circumstances in the untamed west of Montana in the 1920s.",/rL4odYIaO0xcksUQ9qzRFfU6lH2.jpg,Sad
11005,tt0099077,Awakenings,1990,7.8,Drama,"Dr. Malcolm Sayer, a shy research physician, uses an experimental drug to ""awaken"" the catatonic victims of a rare disease. Leonard is the first patient to receive the controversial treatment. His awakening, filled with awe and enthusiasm, proves a rebirth for Sayer too, as the exuberant patient reveals life's simple but unutterably sweet pleasures to the introverted doctor.",/9gztZXuHLG6AJ0fgqGd7Q43cWRI.jpg,Sad
829,tt0071315,Chinatown,1974,7.9,"Crime, Drama, Mystery, Thriller","Private eye Jake Gittes lives off of the murky moral climate of sunbaked, pre-World War II Southern California. Hired by a beautiful socialite to investigate her husband's extra-marital affair, Gittes is swept into a maelstrom of double dealings and deadly deceits, uncovering a web of personal and political scandals that come crashing together.",/mQJz8J4naOA7RmCtypTPjgXZIMY.jpg,Sad
4922,tt0421715,The Curious Case of Benjamin Button,2008,7.6,"Drama, Fantasy, Romance","Born under unusual circumstances, Benjamin Button springs into being as an elderly man in a New Orleans nursing home and ages in reverse. Twelve years after his birth, he meets Daisy, a child who flits in and out of his life as she grows up to be a dancer. Though he has all sorts of unusual adventures over the course of his life, it is his relationship with Daisy, and the hope that they will come together at the right time, that drives Benjamin forward.",/26wEWZYt6yJkwRVkjcbwJEFh9IS.jpg,Sad
581734,tt9770150,Nomadland,2021,7.2,Drama,"A woman in her sixties embarks on a journey through the western United States after losing everything in the Great Recession, living as a van-dwelling modern-day nomad.",/8Vc5EOUEIF1EUXuX9eLFf7BvN3P.jpg,Sad
9366,tt0119008,Donnie Brasco,1997,7.5,"Crime, Drama, Thriller",An FBI undercover agent infiltrates the mob and identifies more with the mafia life at the expense of his regular one.,/xtKLvpOfARi1XVm8u2FTdhY5Piq.jpg,Sad
10098,tt0012349,The Kid,1921,8.2,"Comedy, Drama",A tramp cares for a boy after he's abandoned as a newborn by his mother. Later the mother has a change of heart and aches to be reunited with her son.,/drgMcyTsySQBnUPGaBThCHGdlWT.jpg,Sad
345,tt0120663,Eyes Wide Shut,1999,7.5,"Drama, Mystery, Thriller","After Dr. Bill Harford's wife, Alice, admits to having sexual fantasies about a man she met, Bill becomes obsessed with having a sexual encounter. He discovers an underground sexual group and attends one of their meetings -- and quickly discovers that he is in over his head.",/knEIz1eNGl5MQDbrEAVWA7iRqF9.jpg,Sad
516486,tt6048922,Greyhound,2020,7.4,"Action, Drama, War","A first-time captain leads a convoy of allied ships carrying thousands of soldiers across the treacherous waters of the “Black Pit” to the front lines of WW2. With no air cover protection for 5 days, the captain and his convoy must battle the surrounding enemy Nazi U-boats in order to give the allies a chance to win the war.",/kjMbDciooTbJPofVXgAoFjfX8Of.jpg,Sad
13223,tt1205489,Gran Torino,2008,8.0,Drama,"Disgruntled Korean War veteran Walt Kowalski sets out to reform his neighbor, Thao Lor, a Hmong teenager who tried to steal Kowalski's prized possession: a 1972 Gran Torino.",/zUybYvxWdAJy5hhYovsXtHSWI1l.jpg,Sad
595,tt0056592,To Kill a Mockingbird,1962,8.0,Drama,"Scout Finch, 6, and her older brother Jem live in sleepy Maycomb, Alabama, spending much of their time with their friend Dill and spying on their reclusive and mysterious neighbor, Boo Radley. When Atticus, their widowed father and a respected lawyer, defends a black man named Tom Robinson against fabricated rape charges, the trial and tangent events expose the children to evils of racism and stereotyping.",/gZycFUMLx2110dzK3nBNai7gfpM.jpg,Sad
872,tt0045152,Singin' in the Rain,1952,8.2,"Comedy, Romance","In 1927 Hollywood, a silent film production company and cast make a difficult transition to sound.",/w03EiJVHP8Un77boQeE7hg9DVdU.jpg,Sad
258480,tt2402927,Carol,2015,7.5,"Drama, Romance","In 1950s New York, a department-store clerk who dreams of a better life falls for an older, married woman.",/cJeled7EyPdur6TnCA5GYg0UVna.jpg,Sad
152532,tt0790636,Dallas Buyers Club,2013,7.9,"Drama, History","Loosely based on the true-life tale of Ron Woodroof, a drug-taking, women-loving, homophobic man who in 1986 was diagnosed with HIV/AIDS and given thirty days to live.",/7Fdh7gUq3plvQqxRbNYhWvDABXA.jpg,Sad
452522,tt0278784,Twin Peaks,1989,8.4,"Crime, Drama, Mystery, TV Movie","An idiosyncratic FBI agent investigates the murder of a young woman in the even more idiosyncratic town of Twin Peaks. (This standalone version of the series pilot was produced for the European VHS market and has an alternate, closed ending.)",/Apg4fMfr1Wi19Ilu5HXh4nClCv9.jpg,Sad
5708,tt0421082,Control,2007,7.5,Drama,"The story of Joy Division’s lead singer Ian Curtis, from his schoolboy days in 1973 to his suicide on the eve of the band's first American tour in 1980.",/jOJiaOhwrDdwqTRZvZOhbndqHGp.jpg,Sad
2034,tt0139654,Training Day,2001,7.5,"Action, Crime, Drama","On his first day on the job as a narcotics officer, a rookie cop works with a rogue detective who isn't what he appears.",/bUeiwBQdupBLQthMCHKV7zv56uv.jpg,Sad
2567,tt0338751,The Aviator,2004,7.2,Drama,"A biopic depicting the life of filmmaker and aviation pioneer Howard Hughes from 1927 to 1947, during which time he became a successful film producer and an aviation magnate, while simultaneously growing more unstable due to severe obsessive-compulsive disorder.",/lx4kWcZc3o9PaNxlQpEJZM17XUI.jpg,Sad
4982,tt0765429,American Gangster,2007,7.6,"Crime, Drama","Following the death of his employer and mentor, Bumpy Johnson, Frank Lucas establishes himself as the number one importer of heroin in the Harlem district of Manhattan. He does so by buying heroin directly from the source in South East Asia and he comes up with a unique way of importing the drugs into the United States. Partly based on a true story.",/sX9idXDqRUxE5ffww3n3RV5gL55.jpg,Sad
8881,tt0892255,Che: Part One,2008,6.8,"Drama, History, War","The Argentine, begins as Che and a band of Cuban exiles (led by Fidel Castro) reach the Cuban shore from Mexico in 1956. Within two years, they mobilized popular support and an army and toppled the U.S.-friendly regime of dictator Fulgencio Batista.",/jWgPiVTmJsHWKVjAy2gvSFUH9yA.jpg,Sad
264660,tt0470752,Ex Machina,2015,7.6,"Drama, Science Fiction","Caleb, a coder at the world's largest internet company, wins a competition to spend a week at a private mountain retreat belonging to Nathan, the reclusive CEO of the company. But when Caleb arrives at the remote location he finds that he will have to participate in a strange and fascinating experiment in which he must interact with the world's first true artificial intelligence, housed in the body of a beautiful robot girl.",/dmJW8IAKHKxFNiUnoDR7JfsK7Rp.jpg,Sad
626332,tt8105234,Flamin' Hot,2023,8.2,"Comedy, Drama","The inspiring true story of Richard Montañez, the Frito Lay janitor who channeled his Mexican American heritage and upbringing to turn the iconic Flamin’ Hot Cheetos into a snack that disrupted the food industry and became a global pop culture phenomenon.",/a7KyFMPXj0iY4EoLq1PIGU1WJPw.jpg,Sad
45269,tt1504320,The King's Speech,2010,7.7,"Drama, History","The King's Speech tells the story of the man who became King George VI, the father of Queen Elizabeth II. After his brother abdicates, George ('Bertie') reluctantly assumes the throne. Plagued by a dreaded stutter and considered unfit to be king, Bertie engages the help of an unorthodox speech therapist named Lionel Logue. Through a set of unexpected techniques, and as a result of an unlikely friendship, Bertie is able to find his voice and boldly lead the country into war.",/uQ538BfYLDJh3GXlzRZLo0j7PFj.jpg,Sad
113833,tt1684226,The Normal Heart,2014,7.8,Drama,"The story of the onset of the HIV-AIDS crisis in New York City in the early 1980s, taking an unflinching look at the nation's sexual politics as gay activists and their allies in the medical community fight to expose the truth about the burgeoning epidemic to a city and nation in denial.",/3dfoCGiD61568Uu8wyiK7SMEZAu.jpg,Sad
407445,tt5716464,Breathe,2017,7.5,"Drama, Romance","Based on the true story of Robin, a handsome, brilliant and adventurous man whose life takes a dramatic turn when polio leaves him paralyzed.",/wLu2N0QVfSpk10RJ17HLHyRUmww.jpg,Sad
41233,tt1193631,Step Up 3D,2010,6.8,"Drama, Romance","A tight-knit group of New York City street dancers, including Luke and Natalie, team up with NYU freshman Moose, and find themselves pitted against the world's best hip hop dancers in a high-stakes showdown that will change their lives forever.",/rPcqa5TZ7S63RNmCuY45ZizFBen.jpg,Sad
25188,tt0067328,The Last Picture Show,1971,7.6,Drama,"High school seniors and best friends, Sonny and Duane, live in a dying Texas town. The handsome Duane is dating a local beauty, while Sonny is having an affair with the coach's wife. As graduation nears and both boys contemplate their futures, Duane eyes the army and Sonny takes over a local business. Each struggles to figure out if he can escape this dead-end town and build a better life somewhere else.",/7NYePZc0lZrRomtmQsjOJMePTEb.jpg,Sad
109424,tt1535109,Captain Phillips,2013,7.6,"Action, Drama, Thriller","The true story of Captain Richard Phillips and the 2009 hijacking by Somali pirates of the US-flagged MV Maersk Alabama, the first American cargo ship to be hijacked in two hundred years.",/vjsEi2JytAT76qrtUHPIhXExZAm.jpg,Sad
583083,tt9784456,The Kissing Booth 2,2020,7.7,"Comedy, Romance","With college decisions looming, Elle juggles her long-distance romance with Noah, changing relationship with bestie Lee and feelings for a new classmate.",/mb7wQv0adK3kjOUr9n93mANHhPJ.jpg,Sad
82695,tt1707386,Les Misérables,2012,7.3,"Drama, History","An adaptation of the successful stage musical based on Victor Hugo's classic novel set in 19th-century France, in which a paroled prisoner named Jean Valjean seeks redemption.",/90PyvT7SI5INKhMC6P7B5NJVx4t.jpg,Sad
35558,tt1579247,Starstruck,2010,7.0,"Comedy, Music, Romance, TV Movie","Pop star Christopher Wilde has fame, fortune and a big-budget Hollywood movie awaiting him. But after meeting Jessica Olson, a down-to-earth girl from the Midwest, he is faced with following his heart or doing what's best for his career.",/kuyJuNiiZvu5iNr8Dgv5y75v1uc.jpg,Sad
486589,tt4429160,Red Shoes and the Seven Dwarfs,2019,7.8,"Animation, Comedy, Family, Fantasy, Romance","Princes who have been turned into Dwarfs seek the red shoes of a lady in order to break the spell, although it will not be easy.",/MBiKqTsouYqAACLYNDadsjhhC0.jpg,Sad
78,tt0083658,Blade Runner,1982,7.9,"Drama, Science Fiction, Thriller","In the smog-choked dystopian Los Angeles of 2019, blade runner Rick Deckard is called out of retirement to terminate a quartet of replicants who have escaped to Earth seeking their creator for a way to extend their short life spans.",/fwhLegA6z40W0DIy6EGXhzDzlOP.jpg,Sad
22527,tt0051207,The Wrong Man,1956,7.1,"Crime, Drama","In 1953, an innocent man named Christopher Emmanuel ""Manny"" Balestrero is arrested after being mistaken for an armed robber.",/pO5XR2R56RAbVjdks9gGGn0fbOa.jpg,Sad
491480,tt7533152,The Boy Who Harnessed the Wind,2019,7.9,"Drama, Family, History","Against all the odds, a thirteen year old boy in Malawi invents an unconventional way to save his family and village from famine.",/yOr7RxHw15MMXNxGMXSmngDqHyI.jpg,Sad
11837,tt0078480,Watership Down,1978,7.2,"Adventure, Animation, Drama","When the warren belonging to a community of rabbits is threatened, a brave group led by Fiver, Bigwig, Blackberry and Hazel leave their homeland in a search of a safe new haven.",/q9ZcNxfquJbMTd6UfhAlJbmLBts.jpg,Sad
1018,tt0166924,Mulholland Drive,2001,7.8,"Drama, Mystery, Thriller","Blonde Betty Elms has only just arrived in Hollywood to become a movie star when she meets an enigmatic brunette with amnesia. Meanwhile, as the two set off to solve the second woman's identity, filmmaker Adam Kesher runs into ominous trouble while casting his latest project.",/tVxGt7uffLVhIIcwuldXOMpFBPX.jpg,Sad
9509,tt0328107,Man on Fire,2004,7.5,"Action, Drama, Thriller","Jaded ex-CIA operative John Creasy reluctantly accepts a job as the bodyguard for a 10-year-old girl in Mexico City. They clash at first, but eventually bond, and when she's kidnapped he's consumed by fury and will stop at nothing to save her life.",/v8H6dPqXhHWW137ubxqD4HdHTib.jpg,Sad
37247,tt0061722,The Graduate,1967,7.6,"Comedy, Drama, Romance","Benjamin, a recent college graduate very worried about his future, finds himself in a love triangle with an older woman and her daughter.",/z1Z1tZMR66RxcNeHbwoEhYeqOlP.jpg,Sad
522924,tt1478839,The Art of Racing in the Rain,2019,8.2,"Comedy, Drama, Family, Romance","A family dog – with a near-human soul and a philosopher's mind – evaluates his life through the lessons learned by his human owner, a race-car driver.",/mi5VN4ww0JZgRFJIaPxxTGKjUg7.jpg,Sad
103,tt0075314,Taxi Driver,1976,8.2,"Crime, Drama",A mentally unstable Vietnam War veteran works as a night-time taxi driver in New York City where the perceived decadence and sleaze feed his urge for violent action.,/ekstpH614fwDX8DUln1a2Opz0N8.jpg,Sad
821881,tt8745676,The Swimmers,2022,7.5,"Drama, History","From war-torn Syria to the 2016 Rio Olympics, two young sisters embark on a risky voyage, putting their hearts and their swimming skills to heroic use.",/2LSh1aWqk7z7dJk6dKNK2HNplSl.jpg,Sad
235,tt0092005,Stand by Me,1986,7.9,"Crime, Drama","Gordie, Chris, Teddy and Vern are four friends who decide to hike to find the corpse of Ray Brower, a local teenager, who was hit by a train while plucking blueberries in the wild.",/vz0w9BSehcqjDcJOjRaCk7fgJe7.jpg,Sad
6844,tt0049833,The Ten Commandments,1956,7.8,"Drama, History","Escaping death, a Hebrew infant is raised in a royal household to become a prince. Upon discovery of his true heritage, Moses embarks on a personal quest to reclaim his destiny as the leader and liberator of the Hebrew people.",/2rBUaC6ngeFmYXjL4KA3eLjt5wA.jpg,Sad
314365,tt1895587,Spotlight,2015,7.8,"Drama, History","The true story of how the Boston Globe uncovered the massive scandal of child molestation and cover-up within the local Catholic Archdiocese, shaking the entire Catholic Church to its core.",/gWkgMnIsd8Od7iyhEEKL5G4Qq6J.jpg,Sad
14291,tt0108065,Searching for Bobby Fischer,1993,7.1,Drama,A seven-year-old chess prodigy refuses to harden himself in order to become a champion like the famous but unlikable Bobby Fischer.,/oAJpHkMpfXiFY9F3HocIz9fhHLc.jpg,Sad
146233,tt1392214,Prisoners,2013,8.1,"Crime, Drama, Thriller","Keller Dover faces a parent's worst nightmare when his 6-year-old daughter, Anna, and her friend go missing. The only lead is an old motorhome that had been parked on their street. The head of the investigation, Detective Loki, arrests the driver, but a lack of evidence forces Loki to release his only suspect. Dover, knowing that his daughter's life is at stake, decides that he has no choice but to take matters into his own hands.",/tuZhZ6biFMr5n9YSVuHOJnNL1uU.jpg,Sad
522,tt0109707,Ed Wood,1994,7.5,"Comedy, Drama, History","The mostly true story of the legendary ""worst director of all time"", who, with the help of his strange friends, filmed countless B-movies without ever becoming famous or successful.",/n8SrO3WbyuY2b6KazogqbQF348C.jpg,Sad
396,tt0061184,Who's Afraid of Virginia Woolf?,1966,7.7,Drama,"A history professor and his wife entertain a young couple who are new to the university's faculty. As the drinks flow, secrets come to light, and the middle-aged couple unload onto their guests the full force of the bitterness, dysfunction, and animosity that defines their marriage.",/wF7ihB5V5gSm6zxjv3ZhHOpgREI.jpg,Sad
30588,tt0039631,Monsieur Verdoux,1947,7.8,"Comedy, Crime, Drama","The film is about an unemployed banker, Henri Verdoux, and his sociopathic methods of attaining income. While being both loyal and competent in his work, Verdoux has been laid-off. To make money for his wife and child, he marries wealthy widows and then murders them. His crime spree eventually works against him when two particular widows break his normal routine.",/mUPXIinTQsBdLlDaWiSl7GwQXVs.jpg,Sad
481848,tt7504726,The Call of the Wild,2020,7.6,"Adventure, Drama, Family","Buck is a big-hearted dog whose blissful domestic life is turned upside down when he is suddenly uprooted from his California home and transplanted to the exotic wilds of the Yukon during the Gold Rush of the 1890s. As the newest rookie on a mail delivery dog sled team—and later its leader—Buck experiences the adventure of a lifetime, ultimately finding his true place in the world and becoming his own master.",/33VdppGbeNxICrFUtW2WpGHvfYc.jpg,Sad
111,tt0086250,Scarface,1983,8.2,"Action, Crime, Drama","After getting a green card in exchange for assassinating a Cuban government official, Tony Montana stakes a claim on the drug trade in Miami. Viciously murdering anyone who stands in his way, Tony eventually becomes the biggest drug lord in the state, controlling nearly all the cocaine that comes through Miami. But increased pressure from the police, wars with Colombian drug cartels and his own drug-fueled paranoia serve to fuel the flames of his eventual downfall.",/iQ5ztdjvteGeboxtmRdXEChJOHh.jpg,Sad
11362,tt0245844,The Count of Monte Cristo,2002,7.6,"Adventure, Drama, History","Edmond Dantés's life and plans to marry the beautiful Mercedes are shattered when his best friend, Fernand, deceives him. After spending 13 miserable years in prison, Dantés escapes with the help of a fellow inmate and plots his revenge, cleverly insinuating himself into the French nobility.",/ifMgDAUXVQLY4DeOu3VTTi55jSP.jpg,Sad
10637,tt0210945,Remember the Titans,2000,7.6,Drama,"After leading his football team to 15 winning seasons, coach Bill Yoast is demoted and replaced by Herman Boone – tough, opinionated and as different from the beloved Yoast as he could be. The two men learn to overcome their differences and turn a group of hostile young men into champions.",/825ohvC4wZ3gCuncCaqkWeQnK8h.jpg,Sad
3090,tt0040897,The Treasure of the Sierra Madre,1948,8.0,"Adventure, Drama, Western","Fred C. Dobbs and Bob Curtin, both down on their luck in Tampico, Mexico in 1925, meet up with a grizzled prospector named Howard and decide to join with him in search of gold in the wilds of central Mexico. Through enormous difficulties, they eventually succeed in finding gold, but bandits, the elements, and most especially greed threaten to turn their success into disaster.",/pWcst7zVbi8Z8W6GFrdNE7HHRxL.jpg,Sad
585244,tt9779516,I Still Believe,2020,7.6,"Drama, Music, Romance",The true-life story of Christian music star Jeremy Camp and his journey of love and loss that looks to prove there is always hope.,/dqA2FCzz4OMmXLitKopzf476RVB.jpg,Sad
76726,tt1706593,Chronicle,2012,6.8,"Drama, Science Fiction, Thriller","Three high school students make an incredible discovery, leading to their developing uncanny powers beyond their understanding. As they learn to control their abilities and use them to their advantage, their lives start to spin out of control, and their darker sides begin to take over.",/xENglsVIIWEEhhB5lgpy33tGcKI.jpg,Sad
783,tt0083987,Gandhi,1982,7.5,"Drama, History","In the early years of the 20th century, Mohandas K. Gandhi, a British-trained lawyer, forsakes all worldly possessions to take up the cause of Indian independence. Faced with armed resistance from the British government, Gandhi adopts a policy of 'passive resistance', endeavouring to win freedom for his people without resorting to bloodshed.",/rOXftt7SluxskrFrvU7qFJa5zeN.jpg,Sad
376290,tt4540710,Miss Sloane,2016,7.5,"Crime, Drama",An ambitious lobbyist faces off against the powerful gun lobby in an attempt to pass gun control legislation.,/ptfvQlqe2xJiMSewSj52qAVq5z0.jpg,Sad
155,tt0468569,The Dark Knight,2008,8.5,"Action, Crime, Drama, Thriller","Batman raises the stakes in his war on crime. With the help of Lt. Jim Gordon and District Attorney Harvey Dent, Batman sets out to dismantle the remaining criminal organizations that plague the streets. The partnership proves to be effective, but they soon find themselves prey to a reign of chaos unleashed by a rising criminal mastermind known to the terrified citizens of Gotham as the Joker.",/qJ2tW6WMUDux911r6m7haRef0WH.jpg,Angry
680,tt0110912,Pulp Fiction,1994,8.5,"Crime, Thriller","A burger-loving hit man, his philosophical partner, a drug-addled gangster's moll and a washed-up boxer converge in this sprawling, comedic crime caper. Their adventures unfurl in three stories that ingeniously trip back and forth in time.",/d5iIlFn5s0ImszYzBPb8JPIfbXD.jpg,Angry
122,tt0167260,The Lord of the Rings: The Return of the King,2003,8.5,"Action, Adventure, Fantasy","Aragorn is revealed as the heir to the ancient kings as he, Gandalf and the other members of the broken fellowship struggle to save Gondor from Sauron's forces. Meanwhile, Frodo and Sam take the ring closer to the heart of Mordor, the dark lord's realm.",/rCzpDGLbOoPwLjy3OAm5NUPOTrC.jpg,Angry
120,tt0120737,The Lord of the Rings: The Fellowship of the Ring,2001,8.4,"Action, Adventure, Fantasy","Young hobbit Frodo Baggins, after inheriting a mysterious ring from his uncle Bilbo, must leave his home in order to keep it from falling into the hands of its evil creator. Along the way, a fellowship is formed to protect the ringbearer and make sure that the ring arrives at its final destination: Mt. Doom, the only place where it can be destroyed.",/6oom5QYQ2yQTMJIbnvbkBL9cHo6.jpg,Angry
539,tt0054215,Psycho,1960,8.4,"Drama, Horror, Thriller","When larcenous real estate clerk Marion Crane goes on the lam with a wad of cash and hopes of starting a new life, she ends up at the notorious Bates Motel, where manager Norman Bates cares for his housebound mother.",/yz4QVqPx3h1hD1DfqqQkCq3rmxW.jpg,Angry
1891,tt0080684,The Empire Strikes Back,1980,8.4,"Action, Adventure, Science Fiction","The epic saga continues as Luke Skywalker, in hopes of defeating the evil Galactic Empire, learns the ways of the Jedi from aging master Yoda. But Darth Vader is more determined than ever to capture Luke. Meanwhile, rebel leader Princess Leia, cocky Han Solo, Chewbacca, and droids C-3PO and R2-D2 are thrown into various stages of capture, betrayal and despair.",/nNAeTmF4CtdSgMDplXTDPOpYzsX.jpg,Angry
324857,tt4633694,Spider-Man: Into the Spider-Verse,2018,8.4,"Action, Adventure, Animation, Science Fiction","Struggling to find his place in the world while juggling school and family, Brooklyn teenager Miles Morales is unexpectedly bitten by a radioactive spider and develops unfathomable powers just like the one and only Spider-Man. While wrestling with the implications of his new abilities, Miles discovers a super collider created by the madman Wilson ""Kingpin"" Fisk, causing others from across the Spider-Verse to be inadvertently transported to his dimension.",/iiZZdoQBEYBv6id8su7ImL0oCbD.jpg,Angry
121,tt0167261,The Lord of the Rings: The Two Towers,2002,8.4,"Action, Adventure, Fantasy","Frodo and Sam are trekking to Mordor to destroy the One Ring of Power while Gimli, Legolas and Aragorn search for the orc-captured Merry and Pippin. All along, nefarious wizard Saruman awaits the Fellowship members at the Orthanc Tower in Isengard.",/5VTN0pR8gcqV3EPUHHfMGnJYN9L.jpg,Angry
27205,tt1375666,Inception,2010,8.4,"Action, Adventure, Science Fiction","Cobb, a skilled thief who commits corporate espionage by infiltrating the subconscious of his targets is offered a chance to regain his old life as payment for a task considered to be impossible: ""inception"", the implantation of another person's idea into a target's subconscious.",/oYuLEt3zVCKq57qu2F8dT7NIa6f.jpg,Angry
807,tt0114369,Se7en,1995,8.4,"Crime, Mystery, Thriller","Two homicide detectives are on a desperate hunt for a serial killer whose crimes are based on the ""seven deadly sins"" in this dark and haunting film that takes viewers from the tortured remains of one victim to the next. The seasoned Det. Sommerset researches each sin in an effort to get inside the killer's mind, while his novice partner, Mills, scoffs at his efforts to unravel the case.",/6yoghtyTpznpBik8EngEmJskVUO.jpg,Angry
569094,tt9362722,Spider-Man: Across the Spider-Verse,2023,8.4,"Action, Adventure, Animation","After reuniting with Gwen Stacy, Brooklyn’s full-time, friendly neighborhood Spider-Man is catapulted across the Multiverse, where he encounters the Spider Society, a team of Spider-People charged with protecting the Multiverse’s very existence. But when the heroes clash on how to handle a new threat, Miles finds himself pitted against the other Spiders and must set out on his own to save those he loves most.",/8Vt6mWEReuy4Of61Lnj5Xj704m8.jpg,Angry
101,tt0110413,Léon: The Professional,1994,8.3,"Action, Crime, Drama","Léon, the top hit man in New York, has earned a rep as an effective ""cleaner"". But when his next-door neighbors are wiped out by a loose-cannon DEA agent, he becomes the unwilling custodian of 12-year-old Mathilda. Before long, Mathilda's thoughts turn to revenge, and she considers following in Léon's footsteps.",/yI6X2cCM5YPJtxMhUd3dPGqDAhw.jpg,Angry
567,tt0047396,Rear Window,1954,8.4,"Mystery, Thriller",A wheelchair-bound photographer spies on his neighbors from his apartment window and becomes convinced one of them has committed murder.,/qitnZcLP7C9DLRuPpmvZ7GiEjJN.jpg,Angry
274,tt0102926,The Silence of the Lambs,1991,8.3,"Crime, Drama, Thriller","Clarice Starling is a top student at the FBI's training academy.  Jack Crawford wants Clarice to interview Dr. Hannibal Lecter, a brilliant psychiatrist who is also a violent psychopath, serving life behind bars for various acts of murder and cannibalism.  Crawford believes that Lecter may have insight into a case and that Starling, as an attractive young woman, may be just the bait to draw him out.",/uS9m8OBk1A8eM9I042bx8XXpqAq.jpg,Angry
299534,tt4154796,Avengers: Endgame,2019,8.3,"Action, Adventure, Science Fiction","After the devastating events of Avengers: Infinity War, the universe is in ruins due to the efforts of the Mad Titan, Thanos. With the help of remaining allies, the Avengers must assemble once more in order to undo Thanos' actions and restore order to the universe once and for all, no matter what consequences may be in store.",/or06FN3Dka5tukK1e9sl16pB3iy.jpg,Angry
299536,tt4154756,Avengers: Infinity War,2018,8.3,"Action, Adventure, Science Fiction","As the Avengers and their allies have continued to protect the world from threats too large for any one hero to handle, a new danger has emerged from the cosmic shadows: Thanos. A despot of intergalactic infamy, his goal is to collect all six Infinity Stones, artifacts of unimaginable power, and use them to inflict his twisted will on all of reality. Everything the Avengers have fought for has led up to this moment - the fate of Earth and existence itself has never been more uncertain.",/7WsyChQLEftFiDOVTGkv3hFpyyt.jpg,Angry
361743,tt1745960,Top Gun: Maverick,2022,8.3,"Action, Drama","After more than thirty years of service as one of the Navy’s top aviators, and dodging the advancement in rank that would ground him, Pete “Maverick” Mitchell finds himself training a detachment of TOP GUN graduates for a specialized mission the likes of which no living pilot has ever seen.",/62HCnUTziyWcpDaBO2i1DX17ljH.jpg,Angry
16869,tt0361748,Inglourious Basterds,2009,8.2,"Drama, Thriller, War","In Nazi-occupied France during World War II, a group of Jewish-American soldiers known as ""The Basterds"" are chosen specifically to spread fear throughout the Third Reich by scalping and brutally killing Nazis. The Basterds, lead by Lt. Aldo Raine soon cross paths with a French-Jewish teenage girl who runs a movie theater in Paris which is targeted by the soldiers.",/7sfbEnaARXDDhKm0CZ7D7uc2sbo.jpg,Angry
315162,tt3915174,Puss in Boots: The Last Wish,2022,8.3,"Action, Adventure, Animation, Comedy, Family, Fantasy","Puss in Boots discovers that his passion for adventure has taken its toll: He has burned through eight of his nine lives, leaving him with only one life left. Puss sets out on an epic journey to find the mythical Last Wish and restore his nine lives.",/kuf6dutpsT0vSVehic3EZIqkOBt.jpg,Angry
694,tt0081505,The Shining,1980,8.2,"Horror, Thriller","Jack Torrance accepts a caretaker job at the Overlook Hotel, where he, along with his wife Wendy and their son Danny, must live isolated from the rest of the world for the winter. But they aren't prepared for the madness that lurks within.",/xazWoLealQwEgqZ89MLZklLZD3k.jpg,Angry
603,tt0133093,The Matrix,1999,8.2,"Action, Science Fiction","Set in the 22nd century, The Matrix tells the story of a computer hacker who joins a group of underground insurgents fighting the vast and powerful computers who now rule the earth.",/f89U3ADr1oiB1s9GkdPOEpXUk5H.jpg,Angry
98,tt0172495,Gladiator,2000,8.2,"Action, Adventure, Drama","In the year 180, the death of emperor Marcus Aurelius throws the Roman Empire into chaos.  Maximus is one of the Roman army's most capable and trusted generals and a key advisor to the emperor.  As Marcus' devious son Commodus ascends to the throne, Maximus is set to be executed.  He escapes, but is captured by slave traders.  Renamed Spaniard and forced to become a gladiator, Maximus must battle to the death with other men for the amusement of paying audiences.",/ty8TGRuvJLPUmAR1H1nRIsgwvim.jpg,Angry
11,tt0076759,Star Wars,1977,8.2,"Action, Adventure, Science Fiction",Princess Leia is captured and held hostage by the evil Imperial forces in their effort to take over the galactic Empire. Venturesome Luke Skywalker and dashing captain Han Solo team together with the loveable robot duo R2-D2 and C-3PO to rescue the beautiful princess and restore peace and justice in the Empire.,/6FfCtAuVAW8XJjZ7eWeLibRLWTw.jpg,Angry
11324,tt1130884,Shutter Island,2010,8.2,"Drama, Mystery, Thriller","World War II soldier-turned-U.S. Marshal Teddy Daniels investigates the disappearance of a patient from a hospital for the criminally insane, but his efforts are compromised by troubling visions and a mysterious doctor.",/4GDy0PHYX3VRXUtwK5ysFbg3kEx.jpg,Angry
77,tt0209144,Memento,2000,8.2,"Mystery, Thriller","Leonard Shelby is tracking down the man who raped and murdered his wife. The difficulty of locating his wife's killer, however, is compounded by the fact that he suffers from a rare, untreatable form of short-term memory loss. Although he can recall details of life before his accident, Leonard cannot remember what happened fifteen minutes ago, where he's going, or why.",/yuNs09hvpHVU1cBTCAk9zxsL2oW.jpg,Angry
475557,tt7286456,Joker,2019,8.2,"Crime, Drama, Thriller","During the 1980s, a failed stand-up comedian is driven insane and turns to a life of crime and chaos in Gotham City while becoming an infamous psychopathic crime figure.",/udDclJoHjfjb8Ekgsd4FDteOkCU.jpg,Angry
629,tt0114814,The Usual Suspects,1995,8.2,"Crime, Drama, Thriller","Held in an L.A. interrogation room, Verbal Kint attempts to convince the feds that a mythic crime lord, Keyser Soze, not only exists, but was also responsible for drawing him and his four partners into a multi-million dollar heist that ended with an explosion in San Pedro harbor – leaving few survivors. Verbal lures his interrogators with an incredible story of the crime lord's almost supernatural prowess.",/bUPmtQzrRhzqYySeiMpv7GurAfm.jpg,Angry
791373,tt12361974,Zack Snyder's Justice League,2021,8.2,"Action, Adventure, Fantasy","Determined to ensure Superman's ultimate sacrifice was not in vain, Bruce Wayne aligns forces with Diana Prince with plans to recruit a team of metahumans to protect the world from an approaching threat of catastrophic proportions.",/tnAuB8q5vv7Ax9UAEje5Xi4BXik.jpg,Angry
1422,tt0407887,The Departed,2006,8.2,"Crime, Drama, Thriller","To take down South Boston's Irish Mafia, the police send in one of their own to infiltrate the underworld, not realizing the syndicate has done likewise. While an undercover cop curries favor with the mob kingpin, a career criminal rises through the police ranks. But both sides soon discover there's a mole among them.",/nT97ifVT2J1yMQmeq20Qblg61T.jpg,Angry
111,tt0086250,Scarface,1983,8.2,"Action, Crime, Drama","After getting a green card in exchange for assassinating a Cuban government official, Tony Montana stakes a claim on the drug trade in Miami. Viciously murdering anyone who stands in his way, Tony eventually becomes the biggest drug lord in the state, controlling nearly all the cocaine that comes through Miami. But increased pressure from the police, wars with Colombian drug cartels and his own drug-fueled paranoia serve to fuel the flames of his eventual downfall.",/iQ5ztdjvteGeboxtmRdXEChJOHh.jpg,Angry
500,tt0105236,Reservoir Dogs,1992,8.1,"Crime, Thriller","A botched robbery indicates a police informant, and the pressure mounts in the aftermath at a warehouse. Crime begets violence as the survivors -- veteran Mr. White, newcomer Mr. Orange, psychopathic parolee Mr. Blonde, bickering weasel Mr. Pink and Nice Guy Eddie -- unravel.",/xi8Iu6qyTfyZVDVy60raIOYJJmk.jpg,Angry
426,tt0052357,Vertigo,1958,8.2,"Mystery, Romance, Thriller","A retired San Francisco detective suffering from acrophobia investigates the strange activities of an old friend's wife, all the while becoming dangerously obsessed with her.",/15uOEfqBNTVtDUT7hGBVCka0rZz.jpg,Angry
280,tt0103064,Terminator 2: Judgment Day,1991,8.1,"Action, Science Fiction, Thriller","Nearly 10 years have passed since Sarah Connor was targeted for termination by a cyborg from the future. Now her son, John, the future leader of the resistance, is the target for a newer, more deadly terminator. Once again, the resistance has managed to send a protector back to attempt to save John and his mother Sarah.",/5M0j0B18abtBI5gi2RhfjjurTqb.jpg,Angry
146233,tt1392214,Prisoners,2013,8.1,"Crime, Drama, Thriller","Keller Dover faces a parent's worst nightmare when his 6-year-old daughter, Anna, and her friend go missing. The only lead is an old motorhome that had been parked on their street. The head of the investigation, Detective Loki, arrests the driver, but a lack of evidence forces Loki to release his only suspect. Dover, knowing that his daughter's life is at stake, decides that he has no choice but to take matters into his own hands.",/tuZhZ6biFMr5n9YSVuHOJnNL1uU.jpg,Angry
264644,tt3170832,Room,2015,8.0,"Drama, Thriller","Held captive for 7 years in an enclosed space, a woman and her young son finally gain their freedom, allowing the boy to experience the outside world for the first time.",/dIxoYFcj6EqD5KScuU8lWCftnvH.jpg,Angry
205596,tt2084970,The Imitation Game,2014,8.0,"Drama, History, Thriller, War","Based on the real life story of legendary cryptanalyst Alan Turing, the film portrays the nail-biting race against time by Turing and his brilliant team of code-breakers at Britain's top-secret Government Code and Cypher School at Bletchley Park, during the darkest days of World War II.",/zSqJ1qFq8NXFfi7JeIYMlzyR0dx.jpg,Angry
634649,tt10872600,Spider-Man: No Way Home,2021,8.0,"Action, Adventure, Science Fiction","Peter Parker is unmasked and no longer able to separate his normal life from the high-stakes of being a super-hero. When he asks for help from Doctor Strange the stakes become even more dangerous, forcing him to discover what it truly means to be Spider-Man.",/5weKu49pzJCt06OPpjvT80efnQj.jpg,Angry
530915,tt8579674,1917,2019,8.0,"History, Thriller, War","At the height of the First World War, two young British soldiers must cross enemy territory and deliver a message that will stop a deadly attack on hundreds of soldiers.",/iZf0KyrE25z1sage4SYFLCCrMi9.jpg,Angry
615457,tt7888964,Nobody,2021,8.0,"Action, Crime, Thriller","Hutch Mansell, a suburban dad, overlooked husband, nothing neighbor — a ""nobody."" When two thieves break into his home one night, Hutch's unknown long-simmering rage is ignited and propels him on a brutal path that will uncover dark secrets he fought to leave behind.",/oBgWY00bEFeZ9N25wWVyuQddbAo.jpg,Angry
359724,tt1950186,Ford v Ferrari,2019,8.0,"Action, Drama, History","American car designer Carroll Shelby and the British-born driver Ken Miles work together to battle corporate interference, the laws of physics, and their own personal demons to build a revolutionary race car for Ford Motor Company and take on the dominating race cars of Enzo Ferrari at the 24 Hours of Le Mans in France in 1966.",/dR1Ju50iudrOh3YgfwkAU1g2HZe.jpg,Angry
618344,tt11079148,Justice League Dark: Apokolips War,2020,8.3,"Action, Animation, Science Fiction","Earth is decimated after intergalactic tyrant Darkseid has devastated the Justice League in a poorly executed war by the DC Super Heroes. Now the remaining bastions of good – the Justice League, Teen Titans, Suicide Squad and assorted others – must regroup, strategize and take the war to Darkseid in order to save the planet and its surviving inhabitants.",/c01Y4suApJ1Wic2xLmaq1QYcfoZ.jpg,Angry
24,tt0266697,Kill Bill: Vol. 1,2003,8.0,"Action, Crime","An assassin is shot by her ruthless employer, Bill, and other members of their assassination circle – but she lives to plot her vengeance.",/v7TaX8kXMXs5yFFGR41guUDNcnB.jpg,Angry
447365,tt6791350,Guardians of the Galaxy Vol. 3,2023,8.0,"Action, Adventure, Science Fiction","Peter Quill, still reeling from the loss of Gamora, must rally his team around him to defend the universe along with protecting one of their own. A mission that, if not completed successfully, could quite possibly lead to the end of the Guardians as we know them.",/r2J02Z2OpNTctfOSN1Ydgii51I3.jpg,Angry
745,tt0167404,The Sixth Sense,1999,7.9,"Drama, Mystery, Thriller","Following an unexpected tragedy, child psychologist Malcolm Crowe meets a nine year old boy named Cole Sear, who is hiding a dark secret.",/4AfSDjjCy6T5LA1TMz0Lh2HlpRh.jpg,Angry
78,tt0083658,Blade Runner,1982,7.9,"Drama, Science Fiction, Thriller","In the smog-choked dystopian Los Angeles of 2019, blade runner Rick Deckard is called out of retirement to terminate a quartet of replicants who have escaped to Earth seeking their creator for a way to extend their short life spans.",/fwhLegA6z40W0DIy6EGXhzDzlOP.jpg,Angry
6977,tt0477348,No Country for Old Men,2007,7.9,"Crime, Drama, Thriller","Llewelyn Moss stumbles upon dead bodies, $2 million and a hoard of heroin in a Texas desert, but methodical killer Anton Chigurh comes looking for it, with local sheriff Ed Tom Bell hot on his trail. The roles of prey and predator blur as the violent pursuit of money and justice collide.",/bj1v6YKF8yHqA489VFfnQvOJpnc.jpg,Angry
118340,tt2015381,Guardians of the Galaxy,2014,7.9,"Action, Adventure, Science Fiction","Light years from Earth, 26 years after being abducted, Peter Quill finds himself the prime target of a manhunt after discovering an orb wanted by Ronan the Accuser.",/r7vmZjiyZw9rpJMQJdXpjgiCOk9.jpg,Angry
85,tt0082971,Raiders of the Lost Ark,1981,7.9,"Action, Adventure","When Dr. Indiana Jones – the tweed-suited professor who just happens to be a celebrated archaeologist – is hired by the government to locate the legendary Ark of the Covenant, he finds himself up against the entire Nazi regime.",/ceG9VzoRAVGwivFU403Wc3AHRys.jpg,Angry
197,tt0112573,Braveheart,1995,7.9,"Action, Drama, History, War","Enraged at the slaughter of Murron, his new bride and childhood love, Scottish warrior William Wallace slays a platoon of the local English lord's soldiers. This leads the village to revolt and, eventually, the entire country to rise up against English rule.",/or1gBugydmjToAEq7OZY0owwFk.jpg,Angry
679,tt0090605,Aliens,1986,7.9,"Action, Science Fiction, Thriller","When Ripley's lifepod is found by a salvage crew over 50 years later, she finds that terra-formers are on the very planet they found the alien species. When the company sends a family of colonists out to investigate her story—all contact is lost with the planet and colonists. They enlist Ripley and the colonial marines to return and search for answers.",/r1x5JGpyqZU8PYhbs4UcrO1Xb6x.jpg,Angry
213,tt0053125,North by Northwest,1959,8.0,"Mystery, Thriller","Advertising man Roger Thornhill is mistaken for a spy, triggering a deadly cross-country chase.",/ay0dOKJgyK4VEh3xakV15UgvJMF.jpg,Angry
996,tt0036775,Double Indemnity,1944,8.1,"Crime, Thriller","A rich woman and a calculating insurance agent plot to kill her unsuspecting husband after he signs a double indemnity policy. Against a backdrop of distinctly Californian settings, the partners in crime plan the perfect murder to collect the insurance, which pays double if the death is accidental.",/kkfKLeOTo7RjS9TxHKpknlL7huS.jpg,Angry
210577,tt2267998,Gone Girl,2014,7.9,"Drama, Mystery, Thriller","With his wife's disappearance having become the focus of an intense media circus, a man sees the spotlight turned on him when it's suspected that he may not be innocent.",/qymaJhucquUwjpb8oiqynMeXnID.jpg,Angry
752,tt0434409,V for Vendetta,2006,7.9,"Action, Science Fiction, Thriller","In a world in which Great Britain has become a fascist state, a masked vigilante known only as “V” conducts guerrilla warfare against the oppressive British government. When V rescues a young woman from the secret police, he finds in her an ally with whom he can continue his fight to free the people of Britain.",/1avD1JeaRiJX5M4ahPdZPypGoGN.jpg,Angry
1892,tt0086190,Return of the Jedi,1983,7.9,"Action, Adventure, Science Fiction","Luke Skywalker leads a mission to rescue his friend Han Solo from the clutches of Jabba the Hutt, while the Emperor seeks to destroy the Rebellion once and for all with a second dreaded Death Star.",/jQYlydvHm3kUix1f8prMucrplhm.jpg,Angry
521,tt0046912,Dial M for Murder,1954,8.0,"Crime, Thriller","An ex-tennis pro carries out a plot to have his wife murdered after discovering she is having an affair, and assumes she will soon leave him for the other man anyway. When things go wrong, he improvises a new plan—to frame her for murder instead.",/2gDCAgl2iBQNuJuk6p2xtuS1ewg.jpg,Angry
393,tt0378194,Kill Bill: Vol. 2,2004,7.9,"Action, Crime, Thriller","The Bride unwaveringly continues on her roaring rampage of revenge against the band of assassins who had tried to kill her and her unborn child. She visits each of her former associates one-by-one, checking off the victims on her Death List Five until there's nothing left to do … but kill Bill.",/2yhg0mZQMhDyvUQ4rG1IZ4oIA8L.jpg,Angry
949,tt0113277,Heat,1995,7.9,"Action, Crime, Drama",Obsessive master thief Neil McCauley leads a top-notch crew on various daring heists throughout Los Angeles while determined detective Vincent Hanna pursues him without rest. Each man recognizes and respects the ability and the dedication of the other even though they are aware their cat-and-mouse game may end in violence.,/umSVjVdbVwtx5ryCA2QXL44Durm.jpg,Angry
664767,tt9580138,Mortal Kombat Legends: Scorpion's Revenge,2020,8.1,"Action, Animation, Fantasy","After the vicious slaughter of his family by stone-cold mercenary Sub-Zero, Hanzo Hasashi is exiled to the torturous Netherrealm. There, in exchange for his servitude to the sinister Quan Chi, he’s given a chance to avenge his family – and is resurrected as Scorpion, a lost soul bent on revenge. Back on Earthrealm, Lord Raiden gathers a team of elite warriors – Shaolin monk Liu Kang, Special Forces officer Sonya Blade and action star Johnny Cage – an unlikely band of heroes with one chance to save humanity. To do this, they must defeat Shang Tsung’s horde of Outworld gladiators and reign over the Mortal Kombat tournament.",/4VlXER3FImHeFuUjBShFamhIp9M.jpg,Angry
527774,tt5109280,Raya and the Last Dragon,2021,7.9,"Action, Adventure, Animation, Family, Fantasy","Long ago, in the fantasy world of Kumandra, humans and dragons lived together in harmony. But when an evil force threatened the land, the dragons sacrificed themselves to save humanity. Now, 500 years later, that same evil has returned and it’s up to a lone warrior, Raya, to track down the legendary last dragon to restore the fractured land and its divided people.",/lPsD10PP4rgUGiGR4CCXA6iY0QQ.jpg,Angry
275,tt0116282,Fargo,1996,7.9,"Crime, Drama, Thriller","Jerry, a small-town Minnesota car salesman is bursting at the seams with debt... but he's got a plan. He's going to hire two thugs to kidnap his wife in a scheme to collect a hefty ransom from his wealthy father-in-law. It's going to be a snap and nobody's going to get hurt... until people start dying. Enter Police Chief Marge, a coffee-drinking, parka-wearing - and extremely pregnant - investigator who'll stop at nothing to get her man. And if you think her small-time investigative skills will give the crooks a run for their ransom... you betcha!",/rt7cpEr1uP6RTZykBFhBTcRaKvG.jpg,Angry
89,tt0097576,Indiana Jones and the Last Crusade,1989,7.8,"Action, Adventure","In 1938, an art collector appeals to eminent archaeologist Dr. Indiana Jones to embark on a search for the Holy Grail. Indy learns that a medieval historian has vanished while searching for it, and the missing man is his own father, Dr. Henry Jones Sr.. He sets out to rescue his father by following clues in the old man's notebook, which his father had mailed to him before he went missing. Indy arrives in Venice, where he enlists the help of a beautiful academic, Dr. Elsa Schneider, along with Marcus Brody and Sallah. Together they must stop the Nazis from recovering the power of eternal life and taking over the world!",/npUCnxl1fqgt3aQiMQq0iJdZMZp.jpg,Angry
1580,tt0040746,Rope,1948,8.0,"Crime, Drama, Thriller",Two men attempt to prove they committed the perfect crime by hosting a dinner party after strangling their former classmate to death.,/gr2HoDd05E5F0b8KDXf0hGbYvUr.jpg,Angry
829,tt0071315,Chinatown,1974,7.9,"Crime, Drama, Mystery, Thriller","Private eye Jake Gittes lives off of the murky moral climate of sunbaked, pre-World War II Southern California. Hired by a beautiful socialite to investigate her husband's extra-marital affair, Gittes is swept into a maelstrom of double dealings and deadly deceits, uncovering a web of personal and political scandals that come crashing together.",/mQJz8J4naOA7RmCtypTPjgXZIMY.jpg,Angry
9702,tt0106469,Bound by Honor,1993,8.1,"Action, Crime, Drama, Thriller","Based on the true life experiences of poet Jimmy Santiago Baca, the film focuses on half-brothers Paco and Cruz, and their bi-racial cousin Miklo. It opens in 1972, as the three are members of an East L.A. gang known as the ""Vatos Locos"", and the story focuses on how a violent crime and the influence of narcotics alter their lives. Miklo is incarcerated and sent to San Quentin, where he makes a ""home"" for himself. Cruz becomes an exceptional artist, but a heroin addiction overcomes him with tragic results. Paco becomes a cop and an enemy to his ""carnal"", Miklo.",/gvP6R6juhe2IpCG7QGDgjyUvm0g.jpg,Angry
263115,tt3315342,Logan,2017,7.8,"Action, Drama, Science Fiction","In the near future, a weary Logan cares for an ailing Professor X in a hideout on the Mexican border. But Logan's attempts to hide from the world and his legacy are upended when a young mutant arrives, pursued by dark forces.",/fnbjcRDYn6YviCcePDnGdyAkYsB.jpg,Angry
22,tt0325980,Pirates of the Caribbean: The Curse of the Black Pearl,2003,7.8,"Action, Adventure, Fantasy","Jack Sparrow, a freewheeling 18th-century pirate, quarrels with a rival pirate bent on pillaging Port Royal. When the governor's daughter is kidnapped, Sparrow decides to help the girl's love save her.",/z8onk7LV9Mmw6zKz4hT6pzzvmvl.jpg,Angry
5925,tt0057115,The Great Escape,1963,7.9,"Adventure, Drama, History, Thriller, War","The Nazis, exasperated at the number of escapes from their prison camps by a relatively small number of Allied prisoners, relocate them to a high-security 'escape-proof' camp to sit out the remainder of the war. Undaunted, the prisoners plan one of the most ambitious escape attempts of World War II. Based on a true story.",/gBH4H8UMFxl139HaLz6lRuvsel8.jpg,Angry
537061,tt10515852,Steven Universe: The Movie,2019,8.3,"Action, Adventure, Animation, Comedy, Drama, Fantasy, Music, Science Fiction, TV Movie","Two years after bringing peace to the galaxy, Steven Universe sees his past come back to haunt him in the form of a deranged Gem who wants to destroy the Earth.",/8mRgpubxHqnqvENK4Bei30xMDvy.jpg,Angry
1018,tt0166924,Mulholland Drive,2001,7.8,"Drama, Mystery, Thriller","Blonde Betty Elms has only just arrived in Hollywood to become a movie star when she meets an enigmatic brunette with amnesia. Meanwhile, as the two set off to solve the second woman's identity, filmmaker Adam Kesher runs into ominous trouble while casting his latest project.",/tVxGt7uffLVhIIcwuldXOMpFBPX.jpg,Angry
49026,tt1345836,The Dark Knight Rises,2012,7.8,"Action, Crime, Drama, Thriller","Following the death of District Attorney Harvey Dent, Batman assumes responsibility for Dent's crimes to protect the late attorney's reputation and is subsequently hunted by the Gotham City Police Department. Eight years later, Batman encounters the mysterious Selina Kyle and the villainous Bane, a new terrorist leader who overwhelms Gotham's finest. The Dark Knight resurfaces to protect a city that has branded him an enemy.",/hr0L2aueqlP2BYUblTTjmtn0hw4.jpg,Angry
545611,tt6710474,Everything Everywhere All at Once,2022,7.8,"Action, Adventure, Science Fiction","An aging Chinese immigrant is swept up in an insane adventure, where she alone can save what's important to her by connecting with the lives she could have led in other universes.",/rKvCys0fMIIi1X9rmJBxTPLAtoU.jpg,Angry
59440,tt1291584,Warrior,2011,7.8,"Action, Drama","The youngest son of an alcoholic former boxer returns home, where he's trained by his father for competition in a mixed martial arts tournament – a path that puts the fighter on a collision course with his estranged, older brother.",/iM8n4nZJPR2abpnyZ36FUgHiRjr.jpg,Angry
562,tt0095016,Die Hard,1988,7.8,"Action, Thriller","NYPD cop John McClane's plan to reconcile with his estranged wife is thrown for a serious loop when, minutes after he arrives at her office, the entire building is overtaken by a group of terrorists. With little help from the LAPD, wisecracking McClane sets out to single-handedly rescue the hostages and bring the bad guys down.",/yFihWxQcmqcaBR31QM6Y8gT6aYV.jpg,Angry
603692,tt10366206,John Wick: Chapter 4,2023,7.8,"Action, Crime, Thriller","With the price on his head ever increasing, John Wick uncovers a path to defeating The High Table. But before he can earn his freedom, Wick must face off against a new enemy with powerful alliances across the globe and forces that turn old friends into foes.",/vZloFAK7NmvMGKE7VkF5UHaz0I.jpg,Angry
1092,tt0041959,The Third Man,1949,7.9,"Mystery, Thriller","In postwar Vienna, Austria, Holly Martins, a writer of pulp Westerns, arrives penniless as a guest of his childhood chum Harry Lime, only to learn he has died. Martins develops a conspiracy theory after learning of a ""third man"" present at the time of Harry's death, running into interference from British officer Major Calloway, and falling head-over-heels for Harry's grief-stricken lover, Anna.",/oIF3l7Dxp7Eyye10BNyM611wtKa.jpg,Angry
665,tt0052618,Ben-Hur,1959,7.9,"Action, Adventure, Drama, History","In 25 AD, Judah Ben-Hur, a Jew in ancient Judea, opposes the occupying Roman empire.  Falsely accused by a Roman childhood friend-turned-overlord of trying to kill the Roman governor, he is put into slavery and his mother and sister are taken away as prisoners.  Three years later and freed by a grateful Roman galley commander whom he has rescued from drowning, he becomes an expert charioteer for Rome, all the while plotting to return to Judea, find and rescue his family, and avenge himself on his former friend.  All the while, the form and work of Jesus move in the background of his life...",/m4WQ1dBIrEIHZNCoAjdpxwSKWyH.jpg,Angry
177572,tt2245084,Big Hero 6,2014,7.7,"Action, Adventure, Animation, Comedy, Family","A special bond develops between plus-sized inflatable robot Baymax, and prodigy Hiro Hamada, who team up with a group of friends to form a band of high-tech heroes.",/2mxS4wUimwlLmI1xp6QW6NSU361.jpg,Angry
805,tt0063522,Rosemary's Baby,1968,7.8,"Drama, Horror, Thriller","A young couple, Rosemary and Guy, moves into an infamous New York apartment building, known by frightening legends and mysterious events, with the purpose of starting a family.",/s8pdaHjxNPLXIA1WjSTWm00RJTz.jpg,Angry
6075,tt0106519,Carlito's Way,1993,7.8,"Crime, Drama, Romance, Thriller","A Puerto-Rican ex-con, just released from prison, pledges to stay away from drugs and violence despite the pressure around him, and lead a better life outside NYC.",/g6D7mjQtndu768cusGmoEQY9fTB.jpg,Angry
2118,tt0119488,L.A. Confidential,1997,7.8,"Crime, Mystery, Thriller",Three detectives in the corrupt and brutal L.A. police force of the 1950s use differing methods to uncover a conspiracy behind the shotgun slayings of the patrons at an all-night diner.,/lWCgf5sD5FpMljjpkRhcC8pXcch.jpg,Angry
183011,tt2820466,Justice League: The Flashpoint Paradox,2013,7.9,"Action, Adventure, Animation, Science Fiction",The Flash finds himself in a war-torn alternate timeline and teams up with alternate versions of his fellow heroes to restore the timeline.,/ek9SvmkUfh5QwRGIfK0il4Dfnpe.jpg,Angry
968,tt0072890,Dog Day Afternoon,1975,7.8,"Crime, Drama, Thriller","Based on the true story of would-be Brooklyn bank robbers John Wojtowicz and Salvatore Naturale. Sonny and Sal attempt a bank heist which quickly turns sour and escalates into a hostage situation and stand-off with the police. As Sonny's motives for the robbery are slowly revealed and things become more complicated, the heist turns into a media circus.",/3mYy8sLQWMS8tVHcac6T8sWHA6D.jpg,Angry
117,tt0094226,The Untouchables,1987,7.8,"Crime, Drama, History, Thriller","Young Treasury Agent Eliot Ness arrives in Chicago and is determined to take down Al Capone, but it's not going to be easy because Capone has the police in his pocket. Ness meets Jim Malone, a veteran patrolman and probably the most honorable one on the force. He asks Malone to help him get Capone, but Malone warns him that if he goes after Capone, he is going to war.",/8BquGK22zCcsmBWiaIakaaPpSZb.jpg,Angry
766507,tt11866324,Prey,2022,7.8,"Action, Science Fiction, Thriller","When danger threatens her camp, the fierce and highly skilled Comanche warrior Naru sets out to protect her people. But the prey she stalks turns out to be a highly evolved alien predator with a technically advanced arsenal.",/ujr5pztc1oitbe7ViMUOilFaJ7s.jpg,Angry
24428,tt0848228,The Avengers,2012,7.7,"Action, Adventure, Science Fiction","When an unexpected enemy emerges and threatens global safety and security, Nick Fury, director of the international peacekeeping agency known as S.H.I.E.L.D., finds himself in need of a team to pull the world back from the brink of disaster. Spanning the globe, a daring recruitment effort begins!",/RYMX2wcKCBAr24UyPD7xwmjaTn.jpg,Angry
223,tt0032976,Rebecca,1940,7.9,"Drama, Mystery, Romance, Thriller","Story of a young woman who marries a fascinating widower only to find out that she must live in the shadow of his former wife, Rebecca, who died mysteriously several years earlier. The young wife must come to grips with the terrible secret of her handsome, cold husband, Max De Winter. She must also deal with the jealous, obsessed Mrs. Danvers, the housekeeper, who will not accept her as the mistress of the house.",/1qz3qUOHnVy7dL7M7G8jSErxE4b.jpg,Angry
322,tt0327056,Mystic River,2003,7.7,"Crime, Drama, Mystery, Thriller",The lives of three men who were childhood friends are shattered when one of them suffers a family tragedy.,/1tyi6RZzbJ9bE0g0GUf6Q7BWLvv.jpg,Angry
272,tt0372784,Batman Begins,2005,7.7,"Action, Crime, Drama","Driven by tragedy, billionaire Bruce Wayne dedicates his life to uncovering and defeating the corruption that plagues his home, Gotham City.  Unable to work within the system, he instead creates a new identity, a symbol of fear for the criminal underworld - The Batman.",/4MpN4kIEqUjW8OPtOQJXlTdHiJV.jpg,Angry
9806,tt0317705,The Incredibles,2004,7.7,"Action, Adventure, Animation, Family","Bob Parr has given up his superhero days to log in time as an insurance adjuster and raise his three children with his formerly heroic wife in suburbia. But when he receives a mysterious assignment, it's time to get back into costume.",/2LqaLgk4Z226KkgPJuiOQ58wvrm.jpg,Angry
638507,tt11112140,How to Train Your Dragon: Homecoming,2019,8.1,"Action, Adventure, Animation, Family, Fantasy","It's been ten years since the dragons moved to the Hidden World, and even though Toothless doesn't live in New Berk anymore, Hiccup continues the holiday traditions he once shared with his best friend. But the Vikings of New Berk were beginning to forget about their friendship with dragons. Hiccup, Astrid, and Gobber know just what to do to keep the dragons in the villagers' hearts. And across the sea, the dragons have a plan of their own...",/kXj2Qrfm994yLeuADqbOieU1mUH.jpg,Angry
992,tt0015324,Sherlock Jr.,1924,8.1,"Action, Comedy, Mystery","A film projectionist longs to be a detective, and puts his meagre skills to work when he is framed by a rival for stealing his girlfriend's father's pocketwatch.",/1G9r3rqtbFAQuyWKOZm4Y5J5s7Q.jpg,Angry
142061,tt2166834,"Batman: The Dark Knight Returns, Part 2",2013,7.9,"Action, Animation, Mystery, Science Fiction",Batman has stopped the reign of terror that The Mutants had cast upon his city.  Now an old foe wants a reunion and the government wants The Man of Steel to put a stop to Batman.,/arEZYd6uMOFTILne9Ux0A8qctMe.jpg,Angry
242582,tt2872718,Nightcrawler,2014,7.7,"Crime, Drama, Thriller","When Lou Bloom, desperate for work, muscles into the world of L.A. crime journalism, he blurs the line between observer and participant to become the star of his own story. Aiding him in his effort is Nina, a TV-news veteran.",/j9HrX8f7GbZQm1BrBiR40uFQZSb.jpg,Angry
1700,tt0100157,Misery,1990,7.8,"Drama, Thriller","Novelist Paul Sheldon crashes his car on a snowy Colorado road. He is found by Annie Wilkes, the ""number one fan"" of Paul's heroine Misery Chastaine. Annie is also dangerously unstable, and Paul finds himself crippled, drugged, and at her mercy.",/klPO5oh1LOxiPpdDXZo1ADgpKcw.jpg,Angry
414906,tt1877830,The Batman,2022,7.7,"Crime, Mystery, Thriller","In his second year of fighting crime, Batman uncovers corruption in Gotham City that connects to his own family while facing a serial killer known as the Riddler.",/74xTEgt7R36Fpooo50r9T25onhq.jpg,Angry
792,tt0091763,Platoon,1986,7.7,"Action, Drama, War","As a young and naive recruit in Vietnam, Chris Taylor faces a moral crisis when confronted with the horrors of war and the duality of man.",/m3mmFkPQKvPZq5exmh0bDuXlD9T.jpg,Angry
961,tt0017925,The General,1926,8.0,"Action, Adventure, Comedy, War","During America’s Civil War, Union spies steal engineer Johnny Gray's beloved locomotive, 'The General'—with Johnnie's lady love aboard an attached boxcar—and he single-handedly must do all in his power to both get The General back and to rescue Annabelle.",/4NmV1Wei4LxT2lpjViCAScgCZLq.jpg,Angry
96721,tt1979320,Rush,2013,7.7,"Action, Drama","In the 1970s, a rivalry propels race car drivers Niki Lauda and James Hunt to fame and glory — until a horrible accident threatens to end it all.",/5akKFgS7eeXUw9rKTEujryKrH17.jpg,Angry
100402,tt1843866,Captain America: The Winter Soldier,2014,7.7,"Action, Adventure, Science Fiction","After the cataclysmic events in New York with The Avengers, Steve Rogers, aka Captain America is living quietly in Washington, D.C. and trying to adjust to the modern world. But when a S.H.I.E.L.D. colleague comes under attack, Steve becomes embroiled in a web of intrigue that threatens to put the world at risk. Joining forces with the Black Widow, Captain America struggles to expose the ever-widening conspiracy while fighting off professional assassins sent to silence him at every turn. When the full scope of the villainous plot is revealed, Captain America and the Black Widow enlist the help of a new ally, the Falcon. However, they soon find themselves up against an unexpected and formidable enemy—the Winter Soldier.",/tVFRpFw3xTedgPGqxW0AOI8Qhh0.jpg,Angry
525,tt0080455,The Blues Brothers,1980,7.7,"Action, Comedy, Crime, Music","Jake Blues, just released from prison, puts his old band back together to save the Catholic home where he and his brother Elwood were raised.",/3DiSrcYELCLkwnjl9EZp2pkKGep.jpg,Angry
44214,tt0947798,Black Swan,2010,7.7,"Drama, Horror, Thriller",A journey through the psyche of a young ballerina whose starring role as the duplicitous swan queen turns out to be a part for which she becomes frighteningly perfect.,/rH19vkjAzCZ0HIUvrgB3rowm68h.jpg,Angry
3112,tt0048424,The Night of the Hunter,1955,7.9,"Crime, Drama, Thriller","In the Deep South, a serial-killing preacher hunts two young children who know the whereabouts of a stash of money.",/rBka0nFWiHxabHRLr0KfIA8Yiaq.jpg,Angry
82702,tt1646971,How to Train Your Dragon 2,2014,7.7,"Action, Adventure, Animation, Comedy, Family, Fantasy","Five years have passed since Hiccup and Toothless united the dragons and Vikings of Berk. Now, they spend their time charting unmapped territories. During one of their adventures, the pair discover a secret cave that houses hundreds of wild dragons -- and a mysterious dragon rider who turns out to be Hiccup's mother, Valka. Hiccup and Toothless then find themselves at the center of a battle to protect Berk from a power-hungry warrior named Drago.",/d13Uj86LdbDLrfDoHR5aDOFYyJC.jpg,Angry
1726,tt0371746,Iron Man,2008,7.6,"Action, Adventure, Science Fiction","After being held captive in an Afghan cave, billionaire engineer Tony Stark creates a unique weaponized suit of armor to fight evil.",/78lPtwv72eTNqFW9COBYI0dWDJa.jpg,Angry
553,tt0276919,Dogville,2003,7.8,"Crime, Drama, Thriller","A mysterious woman named Grace hides in a small mountain town from criminals who pursue her. The town is two-faced and offers to harbor Grace as long as she can make it worth their effort, so Grace works hard under the employ of various townspeople to win their favor. Tensions flare, however, and Grace's status as a helpless outsider provokes vicious contempt and abuse from the citizens of Dogville.",/lraVawavIXh5geMlVjpzCw9TGwR.jpg,Angry
399566,tt5034838,Godzilla vs. Kong,2021,7.7,"Action, Science Fiction, Thriller","In a time when monsters walk the Earth, humanity’s fight for its future sets Godzilla and Kong on a collision course that will see the two most powerful forces of nature on the planet collide in a spectacular battle for the ages.",/pgqgaUx1cJb5oZQQ5v0tNARCeBp.jpg,Angry
578,tt0073195,Jaws,1975,7.7,"Adventure, Horror, Thriller","When an insatiable great white shark terrorizes the townspeople of Amity Island, the police chief, an oceanographer and a grizzled shark hunter seek to destroy the blood-thirsty beast.",/lxM6kqilAdpdhqUl2biYp5frUxE.jpg,Angry
756999,tt7144666,The Black Phone,2022,7.7,"Horror, Thriller","Finney Blake, a shy but clever 13-year-old boy, is abducted by a sadistic killer and trapped in a soundproof basement where screaming is of little use. When a disconnected phone on the wall begins to ring, Finney discovers that he can hear the voices of the killer’s previous victims. And they are dead set on making sure that what happened to them doesn’t happen to Finney.",/lr11mCT85T1JanlgjMuhs9nMht4.jpg,Angry
76600,tt1630029,Avatar: The Way of Water,2022,7.7,"Action, Adventure, Science Fiction","Set more than a decade after the events of the first film, learn the story of the Sully family (Jake, Neytiri, and their kids), the trouble that follows them, the lengths they go to keep each other safe, the battles they fight to stay alive, and the tragedies they endure.",/t6HIqrRAclMCA60NsSmeqe9RmNV.jpg,Angry
218,tt0088247,The Terminator,1984,7.6,"Action, Science Fiction, Thriller","In the post-apocalyptic future, reigning tyrannical supercomputers teleport a cyborg assassin known as the ""Terminator"" back to 1984 to kill Sarah Connor, whose unborn son is destined to lead insurgents against 21st century mechanical hegemony. Meanwhile, the human-resistance movement dispatches a lone warrior to safeguard Sarah. Can he stop the virtually indestructible killing machine?",/hzXSE66v6KthZ8nPoLZmsi2G05j.jpg,Angry
207703,tt2802144,Kingsman: The Secret Service,2014,7.6,"Action, Adventure, Comedy, Crime",The story of a super-secret spy organization that recruits an unrefined but promising street kid into the agency's ultra-competitive training program just as a global threat emerges from a twisted tech genius.,/ay7xwXn1G9fzX9TUBlkGA584rGi.jpg,Angry
882569,tt4873118,Guy Ritchie's The Covenant,2023,7.8,"Action, Thriller, War","During the war in Afghanistan, a local interpreter risks his own life to carry an injured sergeant across miles of grueling terrain.",/kVG8zFFYrpyYLoHChuEeOGAd6Ru.jpg,Angry
414419,tt6019206,Kill Bill: The Whole Bloody Affair,2011,8.0,"Action, Crime, Thriller","An assassin is shot and almost killed by her ruthless employer, Bill, and other members of their assassination circle – but she lives to plot her vengeance.  Kill Bill: The Whole Bloody Affair is a complete edit of the two-part martial arts action films Kill Bill: Vol. 1 and Kill Bill: Vol. 2. The film was originally scheduled to be released as one part. However, due to the film's over 4 hour running time, it was split into two parts.",/dY9UpmPuIlof7yewacccw3NVJhT.jpg,Angry
283995,tt3896198,Guardians of the Galaxy Vol. 2,2017,7.6,"Action, Adventure, Science Fiction",The Guardians must fight to keep their newfound family together as they unravel the mysteries of Peter Quill's true parentage.,/y4MBh0EjBlMuOzv9axM4qJlmhzz.jpg,Angry
419430,tt5052448,Get Out,2017,7.6,"Horror, Mystery, Thriller","Chris and his girlfriend Rose go upstate to visit her parents for the weekend. At first, Chris reads the family's overly accommodating behavior as nervous attempts to deal with their daughter's interracial relationship, but as the weekend progresses, a series of increasingly disturbing discoveries lead him to a truth that he never could have imagined.",/mE24wUCfjK8AoBBjaMjho7Rczr7.jpg,Angry
980489,tt4495098,Gran Turismo,2023,8.1,"Action, Adventure, Drama",The ultimate wish-fulfillment tale of a teenage Gran Turismo player whose gaming skills won him a series of Nissan competitions to become an actual professional racecar driver.,/51tqzRtKMMZEYUpSYkrUE7v9ehm.jpg,Angry
637649,tt11083552,Wrath of Man,2021,7.7,"Action, Crime, Thriller","A cold and mysterious new security guard for a Los Angeles cash truck company surprises his co-workers when he unleashes precision skills during a heist. The crew is left wondering who he is and where he came from. Soon, the marksman's ultimate motive becomes clear as he takes dramatic and irrevocable steps to settle a score.",/M7SUK85sKjaStg4TKhlAVyGlz3.jpg,Angry
293660,tt1431045,Deadpool,2016,7.6,"Action, Adventure, Comedy","The origin story of former Special Forces operative turned mercenary Wade Wilson, who, after being subjected to a rogue experiment that leaves him with accelerated healing powers, adopts the alter ego Deadpool. Armed with his new abilities and a dark, twisted sense of humor, Deadpool hunts down the man who nearly destroyed his life.",/zq8Cl3PNIDGU3iWNRoc5nEZ6pCe.jpg,Angry
698948,tt12262116,Thirteen Lives,2022,7.9,"Drama, Thriller","Based on the true nail-biting mission that captivated the world. Twelve boys and the coach of a Thai soccer team explore the Tham Luang cave when an unexpected rainstorm traps them in a chamber inside the mountain. Entombed behind a maze of flooded cave tunnels, they face impossible odds. A team of world-class divers navigate through miles of dangerous cave networks to discover that finding the boys is only the beginning.",/yi5KcJqFxy0D6yP8nCfcF8gJGg5.jpg,Angry
137113,tt1631867,Edge of Tomorrow,2014,7.6,"Action, Science Fiction","Major Bill Cage is an officer who has never seen a day of combat when he is unceremoniously demoted and dropped into combat. Cage is killed within minutes, managing to take an alpha alien down with him. He awakens back at the beginning of the same day and is forced to fight and die again... and again - as physical contact with the alien has thrown him into a time loop.",/xjw5trHV7Mwo61P0kCTy8paEkgO.jpg,Angry
284053,tt3501632,Thor: Ragnarok,2017,7.6,"Action, Adventure, Science Fiction","Thor is imprisoned on the other side of the universe and finds himself in a race against time to get back to Asgard to stop Ragnarok, the destruction of his home-world and the end of Asgardian civilization, at the hands of a powerful new threat, the ruthless Hela.",/rzRwTcFvttcN1ZpX2xv4j3tSdJu.jpg,Angry
333339,tt1677720,Ready Player One,2018,7.6,"Action, Adventure, Science Fiction","When the creator of a popular video game system dies, a virtual contest is created to compete for his fortune.",/pU1ULUq8D3iRxl1fdX2lZIzdHuI.jpg,Angry
76341,tt1392190,Mad Max: Fury Road,2015,7.6,"Action, Adventure, Science Fiction","An apocalyptic story set in the furthest reaches of our planet, in a stark desert landscape where humanity is broken, and most everyone is crazed fighting for the necessities of life. Within this world exist two rebels on the run who just might be able to restore order.",/8tZYtuWezp8JbcsvHYO0O46tFbo.jpg,Angry
724495,tt8093700,The Woman King,2022,7.7,"Action, Drama, History","The story of the Agojie, the all-female unit of warriors who protected the African Kingdom of Dahomey in the 1800s with skills and a fierceness unlike anything the world has ever seen, and General Nanisca as she trains the next generation of recruits and readies them for battle against an enemy determined to destroy their way of life.",/438QXt1E3WJWb3PqNniK0tAE5c1.jpg,Angry
19995,tt0499549,Avatar,2009,7.6,"Action, Adventure, Fantasy, Science Fiction","In the 22nd century, a paraplegic Marine is dispatched to the moon Pandora on a unique mission, but becomes torn between following orders and protecting an alien civilization.",/kyeqWdyUXW608qlYkRqosgbbJyK.jpg,Angry
10242,tt0056687,What Ever Happened to Baby Jane?,1962,7.9,"Drama, Horror, Thriller",A former child star torments her paraplegic sister in their decaying Hollywood mansion.,/msGYzyWwtjAaA3DScdgmvJ5MReG.jpg,Angry
63,tt0114746,Twelve Monkeys,1995,7.6,"Mystery, Science Fiction, Thriller","In the year 2035, convict James Cole reluctantly volunteers to be sent back in time to discover the origin of a deadly virus that wiped out nearly all of the earth's population and forced the survivors into underground communities. But when Cole is mistakenly sent to 1990 instead of 1996, he's arrested and locked up in a mental hospital. There he meets psychiatrist Dr. Kathryn Railly, and patient Jeffrey Goines, the son of a famous virus expert, who may hold the key to the mysterious rogue group, the Army of the 12 Monkeys, thought to be responsible for unleashing the killer disease.",/gt3iyguaCIw8DpQZI1LIN5TohM2.jpg,Angry
1933,tt0230600,The Others,2001,7.6,"Horror, Mystery, Thriller","Grace is a religious woman who lives in an old house kept dark because her two children, Anne and Nicholas, have a rare sensitivity to light. When the family begins to suspect the house is haunted, Grace fights to protect her children at any cost in the face of strange events and disturbing visions.",/p8g1vlTvpM6nr2hMMiZ1fUlKF0D.jpg,Angry
9693,tt0206634,Children of Men,2006,7.6,"Action, Drama, Science Fiction, Thriller","In 2027, in a chaotic world in which humans can no longer procreate, a former activist agrees to help transport a miraculously pregnant woman to a sanctuary at sea, where her child's birth may help scientists save the future of humankind.",/k9IAS4TehZFcKi4HVByxZNPfqex.jpg,Angry
1480,tt0052311,Touch of Evil,1958,7.8,"Crime, Mystery, Thriller","When a car bomb explodes on the American side of the U.S./Mexico border, Mexican drug enforcement agent Miguel Vargas begins his investigation, along with American police captain Hank Quinlan. When Vargas begins to suspect that Quinlan and his shady partner, Menzies, are planting evidence to frame an innocent man, his investigations into their possible corruption quickly put himself and his new bride, Susie, in jeopardy.",/1pvRgmfBaoMczIJBOi9gCOZ4FMC.jpg,Angry
566525,tt9376612,Shang-Chi and the Legend of the Ten Rings,2021,7.6,"Action, Adventure, Fantasy",Shang-Chi must confront the past he thought he left behind when he is drawn into the web of the mysterious Ten Rings organization.,/9f2Q0U3IOsLgrI2HkvldwSABZy5.jpg,Angry
1592,tt0117381,Primal Fear,1996,7.7,"Crime, Drama, Mystery, Thriller","An arrogant, high-powered attorney takes on the case of a poor altar boy found running away from the scene of the grisly murder of the bishop who has taken him in. The case gets a lot more complex when the accused reveals that there may or may not have been a third person in the room.",/qJf2TzE8nRTFbFMPJNW6c8mI0KU.jpg,Angry
64690,tt0780504,Drive,2011,7.6,"Crime, Drama, Thriller","Driver is a skilled Hollywood stuntman who moonlights as a getaway driver for criminals. Though he projects an icy exterior, lately he's been warming up to a pretty neighbor named Irene and her young son, Benicio. When Irene's husband gets out of jail, he enlists Driver's help in a million-dollar heist. The job goes horribly wrong, and Driver must risk his life to protect Irene and Benicio from the vengeful masterminds behind the robbery.",/602vevIURmpDfzbnv5Ubi6wIkQm.jpg,Angry
57158,tt1170358,The Hobbit: The Desolation of Smaug,2013,7.6,"Action, Adventure, Fantasy","The Dwarves, Bilbo and Gandalf have successfully escaped the Misty Mountains, and Bilbo has gained the One Ring. They all continue their journey to get their gold back from the Dragon, Smaug.",/70Ux6sHFIqu0bVFp8xzBZCOQFXM.jpg,Angry
303,tt0038787,Notorious,1946,7.8,"Mystery, Romance, Thriller","In order to help bring Nazis to justice, U.S. government agent T.R. Devlin recruits Alicia Huberman, the American daughter of a convicted German war criminal, as a spy. As they begin to fall for one another, Alicia is instructed to win the affections of Alexander Sebastian, a Nazi hiding out in Brazil. When Sebastian becomes serious about his relationship with Alicia, the stakes get higher, and Devlin must watch her slip further undercover.",/yUjKnpColooH88BFQJwwgNOQ56N.jpg,Angry
871,tt0063442,Planet of the Apes,1968,7.6,"Action, Adventure, Drama, Science Fiction","Astronaut Taylor crash lands on a distant planet ruled by apes who use a primitive race of humans for experimentation and sport. Soon Taylor finds himself among the hunted, his life in the hands of a benevolent chimpanzee scientist.",/2r9iKnlSYEk4daQadsXfcjHfIjQ.jpg,Angry
40662,tt1569923,Batman: Under the Red Hood,2010,7.8,"Action, Animation, Crime, Mystery, Science Fiction","One part vigilante, one part criminal kingpin, Red Hood begins cleaning up Gotham with the efficiency of Batman, but without following the same ethical code.",/7lmHqHg1rG9b4U8MjuyQjmJ7Qm0.jpg,Angry
123025,tt2313197,"Batman: The Dark Knight Returns, Part 1",2012,7.7,"Action, Animation, Mystery, Science Fiction","Batman has not been seen for ten years. A new breed of criminal ravages Gotham City, forcing 55-year-old Bruce Wayne back into the cape and cowl. But, does he still have what it takes to fight crime in a new era?",/kkjTbwV1Xnj8wBL52PjOcXzTbnb.jpg,Angry
616,tt0325710,The Last Samurai,2003,7.6,"Action, Drama, War","Nathan Algren is an American hired to instruct the Japanese army in the ways of modern warfare, which finds him learning to respect the samurai and the honorable principles that rule them. Pressed to destroy the samurai's way of life in the name of modernization and open trade, Algren decides to become an ultimate warrior himself and to fight for their right to exist.",/lsasOSgYI85EHygtT5SvcxtZVYT.jpg,Angry
793,tt0090756,Blue Velvet,1986,7.6,"Crime, Mystery, Thriller","The discovery of a severed human ear found in a field leads a young man on an investigation related to a beautiful, mysterious nightclub singer and a group of criminals who have kidnapped her child.",/7hlgzJXLgyECS1mk3LSN3E72l5N.jpg,Angry
963,tt0033870,The Maltese Falcon,1941,7.7,"Crime, Mystery, Thriller","A private detective takes on a case that involves him with three eccentric criminals, a beautiful liar, and their quest for a priceless statuette.",/bf4o6Uzw5wqLjdKwRuiDrN1xyvl.jpg,Angry
436969,tt6334354,The Suicide Squad,2021,7.6,"Action, Adventure, Comedy","Supervillains Harley Quinn, Bloodsport, Peacemaker and a collection of nutty cons at Belle Reve prison join the super-secret, super-shady Task Force X as they are dropped off at the remote, enemy-infused island of Corto Maltese.",/kb4s0ML0iVZlG6wAKbbs9NAm6X.jpg,Angry
431693,tt5814534,Spies in Disguise,2019,7.6,"Action, Adventure, Animation, Comedy, Family","Super spy Lance Sterling and scientist Walter Beckett are almost exact opposites. Lance is smooth, suave and debonair. Walter is… not. But what Walter lacks in social skills he makes up for in smarts and invention, creating the awesome gadgets Lance uses on his epic missions. But when events take an unexpected turn, Walter and Lance suddenly have to rely on each other in a whole new way.",/30YacPAcxpNemhhwX0PVUl9pVA3.jpg,Angry
11474,tt0080120,The Warriors,1979,7.7,"Action, Thriller","Prominent gang leader Cyrus calls a meeting of New York's gangs to set aside their turf wars and take over the city. At the meeting, a rival leader kills Cyrus, but a Coney Island gang called the Warriors is wrongly blamed for Cyrus' death. Before you know it, the cops and every gangbanger in town is hot on the Warriors' trail.",/fCDXAJcPvpsMd5CL1kBKkkNGW3X.jpg,Angry
1954,tt0289879,The Butterfly Effect,2004,7.6,"Science Fiction, Thriller","A young man struggles to access sublimated childhood memories. He finds a technique that allows him to travel back into the past, to occupy his childhood body and change history. However, he soon finds that every change he makes has unexpected consequences.",/ea5iv7TWMh18fOKoRGgmtcg85Gx.jpg,Angry
489999,tt7668870,Searching,2018,7.6,"Drama, Mystery, Thriller","After David Kim's 16-year-old daughter goes missing, a local investigation is opened and a detective is assigned to the case. But 37 hours later and without a single lead, David decides to search the one place no one has looked yet, where all secrets are kept today: his daughter's laptop.",/9N0T3BaHZNdUCcMZQIM3yMUFwEh.jpg,Angry
138843,tt1457767,The Conjuring,2013,7.5,"Horror, Thriller","Paranormal investigators Ed and Lorraine Warren work to help a family terrorized by a dark presence in their farmhouse. Forced to confront a powerful entity, the Warrens find themselves caught in the most terrifying case of their lives.",/wVYREutTvI2tmxr6ujrHT704wGF.jpg,Angry
36557,tt0381061,Casino Royale,2006,7.5,"Action, Adventure, Thriller","Le Chiffre, a banker to the world's terrorists, is scheduled to participate in a high-stakes poker game in Montenegro, where he intends to use his winnings to establish his financial grip on the terrorist market. M sends Bond—on his maiden mission as a 00 Agent—to attend this game and prevent Le Chiffre from winning. With the help of Vesper Lynd and Felix Leiter, Bond enters the most important poker game in his already dangerous career.",/lMrxYKKhd4lqRzwUHAy5gcx9PSO.jpg,Angry
4638,tt0425112,Hot Fuzz,2007,7.6,"Action, Comedy, Crime","As a former London constable, Nicholas Angel finds it difficult to adapt to his new assignment in the sleepy British village of Sandford. Not only does he miss the excitement of the big city, but he also has a well-meaning oaf for a partner. However, when a series of grisly accidents rocks Sandford, Angel smells something rotten in the idyllic village.",/zPib4ukTSdXvHP9pxGkFCe34f3y.jpg,Angry
2649,tt0119174,The Game,1997,7.6,"Drama, Mystery, Thriller","In honor of his birthday, San Francisco banker Nicholas Van Orton, a financial genius and a cold-hearted loner, receives an unusual present from his younger brother, Conrad: a gift certificate to play a unique kind of game. In nary a nanosecond, Nicholas finds himself consumed by a dangerous set of ever-changing rules, unable to distinguish where the charade ends and reality begins.",/4UOa079915QjiTA2u5hT2yKVgUu.jpg,Angry
1579,tt0472043,Apocalypto,2006,7.6,"Action, Drama, History","Set in the Mayan civilization, when a man's idyllic presence is brutally disrupted by a violent invading force, he is taken on a perilous journey to a world ruled by fear and oppression where a harrowing end awaits him. Through a twist of fate and spurred by the power of his love for his woman and his family he will make a desperate break to return home and to ultimately save his way of life.",/cBFQsU1LDBEOl0Ik0cygeB6wCLE.jpg,Angry
109424,tt1535109,Captain Phillips,2013,7.6,"Action, Drama, Thriller","The true story of Captain Richard Phillips and the 2009 hijacking by Somali pirates of the US-flagged MV Maersk Alabama, the first American cargo ship to be hijacked in two hundred years.",/vjsEi2JytAT76qrtUHPIhXExZAm.jpg,Angry
819,tt0117665,Sleepers,1996,7.6,"Crime, Drama, Thriller",Two gangsters seek revenge on the state jail worker who during their stay at a youth prison sexually abused them. A sensational court hearing takes place to charge him for the crimes.,/yUpiEk2EojS9ZEXb3nIQonQCYYF.jpg,Angry
948,tt0077651,Halloween,1978,7.6,"Horror, Thriller","Fifteen years after murdering his sister on Halloween Night 1963, Michael Myers escapes from a mental hospital and returns to the small town of Haddonfield, Illinois to kill again.",/wijlZ3HaYMvlDTPqJoTCWKFkCPU.jpg,Angry
18,tt0119116,The Fifth Element,1997,7.5,"Action, Adventure, Fantasy, Science Fiction, Thriller","In 2257, a taxi driver is unintentionally given the task of saving a young girl who is part of the key that will ensure the survival of humanity.",/fPtlCO1yQtnoLHOwKtWz7db6RGU.jpg,Angry
675353,tt12412888,Sonic the Hedgehog 2,2022,7.6,"Action, Adventure, Comedy, Family","After settling in Green Hills, Sonic is eager to prove he has what it takes to be a true hero. His test comes when Dr. Robotnik returns, this time with a new partner, Knuckles, in search for an emerald that has the power to destroy civilizations. Sonic teams up with his own sidekick, Tails, and together they embark on a globe-trotting journey to find the emerald before it falls into the wrong hands.",/6DrHO1jr3qVrViUO6s6kFiAGM7.jpg,Angry
782,tt0119177,Gattaca,1997,7.5,"Mystery, Romance, Science Fiction, Thriller","In a future society in the era of indefinite eugenics, humans are set on a life course depending on their DNA. Young Vincent Freeman is born with a condition that would prevent him from space travel, yet is determined to infiltrate the GATTACA space program.",/eSKr5Fl1MEC7zpAXaLWBWSBjgJq.jpg,Angry
228150,tt2713180,Fury,2014,7.5,"Action, Drama, War","In the last months of World War II, as the Allies make their final push in the European theatre, a battle-hardened U.S. Army sergeant named 'Wardaddy' commands a Sherman tank called 'Fury' and its five-man crew on a deadly mission behind enemy lines. Outnumbered and outgunned, Wardaddy and his men face overwhelming odds in their heroic attempts to strike at the heart of Nazi Germany.",/pfte7wdMobMF4CVHuOxyu6oqeeA.jpg,Angry
1372,tt0450259,Blood Diamond,2006,7.5,"Action, Drama, Thriller","An ex-mercenary turned smuggler. A Mende fisherman. Amid the explosive civil war overtaking 1999 Sierra Leone, these men join for two desperate missions: recovering a rare pink diamond of immense value and rescuing the fisherman's son, conscripted as a child soldier into the brutal rebel forces ripping a swath of torture and bloodshed countrywide.",/tnLxPpajkbVdbQl5B9CuD7sSpz9.jpg,Angry
575264,tt9603212,Mission: Impossible - Dead Reckoning Part One,2023,7.7,"Action, Thriller","Ethan Hunt and his IMF team embark on their most dangerous mission yet: To track down a terrifying new weapon that threatens all of humanity before it falls into the wrong hands. With control of the future and the world's fate at stake and dark forces from Ethan's past closing in, a deadly race around the globe begins. Confronted by a mysterious, all-powerful enemy, Ethan must consider that nothing can matter more than his mission—not even the lives of those he cares about most.",/NNxYkU70HPurnNCSiCjYAmacwm.jpg,Angry
845,tt0044079,Strangers on a Train,1951,7.7,"Crime, Thriller","A deranged socialite accosts a tennis star with his theory that if two strangers trade murders, they can disguise their motives and avoid suspicion.",/ihC083U7ef56Ui4x0P0dobojrZ1.jpg,Angry
891,tt0074119,All the President's Men,1976,7.7,"Drama, History, Mystery, Thriller","During the 1972 elections, two reporters' investigation sheds light on the controversial Watergate scandal that compels President Nixon to resign from his post.",/cPtSHR7D2WGsDBfnC5DxV927hKn.jpg,Angry
339403,tt3890160,Baby Driver,2017,7.5,"Action, Crime","After being coerced into working for a crime boss, a young getaway driver finds himself taking part in a heist doomed to fail.",/rmnQ9jKW72bHu8uKlMjPIb2VLMI.jpg,Angry
127585,tt1877832,X-Men: Days of Future Past,2014,7.5,"Action, Adventure, Science Fiction",The ultimate X-Men ensemble fights a war for the survival of the species across two time periods as they join forces with their younger selves in an epic battle that must change the past – to save our future.,/tYfijzolzgoMOtegh1Y7j2Enorg.jpg,Angry
375262,tt5083738,The Favourite,2018,7.5,"Comedy, Drama, Thriller","England, early 18th century. The close relationship between Queen Anne and Sarah Churchill is threatened by the arrival of Sarah's cousin, Abigail Hill, resulting in a bitter rivalry between the two cousins to be the Queen's favourite.",/cwBq0onfmeilU5xgqNNjJAMPfpw.jpg,Angry
1541,tt0103074,Thelma & Louise,1991,7.6,"Adventure, Crime, Drama, Thriller","Whilst on a short weekend getaway, Louise shoots a man who had tried to rape Thelma. Due to the incriminating circumstances, they make a run for it and thus a cross country chase ensues for the two fugitives. Along the way, both women rediscover the strength of their friendship and surprising aspects of their personalities and self-strengths in the trying times.",/7D2DqmIKpPlkCU0RLVdlKLKR7XZ.jpg,Angry
383498,tt5463162,Deadpool 2,2018,7.5,"Action, Adventure, Comedy",Wisecracking mercenary Deadpool battles the evil and powerful Cable and other bad guys to save a boy's life.,/to0spRl1CMDvyUbOnbb4fTk3VAd.jpg,Angry
1949,tt0443706,Zodiac,2007,7.5,"Crime, Drama, Mystery, Thriller",A cartoonist teams up with an ace reporter and a law enforcement officer to track down an elusive serial killer.,/6YmeO4pB7XTh8P8F960O1uA14JO.jpg,Angry
588228,tt9777666,The Tomorrow War,2021,7.6,"Action, Adventure, Science Fiction","The world is stunned when a group of time travelers arrive from the year 2051 to deliver an urgent message: Thirty years in the future, mankind is losing a global war against a deadly alien species. The only hope for survival is for soldiers and civilians from the present to be transported to the future and join the fight. Among those recruited is high school teacher and family man Dan Forester. Determined to save the world for his young daughter, Dan teams up with a brilliant scientist and his estranged father in a desperate quest to rewrite the fate of the planet.",/34nDCQZwaEvsy4CFO5hkGRFDCVU.jpg,Angry
330459,tt3748528,Rogue One: A Star Wars Story,2016,7.5,"Action, Adventure, Science Fiction",A rogue band of resistance fighters unite for a mission to steal the Death Star plans and bring a new hope to the galaxy.,/i0yw1mFbB7sNGHCs7EXZPzFkdA1.jpg,Angry
106,tt0093773,Predator,1987,7.5,"Action, Adventure, Science Fiction, Thriller",A team of elite commandos on a secret mission in a Central American jungle come to find themselves hunted by an extraterrestrial warrior.,/9XibNLfmUWCg0PPydmyoCl1KxvF.jpg,Angry
726759,tt12758060,Tetris,2023,7.8,"Drama, History, Thriller","In 1988, American video game salesman Henk Rogers discovers the video game Tetris. When he sets out to bring the game to the world, he enters a dangerous web of lies and corruption behind the Iron Curtain.",/4F2QwCOYHJJjecSvdOjStuVLkpu.jpg,Angry
4553,tt0361862,The Machinist,2004,7.5,"Drama, Thriller","Trevor, an insomniac lathe operator, experiences unusual occurrences at work and home. A strange man follows him everywhere, but no one else seems to notice him.",/diAYqR4xdF9Hnj7qun6DEQhRrT2.jpg,Angry
9366,tt0119008,Donnie Brasco,1997,7.5,"Crime, Drama, Thriller",An FBI undercover agent infiltrates the mob and identifies more with the mafia life at the expense of his regular one.,/xtKLvpOfARi1XVm8u2FTdhY5Piq.jpg,Angry
520763,tt8332922,A Quiet Place Part II,2021,7.5,"Horror, Science Fiction, Thriller","Following the events at home, the Abbott family now face the terrors of the outside world. Forced to venture into the unknown, they realize that the creatures that hunt by sound are not the only threats that lurk beyond the sand path.",/4q2hz2m8hubgvijz8Ez0T2Os2Yv.jpg,Angry
638,tt0116922,Lost Highway,1997,7.6,"Drama, Mystery, Thriller","A tormented jazz musician finds himself lost in an enigmatic story involving murder, surveillance, gangsters, doppelgängers, and an impossible transformation inside a prison cell.",/5POhfNeFPIi4VUNwCTaK85sh98r.jpg,Angry
247,tt0049406,The Killing,1956,7.7,"Crime, Thriller","Career criminal Johnny Clay recruits a sharpshooter, a crooked police officer, a bartender and a betting teller named George, among others, for one last job before he goes straight and gets married. But when George tells his restless wife about the scheme to steal millions from the racetrack where he works, she hatches a plot of her own.",/A6VzUPcADZGYdGHlVdWvpMNDF5d.jpg,Angry
260513,tt3606756,Incredibles 2,2018,7.5,"Action, Adventure, Animation, Family","Elastigirl springs into action to save the day, while Mr. Incredible faces his greatest challenge yet – taking care of the problems of his three children.",/9lFKBtaVIhP7E2Pk0IY1CwTKTMZ.jpg,Angry
629542,tt8115900,The Bad Guys,2022,7.6,"Action, Adventure, Animation, Comedy, Crime, Family","When the Bad Guys, a crew of criminal animals, are finally caught after years of heists and being the world’s most-wanted villains, Mr. Wolf brokers a deal to save them all from prison.",/7qop80YfuO0BwJa1uXk1DXUUEwv.jpg,Angry
11969,tt0108358,Tombstone,1993,7.6,"Action, Western","Legendary marshal Wyatt Earp, now a weary gunfighter, joins his brothers Morgan and Virgil to pursue their collective fortune in the thriving mining town of Tombstone. But Earp is forced to don a badge again and get help from his notorious pal Doc Holliday when a gang of renegade brigands and rustlers begins terrorizing the town.",/f6Lb4bpUW2AJW42Hpnix2533RKU.jpg,Angry
820,tt0102138,JFK,1991,7.6,"Drama, History, Thriller",Follows the investigation into the assassination of President John F. Kennedy led by New Orleans district attorney Jim Garrison.,/r0VWVTYlqdRCK5ZoOdNnHdqM2gt.jpg,Angry
1368,tt0083944,First Blood,1982,7.5,"Action, Adventure, Thriller, War","When former Green Beret John Rambo is harassed by local law enforcement and arrested for vagrancy, he is forced to flee into the mountains and wage an escalating one-man war against his pursuers.",/a9sa6ERZCpplbPEO7OMWE763CLD.jpg,Angry
71859,tt1242460,We Need to Talk About Kevin,2011,7.6,"Drama, Thriller","After her son Kevin commits a horrific act, troubled mother Eva reflects on her complicated relationship with her disturbed son as he grew from a toddler into a teenager.",/auAmiRmbBQ5QIYGpWgcGBoBQY3b.jpg,Angry
503919,tt7984734,The Lighthouse,2019,7.5,"Drama, Fantasy, Horror, Thriller",Two lighthouse keepers try to maintain their sanity while living on a remote and mysterious New England island in the 1890s.,/4SC4cyzHWWzDEdszdxHYPWd32YH.jpg,Angry
423108,tt7069210,The Conjuring: The Devil Made Me Do It,2021,7.5,"Horror, Mystery, Thriller","Paranormal investigators Ed and Lorraine Warren encounter what would become one of the most sensational cases from their files. The fight for the soul of a young boy takes them beyond anything they'd ever seen before, to mark the first time in U.S. history that a murder suspect would claim demonic possession as a defense.",/xbSuFiJbbBWCkyCCKIMfuDCA4yV.jpg,Angry
374720,tt5013056,Dunkirk,2017,7.5,"Action, Drama, War","The story of the miraculous evacuation of Allied soldiers from Belgium, Britain, Canada and France, who were cut off and surrounded by the German army from the beaches and harbour of Dunkirk between May 26th and June 4th 1940 during World War II.",/b4Oe15CGLL61Ped0RAS9JpqdmCt.jpg,Angry
718930,tt12593682,Bullet Train,2022,7.5,"Action, Comedy, Thriller","Unlucky assassin Ladybug is determined to do his job peacefully after one too many gigs gone off the rails. Fate, however, may have other plans, as Ladybug's latest mission puts him on a collision course with lethal adversaries from around the globe—all with connected, yet conflicting, objectives—on the world's fastest train.",/j8szC8OgrejDQjjMKSVXyaAjw3V.jpg,Angry
2034,tt0139654,Training Day,2001,7.5,"Action, Crime, Drama","On his first day on the job as a narcotics officer, a rookie cop works with a rogue detective who isn't what he appears.",/bUeiwBQdupBLQthMCHKV7zv56uv.jpg,Angry
2501,tt0258463,The Bourne Identity,2002,7.5,"Action, Drama, Mystery, Thriller","Wounded to the brink of death and suffering from amnesia, Jason Bourne is rescued at sea by a fisherman. With nothing to go on but a Swiss bank account number, he starts to reconstruct his life, but finds that many people he encounters want him dead. However, Bourne realizes that he has the combat and mental skills of a world-class spy—but who does he work for?",/aP8swke3gmowbkfZ6lmNidu0y9p.jpg,Angry
22538,tt0446029,Scott Pilgrim vs. the World,2010,7.5,"Action, Comedy, Romance","As bass guitarist for a garage-rock band, Scott Pilgrim has never had trouble getting a girlfriend; usually, the problem is getting rid of them. But when Ramona Flowers skates into his heart, he finds she has the most troublesome baggage of all: an army of ex-boyfriends who will stop at nothing to eliminate him from her list of suitors.",/g5IoYeudx9XBEfwNL0fHvSckLBz.jpg,Angry
429617,tt6320628,Spider-Man: Far From Home,2019,7.4,"Action, Adventure, Science Fiction","Peter Parker and his friends go on a summer trip to Europe. However, they will hardly be able to rest - Peter will have to agree to help Nick Fury uncover the mystery of creatures that cause natural disasters and destruction throughout the continent.",/4q2NNj4S5dG2RLF9CpXsej7yXl.jpg,Angry
319,tt0108399,True Romance,1993,7.5,"Action, Crime, Romance","Clarence marries hooker Alabama, steals cocaine from her pimp, and tries to sell it in Hollywood, while the owners of the coke try to reclaim it.",/39lXk6ud6KiJgGbbWI2PUKS7y2.jpg,Angry
345,tt0120663,Eyes Wide Shut,1999,7.5,"Drama, Mystery, Thriller","After Dr. Bill Harford's wife, Alice, admits to having sexual fantasies about a man she met, Bill becomes obsessed with having a sexual encounter. He discovers an underground sexual group and attends one of their meetings -- and quickly discovers that he is in over his head.",/knEIz1eNGl5MQDbrEAVWA7iRqF9.jpg,Angry
9495,tt0109506,The Crow,1994,7.5,"Action, Fantasy, Thriller","Exactly one year after young rock guitarist Eric Draven and his fiancée are brutally killed by a ruthless gang of criminals, Draven—watched over by a hypnotic crow—returns from the grave to exact revenge.",/wF2Tnf0bdYrzCKVbWh0mFwPJS6k.jpg,Angry
500664,tt6499752,Upgrade,2018,7.5,"Action, Science Fiction, Thriller","A brutal mugging leaves Grey Trace paralyzed in the hospital and his beloved wife dead. A billionaire inventor soon offers Trace a cure — an artificial intelligence implant called STEM that will enhance his body. Now able to walk, Grey finds that he also has superhuman strength and agility — skills he uses to seek revenge against the thugs who destroyed his life.",/5f28TXtvHioXirX2n1XH8EJ314v.jpg,Angry
678512,tt7599146,Sound of Freedom,2023,8.0,"Action, Drama","The story of Tim Ballard, a former US government agent, who quits his job in order to devote his life to rescuing children from global sex traffickers.",/kSf9svfL2WrKeuK8W08xeR5lTn8.jpg,Angry
458156,tt6146586,John Wick: Chapter 3 - Parabellum,2019,7.4,"Action, Crime, Thriller","Super-assassin John Wick returns with a $14 million price tag on his head and an army of bounty-hunting killers on his trail. After killing a member of the shadowy international assassin’s guild, the High Table, John Wick is excommunicado, but the world’s most ruthless hit men and women await his every turn.",/ziEuG1essDuWuC5lpWUaw1uXY2O.jpg,Angry
10734,tt0079116,Escape from Alcatraz,1979,7.5,"Drama, Thriller","San Francisco Bay, January 18, 1960. Frank Lee Morris is transferred to Alcatraz, a maximum security prison located on a rocky island. Although no one has ever managed to escape from there, Frank and other inmates begin to carefully prepare an escape plan.",/uORr2GXQnyqgBOg6tVsRCJD2qxc.jpg,Angry
466272,tt7131622,Once Upon a Time… in Hollywood,2019,7.4,"Comedy, Drama, Thriller","Los Angeles, 1969. TV star Rick Dalton, a struggling actor specializing in westerns, and stuntman Cliff Booth, his best friend, try to survive in a constantly changing movie industry. Dalton is the neighbor of the young and promising actress and model Sharon Tate, who has just married the prestigious Polish director Roman Polanski…",/8j58iEBw9pOXFD2L0nt0ZXeHviB.jpg,Angry
284052,tt1211837,Doctor Strange,2016,7.4,"Action, Adventure, Fantasy","After his career is destroyed, a brilliant but arrogant surgeon gets a new lease on life when a sorcerer takes him under her wing and trains him to defend the world against evil.",/uGBVj3bEbCoZbDjjl9wTxcygko1.jpg,Angry
667538,tt5090568,Transformers: Rise of the Beasts,2023,7.5,"Action, Adventure, Science Fiction","When a new threat capable of destroying the entire planet emerges, Optimus Prime and the Autobots must team up with a powerful faction known as the Maximals. With the fate of humanity hanging in the balance, humans Noah and Elena will do whatever it takes to help the Transformers as they engage in the ultimate battle to save Earth.",/gPbM0MK8CP8A174rmUwGsADNYKD.jpg,Angry
186,tt0425210,Lucky Number Slevin,2006,7.5,"Crime, Drama, Mystery, Thriller","Slevin is mistakenly put in the middle of a personal war between the city’s biggest criminal bosses. Under constant watch, Slevin must try not to get killed by an infamous assassin and come up with an idea of how to get out of his current dilemma.",/x21s3p5wPww534nYj1cWakTcqz4.jpg,Angry
245891,tt2911666,John Wick,2014,7.4,"Action, Thriller",Ex-hitman John Wick comes out of retirement to track down the gangsters that took everything from him.,/fZPSd91yGE9fCcCe6OoQr6E3Bev.jpg,Angry
161,tt0240772,Ocean's Eleven,2001,7.4,"Crime, Thriller","Less than 24 hours into his parole, charismatic thief Danny Ocean is already rolling out his next plan: In one night, Danny's hand-picked crew of specialists will attempt to steal more than $150 million from three Las Vegas casinos. But to score the cash, Danny risks his chances of reconciling with ex-wife, Tess.",/hQQCdZrsHtZyR6NbKH2YyCqd2fR.jpg,Angry
190859,tt2179136,American Sniper,2014,7.4,"Action, War","U.S. Navy SEAL Chris Kyle takes his sole mission—protect his comrades—to heart and becomes one of the most lethal snipers in American history. His pinpoint accuracy not only saves countless lives but also makes him a prime target of insurgents. Despite grave danger and his struggle to be a good husband and father to his family back in the States, Kyle serves four tours of duty in Iraq. However, when he finally returns home, he finds that he cannot leave the war behind.",/i1U46OwMc6vlm7OoSUKfqUH615e.jpg,Angry
340666,tt4550098,Nocturnal Animals,2016,7.4,"Drama, Thriller","Susan Morrow receives a book manuscript from her ex-husband – a man she left 20 years earlier – asking for her opinion of his writing. As she reads, she is drawn into the fictional life of Tony Hastings, a mathematics professor whose family vacation turns violent.",/mdLDgQBD0va09npSQX5Zgo2evXM.jpg,Angry
13475,tt0796366,Star Trek,2009,7.4,"Action, Adventure, Science Fiction","The fate of the galaxy rests in the hands of bitter rivals. One, James Kirk, is a delinquent, thrill-seeking Iowa farm boy. The other, Spock, a Vulcan, was raised in a logic-based society that rejects all emotion. As fiery instinct clashes with calm reason, their unlikely but powerful partnership is the only thing capable of leading their crew through unimaginable danger, boldly going where no one has gone before. The human adventure has begun again.",/9vaRPXj44Q2meHgt3VVfQufiHOJ.jpg,Angry
582014,tt9620292,Promising Young Woman,2020,7.5,"Crime, Drama, Thriller","A young woman, traumatized by a tragic event in her past, seeks out vengeance against those who crossed her path.",/73QoFJFmUrJfDG2EynFjNc5gJxk.jpg,Angry
1813,tt0118971,The Devil's Advocate,1997,7.5,"Drama, Horror, Mystery, Thriller","Aspiring Florida defense lawyer Kevin Lomax accepts a job at a New York law firm. With the stakes getting higher every case, Kevin quickly learns that his boss has something far more evil planned.",/5ZzBGpxy55OQzHxKVY11IpY6a0o.jpg,Angry
206487,tt2397535,Predestination,2014,7.4,"Science Fiction, Thriller","Predestination chronicles the life of a Temporal Agent sent on an intricate series of time-travel journeys designed to prevent future killers from committing their crimes. Now, on his final assignment, the Agent must stop the one criminal that has eluded him throughout time and prevent a devastating attack in which thousands of lives will be lost.",/38Xr1JnV1ZcLQ55zmdSp6n475cZ.jpg,Angry
9509,tt0328107,Man on Fire,2004,7.5,"Action, Drama, Thriller","Jaded ex-CIA operative John Creasy reluctantly accepts a job as the bodyguard for a 10-year-old girl in Mexico City. They clash at first, but eventually bond, and when she's kidnapped he's consumed by fury and will stop at nothing to save her life.",/v8H6dPqXhHWW137ubxqD4HdHTib.jpg,Angry
11482,tt0074811,The Tenant,1976,7.7,"Horror, Mystery, Thriller",A quiet and inconspicuous man rents an apartment in France where he finds himself drawn into a rabbit hole of dangerous paranoia.,/4Qhzb1ICFMqE3isWoln497qSH7n.jpg,Angry
5503,tt0106977,The Fugitive,1993,7.5,"Action, Drama, Thriller","Wrongfully convicted of murdering his wife and sentenced to death, Richard Kimble escapes from the law in an attempt to find the real killer and clear his name.",/b3rEtLKyOnF89mcK75GXDXdmOEf.jpg,Angry
1895,tt0121766,Star Wars: Episode III - Revenge of the Sith,2005,7.4,"Action, Adventure, Science Fiction",The evil Darth Sidious enacts his final plan for unlimited power -- and the heroic Jedi Anakin Skywalker must choose a side.,/xfSAoBEm9MNBjmlNcDYLvLSMlnq.jpg,Angry
271110,tt3498820,Captain America: Civil War,2016,7.4,"Action, Adventure, Science Fiction","Following the events of Age of Ultron, the collective governments of the world pass an act designed to regulate all superhuman activity. This polarizes opinion amongst the Avengers, causing two factions to side with Iron Man or Captain America, which causes an epic battle between former allies.",/rAGiXaUfPzY7CDEyNKUofk3Kw2e.jpg,Angry
552178,tt9071322,Dark Waters,2019,7.5,"Drama, Thriller","A tenacious attorney uncovers a dark secret that connects a growing number of unexplained deaths to one of the world's largest corporations. In the process, he risks everything — his future, his family, and his own life — to expose the truth.",/yV6edeSb1ykiNpJ1ekRz8GPhENr.jpg,Angry
2503,tt0440963,The Bourne Ultimatum,2007,7.4,"Action, Drama, Mystery, Thriller","Bourne is brought out of hiding once again by reporter Simon Ross who is trying to unveil Operation Blackbriar, an upgrade to Project Treadstone, in a series of newspaper columns. Information from the reporter stirs a new set of memories, and Bourne must finally uncover his dark past while dodging The Company's best efforts to eradicate him.",/15rMz5MRXFp7CP4VxhjYw4y0FUn.jpg,Angry
10633,tt0061811,In the Heat of the Night,1967,7.7,"Crime, Drama, Mystery, Thriller","African-American Philadelphia police detective Virgil Tibbs is arrested on suspicion of murder by Bill Gillespie, the racist police chief of tiny Sparta, Mississippi. After Tibbs proves not only his own innocence but that of another man, he joins forces with Gillespie to track down the real killer. Their investigation takes them through every social level of the town, with Tibbs making enemies as well as unlikely friends as he hunts for the truth.",/fvqHTabYej3LwzKRRZCm6jV3g0O.jpg,Angry
101299,tt1951264,The Hunger Games: Catching Fire,2013,7.4,"Action, Adventure, Science Fiction","Katniss Everdeen has returned home safe after winning the 74th Annual Hunger Games along with fellow tribute Peeta Mellark. Winning means that they must turn around and leave their family and close friends, embarking on a ""Victor's Tour"" of the districts. Along the way Katniss senses that a rebellion is simmering, but the Capitol is still very much in control as President Snow prepares the 75th Annual Hunger Games (The Quarter Quell) - a competition that could change Panem forever.",/vrQHDXjVmbYzadOXQ0UaObunoy2.jpg,Angry
353081,tt4912910,Mission: Impossible - Fallout,2018,7.4,"Action, Adventure","When an IMF mission ends badly, the world is faced with dire consequences. As Ethan Hunt takes it upon himself to fulfill his original briefing, the CIA begin to question his loyalty and his motives. The IMF team find themselves in a race against time, hunted by assassins while trying to prevent a global catastrophe.",/AkJQpZp9WoNdj7pLYSj1L0RcMMN.jpg,Angry
1051,tt0067116,The French Connection,1971,7.5,"Action, Crime, Thriller",Tough narcotics detective 'Popeye' Doyle is in hot pursuit of a suave French drug dealer who may be the key to a huge heroin-smuggling operation.,/pH4saPwMjhnVGwmSH6RkMaHrt3s.jpg,Angry
284054,tt1825683,Black Panther,2018,7.4,"Action, Adventure, Science Fiction","King T'Challa returns home to the reclusive, technologically advanced African nation of Wakanda to serve as his country's new leader. However, T'Challa soon finds that he is challenged for the throne by factions within his own country as well as without. Using powers reserved to Wakandan kings, T'Challa assumes the Black Panther mantle to join with ex-girlfriend Nakia, the queen-mother, his princess-kid sister, members of the Dora Milaje (the Wakandan 'special forces') and an American secret agent, to prevent Wakanda from being dragged into a world war.",/uxzzxijgPIY7slzFvMotPv8wjKA.jpg,Angry
617653,tt4244994,The Last Duel,2021,7.5,"Action, Drama, History","King Charles VI declares that Knight Jean de Carrouges settle his dispute with his squire, Jacques Le Gris, by challenging him to a duel.",/zjrJE0fpzPvX8saJXj8VNfcjBoU.jpg,Angry
242,tt0099674,The Godfather Part III,1990,7.4,"Crime, Drama, Thriller","In the midst of trying to legitimize his business dealings in 1979 New York and Italy, aging mafia don, Michael Corleone seeks forgiveness for his sins while taking a young protege under his wing.",/lm3pQ2QoQ16pextRsmnUbG2onES.jpg,Angry
312221,tt3076658,Creed,2015,7.4,"Action, Drama","The former World Heavyweight Champion Rocky Balboa serves as a trainer and mentor to Adonis Johnson, the son of his late friend and former rival Apollo Creed.",/1BfTsk5VWuw8FCocAhCyqnRbEzq.jpg,Angry
192,tt0091605,The Name of the Rose,1986,7.5,"Drama, Mystery, Thriller","14th-century Franciscan monk William of Baskerville and his young novice arrive at a conference to find that several monks have been murdered under mysterious circumstances. To solve the crimes, William must rise up against the Church's authority and fight the shadowy conspiracy of monastery monks using only his intelligence – which is considerable.",/2BuVu0j6v2kNY2gGxtO3sDGyob2.jpg,Angry
1359,tt0144084,American Psycho,2000,7.4,"Crime, Drama, Thriller","A wealthy New York investment banking executive hides his alternate psychopathic ego from his co-workers and friends as he escalates deeper into his illogical, gratuitous fantasies.",/9uGHEgsiUXjCNq8wdq4r49YL8A1.jpg,Angry
395834,tt5362988,Wind River,2017,7.4,"Crime, Drama, Mystery, Thriller",An FBI agent teams with the town's veteran game tracker to investigate a murder that occurred on a Native American reservation.,/pySivdR845Hom4u4T2WNkJxe6Ad.jpg,Angry
451048,tt0870154,Jungle Cruise,2021,7.4,"Action, Adventure, Fantasy","Dr. Lily Houghton enlists the aid of wisecracking skipper Frank Wolff to take her down the Amazon in his dilapidated boat. Together, they search for an ancient tree that holds the power to heal – a discovery that will change the future of medicine.",/9dKCd55IuTT5QRs989m9Qlb7d2B.jpg,Angry
416144,tt5461944,Hotel Mumbai,2019,7.6,"Action, Drama, History, Thriller","Mumbai, India, November 26, 2008. While several terrorists spread hatred and death through the city, others attack the Taj Mahal Palace Hotel. Both hotel staff and guests risk their lives, making unthinkable sacrifices to protect themselves and keep everyone safe while help arrives.",/v32SC4HFZtlDRWXMaR2V2dWqAXJ.jpg,Angry
187,tt0401792,Sin City,2005,7.4,"Action, Crime, Thriller","Welcome to Sin City. This town beckons to the tough, the corrupt, the brokenhearted. Some call it dark… Hard-boiled. Then there are those who call it home — Crooked cops, sexy dames, desperate vigilantes. Some are seeking revenge, others lust after redemption, and then there are those hoping for a little of both. A universe of unlikely and reluctant heroes still trying to do the right thing in a city that refuses to care.",/i66G50wATMmPrvpP95f0XP6ZdVS.jpg,Angry
8681,tt0936501,Taken,2008,7.4,"Action, Thriller","While vacationing with a friend in Paris, an American girl is kidnapped by a gang of human traffickers intent on selling her into forced prostitution. Working against the clock, her ex-spy father must pull out all the stops to save her. But with his best years possibly behind him, the job may be more than he can handle.",/y5Va1WXDX6nZElVirPrGxf6w99B.jpg,Angry
193756,tt1091191,Lone Survivor,2013,7.4,"Action, Drama, History, War","Four Navy SEALs on a covert mission to neutralize a high-level Taliban operative must make an impossible moral decision in the mountains of Afghanistan that leads them into an enemy ambush. As they confront unthinkable odds, the SEALs must find reserves of strength and resilience to fight to the finish.",/zaBIrloyhGK7iNTZMb3f9SARsl8.jpg,Angry
1654,tt0061578,The Dirty Dozen,1967,7.6,"Action, Adventure, War","12 American military prisoners in World War II are ordered to infiltrate a well-guarded enemy château and kill the Nazi officers vacationing there. The soldiers, most of whom are facing death sentences for a variety of violent crimes, agree to the mission and the possible commuting of their sentences.",/iFpgjfE4gt7guOLvrqgZZoO4Rjk.jpg,Angry
273481,tt3397884,Sicario,2015,7.4,"Action, Crime, Thriller",An idealistic FBI agent is enlisted by a government task force to aid in the escalating war against drugs at the border area between the U.S. and Mexico.,/lz8vNyXeidqqOdJW9ZjnDAMb5Vr.jpg,Angry
370172,tt2382320,No Time to Die,2021,7.4,"Action, Romance, Thriller","Bond has left active service and is enjoying a tranquil life in Jamaica. His peace is short-lived when his old friend Felix Leiter from the CIA turns up asking for help. The mission to rescue a kidnapped scientist turns out to be far more treacherous than expected, leading Bond onto the trail of a mysterious villain armed with dangerous new technology.",/iUgygt3fscRoKWCV1d0C7FbM9TP.jpg,Angry
154,tt0084726,Star Trek II: The Wrath of Khan,1982,7.5,"Action, Adventure, Science Fiction, Thriller","It is the 23rd century. The Federation Starship U.S.S. Enterprise is on routine training maneuvers and Admiral James T. Kirk seems resigned to the fact that this inspection may well be the last space mission of his career. But Khan is back. Aided by his exiled band of genetic supermen, Khan - brilliant renegade of 20th century Earth - has raided Space Station Regula One, stolen a top secret device called Project Genesis, wrested control of another Federation Starship and sets out in pursuit of the Enterprise, determined to let nothing stand in the way of his mission: kill Admiral Kirk... even if it means universal Armageddon.",/uPyLsKl8Z0LOoxeaFXsY5MxhR5s.jpg,Angry
388,tt0454848,Inside Man,2006,7.4,"Crime, Drama, Thriller","When an armed, masked gang enter a Manhattan bank, lock the doors and take hostages, the detective assigned to effect their release enters negotiations preoccupied with corruption charges he is facing.",/5ljZJLpQj8s3iSk3LylnFDyDoIK.jpg,Angry
697843,tt12263384,Extraction 2,2023,7.5,"Action, Thriller","Tasked with extracting a family who is at the mercy of a Georgian gangster, Tyler Rake infiltrates one of the world's deadliest prisons in order to save them. But when the extraction gets hot, and the gangster dies in the heat of battle, his equally ruthless brother tracks down Rake and his team to Vienna, in order to get revenge.",/7gKI9hpEMcZUQpNgKrkDzJpbnNS.jpg,Angry
984,tt0066999,Dirty Harry,1971,7.5,"Action, Crime, Thriller","When a madman dubbed 'Scorpio' terrorizes San Francisco, hard-nosed cop, Harry Callahan – famous for his take-no-prisoners approach to law enforcement – is tasked with hunting down the psychopath. Harry eventually collars Scorpio in the process of rescuing a kidnap victim, only to see him walk on technicalities. Now, the maverick detective is determined to nail the maniac himself.",/4PFF5FImrRQjeAuOP8NsCqUCEe5.jpg,Angry
315635,tt2250912,Spider-Man: Homecoming,2017,7.3,"Action, Adventure, Drama, Science Fiction","Following the events of Captain America: Civil War, Peter Parker, with the help of his mentor Tony Stark, tries to balance his life as an ordinary high school student in Queens, New York City, with fighting crime as his superhero alter ego Spider-Man as a new threat, the Vulture, emerges.",/c24sv2weTHPsmDa7jEMN0m2P3RT.jpg,Angry
58,tt0383574,Pirates of the Caribbean: Dead Man's Chest,2006,7.3,"Action, Adventure, Fantasy",Captain Jack Sparrow works his way out of a blood debt with the ghostly Davy Jones to avoid eternal damnation.,/uXEqmloGyP7UXAiphJUu2v2pcuE.jpg,Angry
75656,tt1670345,Now You See Me,2013,7.3,"Crime, Thriller",An FBI agent and an Interpol detective track a team of illusionists who pull off bank heists during their performances and reward their audiences with the money.,/tWsNYbrqy1p1w6K9zRk0mSchztT.jpg,Angry
251516,tt3472226,Kung Fury,2015,7.5,"Action, Comedy, Fantasy, Science Fiction","During an unfortunate series of events, a friend of Kung Fury is assassinated by the most dangerous kung fu master criminal of all time, Adolf Hitler, a.k.a Kung Führer.  Kung Fury decides to travel back in time to Nazi Germany in order to kill Hitler and end the Nazi empire once and for all.",/6Qam8Leycapwik947j6U3vcUbAv.jpg,Angry
49051,tt0903624,The Hobbit: An Unexpected Journey,2012,7.3,"Action, Adventure, Fantasy","Bilbo Baggins, a hobbit enjoying his quiet life, is swept into an epic quest by Gandalf the Grey and thirteen dwarves who seek to reclaim their mountain home from Smaug, the dragon.",/yHA9Fc37VmpUA5UncTxxo3rTGVA.jpg,Angry
453395,tt9419884,Doctor Strange in the Multiverse of Madness,2022,7.4,"Action, Adventure, Fantasy","Doctor Strange, with the help of mystical allies both old and new, traverses the mind-bending and dangerous alternate realities of the Multiverse to confront a mysterious new adversary.",/9Gtg2DzBhmYamXBS1hKAhiwbBKS.jpg,Angry
899112,tt12003946,Violent Night,2022,7.5,"Action, Comedy, Crime, Thriller","When a team of mercenaries breaks into a wealthy family compound on Christmas Eve, taking everyone inside hostage, the team isn’t prepared for a surprise combatant: Santa Claus is on the grounds, and he’s about to show why this Nick is no saint.",/1XSYOP0JjjyMz1irihvWywro82r.jpg,Angry
1251,tt0498380,Letters from Iwo Jima,2006,7.5,"Action, Drama, War","The story of the battle of Iwo Jima between the United States and Imperial Japan during World War II, as told from the perspective of the Japanese who fought it.",/kZokxQtzMPURvijWYFuvh1fAvnv.jpg,Angry
9008,tt0140352,The Insider,1999,7.5,"Drama, Thriller",A research chemist comes under personal and professional attack when he decides to appear in a 60 Minutes exposé on Big Tobacco.,/jJCyIBPfvk41uETq6K6u4upyGO8.jpg,Angry
278,tt0111161,The Shawshank Redemption,1994,8.7,"Crime, Drama","Framed in the 1940s for the double murder of his wife and her lover, upstanding banker Andy Dufresne begins a new life at the Shawshank prison, where he puts his accounting skills to work for an amoral warden. During his long stretch in prison, Dufresne comes to be admired by the other inmates -- including an older prisoner named Red -- for his integrity and unquenchable sense of hope.",/lyQBXzOQSuE59IsHyhrp0qIiPAz.jpg,Neutral
238,tt0068646,The Godfather,1972,8.7,"Crime, Drama","Spanning the years 1945 to 1955, a chronicle of the fictional Italian-American Corleone crime family. When organized crime family patriarch, Vito Corleone barely survives an attempt on his life, his youngest son, Michael steps in to take care of the would-be killers, launching a campaign of bloody revenge.",/3bhkrj58Vtu7enYsRolD1fZdja1.jpg,Neutral
240,tt0071562,The Godfather Part II,1974,8.6,"Crime, Drama","In the continuing saga of the Corleone crime family, a young Vito Corleone grows up in Sicily and in 1910s New York. In the 1950s, Michael Corleone attempts to expand the family business into Las Vegas, Hollywood and Cuba.",/hek3koDUyRQk7FIhPXsa6mT2Zc3.jpg,Neutral
424,tt0108052,Schindler's List,1993,8.6,"Drama, History, War",The true story of how businessman Oskar Schindler saved over a thousand Jewish lives from the Nazis while they worked as slaves in his factory during World War II.,/sF1U4EUQS8YHUYjNl3pMGNIQyr0.jpg,Neutral
155,tt0468569,The Dark Knight,2008,8.5,"Action, Crime, Drama, Thriller","Batman raises the stakes in his war on crime. With the help of Lt. Jim Gordon and District Attorney Harvey Dent, Batman sets out to dismantle the remaining criminal organizations that plague the streets. The partnership proves to be effective, but they soon find themselves prey to a reign of chaos unleashed by a rising criminal mastermind known to the terrified citizens of Gotham as the Joker.",/qJ2tW6WMUDux911r6m7haRef0WH.jpg,Neutral
497,tt0120689,The Green Mile,1999,8.5,"Crime, Drama, Fantasy","A supernatural tale set on death row in a Southern prison, where gentle giant John Coffey possesses the mysterious power to heal people's ailments. When the cell block's head guard, Paul Edgecomb, recognizes Coffey's miraculous gift, he tries desperately to help stave off the condemned man's execution.",/8VG8fDNiy50H4FedGwdSVUPoaJe.jpg,Neutral
389,tt0050083,12 Angry Men,1957,8.5,Drama,"The defense and the prosecution have rested and the jury is filing into the jury room to decide if a young Spanish-American is guilty or innocent of murdering his father. What begins as an open and shut case soon becomes a mini-drama of each of the jurors' prejudices and preconceptions about the trial, the accused, and each other.",/ow3wq89wM8qd5X7hWKxiRfsFf9C.jpg,Neutral
13,tt0109830,Forrest Gump,1994,8.5,"Comedy, Drama, Romance","A man with a low IQ has accomplished great things in his life and been present during significant historic events—in each case, far exceeding what anyone imagined he could do. But despite all he has achieved, his one true love eludes him.",/arw2vcBveWOVZr6pxd9XTd1TdQa.jpg,Neutral
122,tt0167260,The Lord of the Rings: The Return of the King,2003,8.5,"Action, Adventure, Fantasy","Aragorn is revealed as the heir to the ancient kings as he, Gandalf and the other members of the broken fellowship struggle to save Gondor from Sauron's forces. Meanwhile, Frodo and Sam take the ring closer to the heart of Mordor, the dark lord's realm.",/rCzpDGLbOoPwLjy3OAm5NUPOTrC.jpg,Neutral
550,tt0137523,Fight Club,1999,8.4,Drama,"A ticking-time-bomb insomniac and a slippery soap salesman channel primal male aggression into a shocking new form of therapy. Their concept catches on, with underground ""fight clubs"" forming in every town, until an eccentric gets in the way and ignites an out-of-control spiral toward oblivion.",/pB8BM7pdSp6B6Ih7QZ4DrQ3PmJK.jpg,Neutral
769,tt0099685,GoodFellas,1990,8.5,"Crime, Drama","The true story of Henry Hill, a half-Irish, half-Sicilian Brooklyn kid who is adopted by neighbourhood gangsters at an early age and climbs the ranks of a Mafia family under the guidance of Jimmy Conway.",/aKuFiU82s5ISJpGZp7YkIr3kCUd.jpg,Neutral
157336,tt0816692,Interstellar,2014,8.4,"Adventure, Drama, Science Fiction",The adventures of a group of explorers who make use of a newly discovered wormhole to surpass the limitations on human space travel and conquer the vast distances involved in an interstellar voyage.,/gEU2QniE6E77NI6lCU6MxlNBvIx.jpg,Neutral
120,tt0120737,The Lord of the Rings: The Fellowship of the Ring,2001,8.4,"Action, Adventure, Fantasy","Young hobbit Frodo Baggins, after inheriting a mysterious ring from his uncle Bilbo, must leave his home in order to keep it from falling into the hands of its evil creator. Along the way, a fellowship is formed to protect the ringbearer and make sure that the ring arrives at its final destination: Mt. Doom, the only place where it can be destroyed.",/6oom5QYQ2yQTMJIbnvbkBL9cHo6.jpg,Neutral
539,tt0054215,Psycho,1960,8.4,"Drama, Horror, Thriller","When larcenous real estate clerk Marion Crane goes on the lam with a wad of cash and hopes of starting a new life, she ends up at the notorious Bates Motel, where manager Norman Bates cares for his housebound mother.",/yz4QVqPx3h1hD1DfqqQkCq3rmxW.jpg,Neutral
1891,tt0080684,The Empire Strikes Back,1980,8.4,"Action, Adventure, Science Fiction","The epic saga continues as Luke Skywalker, in hopes of defeating the evil Galactic Empire, learns the ways of the Jedi from aging master Yoda. But Darth Vader is more determined than ever to capture Luke. Meanwhile, rebel leader Princess Leia, cocky Han Solo, Chewbacca, and droids C-3PO and R2-D2 are thrown into various stages of capture, betrayal and despair.",/nNAeTmF4CtdSgMDplXTDPOpYzsX.jpg,Neutral
324857,tt4633694,Spider-Man: Into the Spider-Verse,2018,8.4,"Action, Adventure, Animation, Science Fiction","Struggling to find his place in the world while juggling school and family, Brooklyn teenager Miles Morales is unexpectedly bitten by a radioactive spider and develops unfathomable powers just like the one and only Spider-Man. While wrestling with the implications of his new abilities, Miles discovers a super collider created by the madman Wilson ""Kingpin"" Fisk, causing others from across the Spider-Verse to be inadvertently transported to his dimension.",/iiZZdoQBEYBv6id8su7ImL0oCbD.jpg,Neutral
510,tt0073486,One Flew Over the Cuckoo's Nest,1975,8.4,Drama,"A petty criminal fakes insanity to serve his sentence in a mental ward rather than prison. He soon finds himself as a leader to the other patients—and an enemy to the cruel, domineering nurse who runs the ward.",/3jcbDmRFiQ83drXNOvRDeKHxS0C.jpg,Neutral
121,tt0167261,The Lord of the Rings: The Two Towers,2002,8.4,"Action, Adventure, Fantasy","Frodo and Sam are trekking to Mordor to destroy the One Ring of Power while Gimli, Legolas and Aragorn search for the orc-captured Merry and Pippin. All along, nefarious wizard Saruman awaits the Fellowship members at the Orthanc Tower in Isengard.",/5VTN0pR8gcqV3EPUHHfMGnJYN9L.jpg,Neutral
27205,tt1375666,Inception,2010,8.4,"Action, Adventure, Science Fiction","Cobb, a skilled thief who commits corporate espionage by infiltrating the subconscious of his targets is offered a chance to regain his old life as payment for a task considered to be impossible: ""inception"", the implantation of another person's idea into a target's subconscious.",/oYuLEt3zVCKq57qu2F8dT7NIa6f.jpg,Neutral
244786,tt2582802,Whiplash,2014,8.4,"Drama, Music","Under the direction of a ruthless instructor, a talented young drummer begins to pursue perfection at any cost, even his humanity.",/7fn624j5lj3xTme2SgiLCeuedmO.jpg,Neutral
569094,tt9362722,Spider-Man: Across the Spider-Verse,2023,8.4,"Action, Adventure, Animation","After reuniting with Gwen Stacy, Brooklyn’s full-time, friendly neighborhood Spider-Man is catapulted across the Multiverse, where he encounters the Spider Society, a team of Spider-People charged with protecting the Multiverse’s very existence. But when the heroes clash on how to handle a new threat, Miles finds himself pitted against the other Spiders and must set out on his own to save those he loves most.",/8Vt6mWEReuy4Of61Lnj5Xj704m8.jpg,Neutral
423,tt0253474,The Pianist,2002,8.4,"Drama, War","The true story of pianist Władysław Szpilman's experiences in Warsaw during the Nazi occupation. When the Jews of the city find themselves forced into a ghetto, Szpilman finds work playing in a café; and when his family is deported in 1942, he stays behind, works for a while as a laborer, and eventually goes into hiding in the ruins of the war-torn city.",/2hFvxCCWrTmCYwfy7yum0GKRi3Y.jpg,Neutral
311,tt0087843,Once Upon a Time in America,1984,8.4,"Crime, Drama","A former Prohibition-era Jewish gangster returns to the Lower East Side of Manhattan over thirty years later, where he once again must confront the ghosts and regrets of his old life.",/i0enkzsL5dPeneWnjl1fCWm6L7k.jpg,Neutral
73,tt0120586,American History X,1998,8.4,Drama,"Derek Vineyard is paroled after serving 3 years in prison for killing two African-American men. Through his brother, Danny Vineyard's narration, we learn that before going to prison, Derek was a skinhead and the leader of a violent white supremacist gang that committed acts of racial crime throughout L.A. and his actions greatly influenced Danny. Reformed and fresh out of prison, Derek severs contact with the gang and becomes determined to keep Danny from going down the same violent path as he did.",/euypWkaYFOLW3e5rLIcTAjWnhhT.jpg,Neutral
105,tt0088763,Back to the Future,1985,8.3,"Adventure, Comedy, Science Fiction","Eighties teenager Marty McFly is accidentally sent back in time to 1955, inadvertently disrupting his parents' first meeting and attracting his mother's romantic interest. Marty must repair the damage to history by rekindling his parents' romance and - with the help of his eccentric inventor friend Doc Brown - return to 1985.",/fNOH9f1aA7XRTzl1sAOx9iF553Q.jpg,Neutral
101,tt0110413,Léon: The Professional,1994,8.3,"Action, Crime, Drama","Léon, the top hit man in New York, has earned a rep as an effective ""cleaner"". But when his next-door neighbors are wiped out by a loose-cannon DEA agent, he becomes the unwilling custodian of 12-year-old Mathilda. Before long, Mathilda's thoughts turn to revenge, and she considers following in Léon's footsteps.",/yI6X2cCM5YPJtxMhUd3dPGqDAhw.jpg,Neutral
274,tt0102926,The Silence of the Lambs,1991,8.3,"Crime, Drama, Thriller","Clarice Starling is a top student at the FBI's training academy.  Jack Crawford wants Clarice to interview Dr. Hannibal Lecter, a brilliant psychiatrist who is also a violent psychopath, serving life behind bars for various acts of murder and cannibalism.  Crawford believes that Lecter may have insight into a case and that Starling, as an attractive young woman, may be just the bait to draw him out.",/uS9m8OBk1A8eM9I042bx8XXpqAq.jpg,Neutral
207,tt0097165,Dead Poets Society,1989,8.3,Drama,"At an elite, old-fashioned boarding school in New England, a passionate English teacher inspires his students to rebel against convention and seize the potential of every day, courting the disdain of the stern headmaster.",/ai40gM7SUaGA6fthvsd87o8IQq4.jpg,Neutral
299534,tt4154796,Avengers: Endgame,2019,8.3,"Action, Adventure, Science Fiction","After the devastating events of Avengers: Infinity War, the universe is in ruins due to the efforts of the Mad Titan, Thanos. With the help of remaining allies, the Avengers must assemble once more in order to undo Thanos' actions and restore order to the universe once and for all, no matter what consequences may be in store.",/or06FN3Dka5tukK1e9sl16pB3iy.jpg,Neutral
299536,tt4154756,Avengers: Infinity War,2018,8.3,"Action, Adventure, Science Fiction","As the Avengers and their allies have continued to protect the world from threats too large for any one hero to handle, a new danger has emerged from the cosmic shadows: Thanos. A despot of intergalactic infamy, his goal is to collect all six Infinity Stones, artifacts of unimaginable power, and use them to inflict his twisted will on all of reality. Everything the Avengers have fought for has led up to this moment - the fate of Earth and existence itself has never been more uncertain.",/7WsyChQLEftFiDOVTGkv3hFpyyt.jpg,Neutral
696374,tt11316854,Gabriel's Inferno,2020,8.4,"Drama, Romance","An intriguing and sinful exploration of seduction, forbidden love, and redemption, Gabriel's Inferno is a captivating and wildly passionate tale of one man's escape from his own personal hell as he tries to earn the impossible--forgiveness and love.",/oyG9TL7FcRP4EZ9Vid6uKzwdndz.jpg,Neutral
8587,tt0110357,The Lion King,1994,8.3,"Animation, Drama, Family","A young lion prince is cast out of his pride by his cruel uncle, who claims he killed his father. While the uncle rules with an iron paw, the prince grows up beyond the Savannah, living by a philosophy: No worries for the rest of your days. But when his past comes to haunt him, the young prince must decide his fate: Will he remain an outcast or face his demons and become what he needs to be?",/sKCr78MXSLixwmZ8DyJLrpMsd15.jpg,Neutral
28,tt0078788,Apocalypse Now,1979,8.3,"Drama, War","At the height of the Vietnam war, Captain Benjamin Willard is sent on a dangerous mission that, officially, ""does not exist, nor will it ever exist."" His goal is to locate - and eliminate - a mysterious Green Beret Colonel named Walter Kurtz, who has been leading his personal army on illegal guerrilla missions into enemy territory.",/eQVH91OSxh5I2uRfJuw4owd2Fq9.jpg,Neutral
490132,tt6966692,Green Book,2018,8.2,"Comedy, Drama","Tony Lip, a bouncer in 1962, is hired to drive pianist Don Shirley on a tour through the Deep South in the days when African Americans, forced to find alternate accommodations and services due to segregation laws below the Mason-Dixon Line, relied on a guide called The Negro Motorist Green Book.",/7BsvSuDQuoqhWmU2fL7W2GOcZHU.jpg,Neutral
354912,tt2380307,Coco,2017,8.2,"Adventure, Animation, Comedy, Family, Fantasy, Music","Despite his family’s baffling generations-old ban on music, Miguel dreams of becoming an accomplished musician like his idol, Ernesto de la Cruz. Desperate to prove his talent, Miguel finds himself in the stunning and colorful Land of the Dead following a mysterious chain of events. Along the way, he meets charming trickster Hector, and together, they set off on an extraordinary journey to unlock the real story behind Miguel's family history.",/gGEsBPAijhVUFoiNpgZXqRVWJt2.jpg,Neutral
361743,tt1745960,Top Gun: Maverick,2022,8.3,"Action, Drama","After more than thirty years of service as one of the Navy’s top aviators, and dodging the advancement in rank that would ground him, Pete “Maverick” Mitchell finds himself training a detachment of TOP GUN graduates for a specialized mission the likes of which no living pilot has ever seen.",/62HCnUTziyWcpDaBO2i1DX17ljH.jpg,Neutral
16869,tt0361748,Inglourious Basterds,2009,8.2,"Drama, Thriller, War","In Nazi-occupied France during World War II, a group of Jewish-American soldiers known as ""The Basterds"" are chosen specifically to spread fear throughout the Third Reich by scalping and brutally killing Nazis. The Basterds, lead by Lt. Aldo Raine soon cross paths with a French-Jewish teenage girl who runs a movie theater in Paris which is targeted by the soldiers.",/7sfbEnaARXDDhKm0CZ7D7uc2sbo.jpg,Neutral
527641,tt6472976,Five Feet Apart,2019,8.3,"Drama, Romance","Seventeen-year-old Stella spends most of her time in the hospital as a cystic fibrosis patient. Her life is full of routines, boundaries and self-control — all of which get put to the test when she meets Will, an impossibly charming teen who has the same illness. There's an instant flirtation, though restrictions dictate that they must maintain a safe distance between them. As their connection intensifies, so does the temptation to throw the rules out the window and embrace that attraction.",/kreTuJBkUjVWePRfhHZuYfhNE1T.jpg,Neutral
315162,tt3915174,Puss in Boots: The Last Wish,2022,8.3,"Action, Adventure, Animation, Comedy, Family, Fantasy","Puss in Boots discovers that his passion for adventure has taken its toll: He has burned through eight of his nine lives, leaving him with only one life left. Puss sets out on an epic journey to find the mythical Last Wish and restore his nine lives.",/kuf6dutpsT0vSVehic3EZIqkOBt.jpg,Neutral
98,tt0172495,Gladiator,2000,8.2,"Action, Adventure, Drama","In the year 180, the death of emperor Marcus Aurelius throws the Roman Empire into chaos.  Maximus is one of the Roman army's most capable and trusted generals and a key advisor to the emperor.  As Marcus' devious son Commodus ascends to the throne, Maximus is set to be executed.  He escapes, but is captured by slave traders.  Renamed Spaniard and forced to become a gladiator, Maximus must battle to the death with other men for the amusement of paying audiences.",/ty8TGRuvJLPUmAR1H1nRIsgwvim.jpg,Neutral
11,tt0076759,Star Wars,1977,8.2,"Action, Adventure, Science Fiction",Princess Leia is captured and held hostage by the evil Imperial forces in their effort to take over the galactic Empire. Venturesome Luke Skywalker and dashing captain Han Solo team together with the loveable robot duo R2-D2 and C-3PO to rescue the beautiful princess and restore peace and justice in the Empire.,/6FfCtAuVAW8XJjZ7eWeLibRLWTw.jpg,Neutral
11324,tt1130884,Shutter Island,2010,8.2,"Drama, Mystery, Thriller","World War II soldier-turned-U.S. Marshal Teddy Daniels investigates the disappearance of a patient from a hospital for the criminally insane, but his efforts are compromised by troubling visions and a mysterious doctor.",/4GDy0PHYX3VRXUtwK5ysFbg3kEx.jpg,Neutral
857,tt0120815,Saving Private Ryan,1998,8.2,"Drama, History, War","As U.S. troops storm the beaches of Normandy, three brothers lie dead on the battlefield, with a fourth trapped behind enemy lines. Ranger captain John Miller and seven men are tasked with penetrating German-held territory and bringing the boy home.",/uqx37cS8cpHg8U35f9U5IBlrCV3.jpg,Neutral
1124,tt0482571,The Prestige,2006,8.2,"Drama, Mystery, Science Fiction","A mysterious story of two magicians whose intense rivalry leads them on a life-long battle for supremacy -- full of obsession, deceit and jealousy with dangerous and deadly consequences.",/Ag2B2KHKQPukjH7WutmgnnSNurZ.jpg,Neutral
185,tt0066921,A Clockwork Orange,1971,8.2,"Drama, Science Fiction","In a near-future Britain, young Alexander DeLarge and his pals get their kicks beating and raping anyone they please. When not destroying the lives of others, Alex swoons to the music of Beethoven. The state, eager to crack down on juvenile crime, gives an incarcerated Alex the option to undergo an invasive procedure that'll rob him of all personal agency. In a time when conscience is a commodity, can Alex change his tune?",/4sHeTAp65WrSSuc05nRBKddhBxO.jpg,Neutral
324786,tt2119532,Hacksaw Ridge,2016,8.2,"Drama, History, War","WWII American Army Medic Desmond T. Doss, who served during the Battle of Okinawa, refuses to kill people and becomes the first Conscientious Objector in American history to receive the Congressional Medal of Honor.",/jcStBvbQt78tPeId5hC7a9jcDOK.jpg,Neutral
103,tt0075314,Taxi Driver,1976,8.2,"Crime, Drama",A mentally unstable Vietnam War veteran works as a night-time taxi driver in New York City where the perceived decadence and sleaze feed his urge for violent action.,/ekstpH614fwDX8DUln1a2Opz0N8.jpg,Neutral
68718,tt1853728,Django Unchained,2012,8.2,"Drama, Western","With the help of a German bounty hunter, a freed slave sets out to rescue his wife from a brutal Mississippi plantation owner.",/7oWY8VDWW7thTzWh3OKYRkWUlD5.jpg,Neutral
3082,tt0027977,Modern Times,1936,8.3,"Comedy, Drama",The Tramp struggles to live in modern industrial society with the help of a young homeless woman.,/7uoiKOEjxBBW0AgDGQWrlfGQ90w.jpg,Neutral
475557,tt7286456,Joker,2019,8.2,"Crime, Drama, Thriller","During the 1980s, a failed stand-up comedian is driven insane and turns to a life of crime and chaos in Gotham City while becoming an infamous psychopathic crime figure.",/udDclJoHjfjb8Ekgsd4FDteOkCU.jpg,Neutral
629,tt0114814,The Usual Suspects,1995,8.2,"Crime, Drama, Thriller","Held in an L.A. interrogation room, Verbal Kint attempts to convince the feds that a mythic crime lord, Keyser Soze, not only exists, but was also responsible for drawing him and his four partners into a multi-million dollar heist that ended with an explosion in San Pedro harbor – leaving few survivors. Verbal lures his interrogators with an incredible story of the crime lord's almost supernatural prowess.",/bUPmtQzrRhzqYySeiMpv7GurAfm.jpg,Neutral
50014,tt1454029,The Help,2011,8.2,Drama,"Aibileen Clark is a middle-aged African-American maid who has spent her life raising white children and has recently lost her only son; Minny Jackson is an African-American maid who has often offended her employers despite her family's struggles with money and her desperate need for jobs; and Eugenia ""Skeeter"" Phelan is a young white woman who has recently moved back home after graduating college to find out her childhood maid has mysteriously disappeared. These three stories intertwine to explain how life in Jackson, Mississippi revolves around ""the help""; yet they are always kept at a certain distance because of racial lines.",/3kmfoWWEc9Vtyuaf9v5VipRgdjx.jpg,Neutral
791373,tt12361974,Zack Snyder's Justice League,2021,8.2,"Action, Adventure, Fantasy","Determined to ensure Superman's ultimate sacrifice was not in vain, Bruce Wayne aligns forces with Diana Prince with plans to recruit a team of metahumans to protect the world from an approaching threat of catastrophic proportions.",/tnAuB8q5vv7Ax9UAEje5Xi4BXik.jpg,Neutral
1585,tt0038650,It's a Wonderful Life,1946,8.3,"Drama, Family, Fantasy","A holiday favourite for generations...  George Bailey has spent his entire life giving to the people of Bedford Falls.  All that prevents rich skinflint Mr. Potter from taking over the entire town is George's modest building and loan company.  But on Christmas Eve the business's $8,000 is lost and George's troubles begin.",/mV3VcmMJN6Zwahj42dy9WwPUyRI.jpg,Neutral
1422,tt0407887,The Departed,2006,8.2,"Crime, Drama, Thriller","To take down South Boston's Irish Mafia, the police send in one of their own to infiltrate the underworld, not realizing the syndicate has done likewise. While an undercover cop curries favor with the mob kingpin, a career criminal rises through the police ranks. But both sides soon discover there's a mole among them.",/nT97ifVT2J1yMQmeq20Qblg61T.jpg,Neutral
599,tt0043014,Sunset Boulevard,1950,8.3,Drama,A hack screenwriter writes a screenplay for a former silent film star who has faded into Hollywood obscurity.,/sC4Dpmn87oz9AuxZ15Lmip0Ftgr.jpg,Neutral
872585,tt15398776,Oppenheimer,2023,8.3,"Drama, History",The story of J. Robert Oppenheimer’s role in the development of the atomic bomb during World War II.,/8Gxv8gSFCU0XGDykEGv7zR1n2ua.jpg,Neutral
398818,tt5726616,Call Me by Your Name,2017,8.2,"Drama, Romance","In 1980s Italy, a relationship begins between seventeen-year-old teenage Elio and the older adult man hired as his father's research assistant.",/mZ4gBdfkhP9tvLH1DO4m4HYtiyi.jpg,Neutral
111,tt0086250,Scarface,1983,8.2,"Action, Crime, Drama","After getting a green card in exchange for assassinating a Cuban government official, Tony Montana stakes a claim on the drug trade in Miami. Viciously murdering anyone who stands in his way, Tony eventually becomes the biggest drug lord in the state, controlling nearly all the cocaine that comes through Miami. But increased pressure from the police, wars with Colombian drug cartels and his own drug-fueled paranoia serve to fuel the flames of his eventual downfall.",/iQ5ztdjvteGeboxtmRdXEChJOHh.jpg,Neutral
508965,tt4729430,Klaus,2019,8.2,"Adventure, Animation, Comedy, Family, Fantasy","When Jesper distinguishes himself as the Postal Academy's worst student, he is sent to Smeerensburg, a small village located on an icy island above the Arctic Circle, where grumpy inhabitants barely exchange words, let alone letters. Jesper is about to give up and abandon his duty as a postman when he meets local teacher Alva and Klaus, a mysterious carpenter who lives alone in a cabin full of handmade toys.",/q125RHUDgR4gjwh1QkfYuJLYkL.jpg,Neutral
489,tt0119217,Good Will Hunting,1997,8.1,Drama,"Will Hunting has a genius-level IQ but chooses to work as a janitor at MIT. When he solves a difficult graduate-level math problem, his talents are discovered by Professor Gerald Lambeau, who decides to help the misguided youth reach his potential. When Will is arrested for attacking a police officer, Professor Lambeau makes a deal to get leniency for him if he will get treatment from therapist Sean Maguire.",/bABCBKYBK7A5G1x0FzoeoNfuj2.jpg,Neutral
37165,tt0120382,The Truman Show,1998,8.1,"Comedy, Drama","Truman Burbank is the star of The Truman Show, a 24-hour-a-day reality TV show that broadcasts every aspect of his life without his knowledge. His entire life has been an unending soap opera for consumption by the rest of the world. And everyone he knows, including his wife and his best friend, is really an actor, paid to be part of his life.",/vuza0WqY239yBXOadKlGwJsZJFE.jpg,Neutral
724089,tt13535454,Gabriel's Inferno: Part II,2020,8.4,"Drama, Romance","Professor Gabriel Emerson finally learns the truth about Julia Mitchell's identity, but his realization comes a moment too late. Julia is done waiting for the well-respected Dante specialist to remember her and wants nothing more to do with him. Can Gabriel win back her heart before she finds love in another's arms?",/x5o8cLZfEXMoZczTYWLrUo1P7UJ.jpg,Neutral
508442,tt2948372,Soul,2020,8.2,"Animation, Comedy, Drama, Family, Fantasy","Joe Gardner is a middle school teacher with a love for jazz music. After a successful audition at the Half Note Club, he suddenly gets into an accident that separates his soul from his body and is transported to the You Seminar, a center in which souls develop and gain passions before being transported to a newborn child. Joe must enlist help from the other souls-in-training, like 22, a soul who has spent eons in the You Seminar, in order to get back to Earth.",/hm58Jw4Lw8OIeECIq5qyPYhAeRJ.jpg,Neutral
975,tt0050825,Paths of Glory,1957,8.3,"Drama, War",A commanding officer defends three scapegoats on trial for a failed offensive that occurred within the French Army in 1916.,/l2IY0gOHHmCWM90LjteFssxIV1G.jpg,Neutral
406997,tt2543472,Wonder,2017,8.2,"Drama, Family","The story of August Pullman – a boy with facial differences – who enters fifth grade, attending a mainstream elementary school for the first time.",/ouYgAatYH4JzIThj6FI3UYf31RI.jpg,Neutral
600,tt0093058,Full Metal Jacket,1987,8.1,"Drama, War",A pragmatic U.S. Marine observes the dehumanizing effects the U.S.-Vietnam War has on his fellow recruits from their brutal boot camp training to the bloody street fighting in Hue.,/kMKyx1k8hWWscYFnPbnxxN4Eqo4.jpg,Neutral
12445,tt1201607,Harry Potter and the Deathly Hallows: Part 2,2011,8.1,"Adventure, Fantasy","Harry, Ron and Hermione continue their quest to vanquish the evil Voldemort once and for all. Just as things begin to look hopeless for the young wizards, Harry discovers a trio of magical objects that endow him with powers to rival Voldemort's formidable skills.",/c54HpQmuwXjHq2C9wmoACjxoom3.jpg,Neutral
289,tt0034583,Casablanca,1943,8.2,"Drama, Romance","In Casablanca, Morocco in December 1941, a cynical American expatriate meets a former lover, with unforeseen complications.",/5K7cOHoay2mZusSLezBOY0Qxh8a.jpg,Neutral
38,tt0338013,Eternal Sunshine of the Spotless Mind,2004,8.1,"Drama, Romance, Science Fiction","Joel Barish, heartbroken that his girlfriend underwent a procedure to erase him from her memory, decides to do the same. However, as he watches his memories of her fade away, he realises that he still loves her, and may be too late to correct his mistake.",/5MwkWH9tYHv3mV9OdYTMR5qreIz.jpg,Neutral
901,tt0021749,City Lights,1931,8.3,"Comedy, Drama, Romance","In this sound-era silent film, a tramp falls in love with a beautiful blind flower seller.",/bXNvzjULc9jrOVhGfjcc64uKZmZ.jpg,Neutral
146233,tt1392214,Prisoners,2013,8.1,"Crime, Drama, Thriller","Keller Dover faces a parent's worst nightmare when his 6-year-old daughter, Anna, and her friend go missing. The only lead is an old motorhome that had been parked on their street. The head of the investigation, Detective Loki, arrests the driver, but a lack of evidence forces Loki to release his only suspect. Dover, knowing that his daughter's life is at stake, decides that he has no choice but to take matters into his own hands.",/tuZhZ6biFMr5n9YSVuHOJnNL1uU.jpg,Neutral
935,tt0057012,Dr. Strangelove or: How I Learned to Stop Worrying and Love the Bomb,1964,8.1,"Comedy, Drama, War","After the insane General Jack D. Ripper initiates a nuclear strike on the Soviet Union, a war room full of politicians, generals and a Russian diplomat all frantically try to stop the nuclear strike.",/gHm96BRW4GoI339rF1vYoYTB6Qe.jpg,Neutral
62,tt0062622,2001: A Space Odyssey,1968,8.1,"Adventure, Mystery, Science Fiction","Humanity finds a mysterious object buried beneath the lunar surface and sets off to find its origins with the help of HAL 9000, the world's most advanced super computer.",/ve72VxNqjGM69Uky4WTo2bK6rfq.jpg,Neutral
359940,tt5027774,"Three Billboards Outside Ebbing, Missouri",2017,8.1,"Crime, Drama","After seven months have passed without a culprit in her daughter's murder case, Mildred Hayes makes a bold move, painting three signs leading into her town with a controversial message directed at Bill Willoughby, the town's revered chief of police. When his second-in-command Officer Jason Dixon, an immature mother's boy with a penchant for violence, gets involved, the battle between Mildred and Ebbing's law enforcement is only exacerbated.",/pZRhqJj0DBy4ghB7g6pU7MGHsWJ.jpg,Neutral
4348,tt0414387,Pride & Prejudice,2005,8.1,"Drama, Romance","A story of love and life among the landed English gentry during the Georgian era. Mr. Bennet is a gentleman living in Hertfordshire with his overbearing wife and five daughters, but if he dies their house will be inherited by a distant cousin whom they have never met, so the family's future happiness and security is dependent on the daughters making good marriages.",/sGjIvtVvTlWnia2zfJfHz81pZ9Q.jpg,Neutral
120467,tt2278388,The Grand Budapest Hotel,2014,8.0,"Comedy, Drama","The Grand Budapest Hotel tells of a legendary concierge at a famous European hotel between the wars and his friendship with a young employee who becomes his trusted protégé. The story involves the theft and recovery of a priceless Renaissance painting, the battle for an enormous family fortune and the slow and then sudden upheavals that transformed Europe during the first half of the 20th century.",/eWdyYQreja6JGCzqHWXpWHDrrPo.jpg,Neutral
106646,tt0993846,The Wolf of Wall Street,2013,8.0,"Comedy, Crime, Drama","A New York stockbroker refuses to cooperate in a large securities fraud case involving corruption on Wall Street, corporate banking world and mob infiltration. Based on Jordan Belfort's autobiography.",/34m2tygAYBGqA9MXKhRDtzYd4MR.jpg,Neutral
334543,tt3741834,Lion,2016,8.1,Drama,"A five-year-old Indian boy gets lost on the streets of Calcutta, thousands of kilometers from home. He survives many challenges before being adopted by a couple in Australia; 25 years later, he sets out to find his lost family.",/iBGRbLvg6kVc7wbS8wDdVHq6otm.jpg,Neutral
7345,tt0469494,There Will Be Blood,2007,8.1,Drama,"Ruthless silver miner, turned oil prospector, Daniel Plainview, moves to oil-rich California. Using his son to project a trustworthy, family-man image, Plainview cons local landowners into selling him their valuable properties for a pittance. However, local preacher Eli Sunday suspects Plainview's motives and intentions, starting a slow-burning feud that threatens both their lives.",/fa0RDkAlCec0STeMNAhPaF89q6U.jpg,Neutral
381284,tt4846340,Hidden Figures,2016,8.1,"Drama, History","The untold story of Katherine G. Johnson, Dorothy Vaughan and Mary Jackson – brilliant African-American women working at NASA and serving as the brains behind one of the greatest operations in history – the launch of astronaut John Glenn into orbit. The visionary trio crossed all gender and race lines to inspire generations to dream big.",/9lfz2W2uGjyow3am00rsPJ8iOyq.jpg,Neutral
447362,tt6598238,Life in a Year,2020,8.3,"Drama, Romance","A 17 year old finds out that his girlfriend is dying, so he sets out to give her an entire life, in the last year she has left.",/bP7u19opmHXYeTCUwGjlLldmUMc.jpg,Neutral
284,tt0053604,The Apartment,1960,8.2,"Comedy, Drama, Romance","Bud Baxter is a minor clerk in a huge New York insurance company, until he discovers a quick way to climb the corporate ladder. He lends out his apartment to the executives as a place to take their mistresses. Although he often has to deal with the aftermath of their visits, one night he's left with a major problem to solve.",/hhSRt1KKfRT0yEhEtRW3qp31JFU.jpg,Neutral
673,tt0304141,Harry Potter and the Prisoner of Azkaban,2004,8.0,"Adventure, Fantasy","Year three at Hogwarts means new fun and challenges as Harry learns the delicate art of approaching a Hippogriff, transforming shape-shifting Boggarts into hilarity and even turning back time. But the term also brings danger: soul-sucking Dementors hover over the school, an ally of the accursed He-Who-Cannot-Be-Named lurks within the castle walls, and fearsome wizard Sirius Black escapes Azkaban. And Harry will confront them all.",/aWxwnYoe8p2d2fcxOqtvAtJ72Rw.jpg,Neutral
555604,tt1488589,Guillermo del Toro's Pinocchio,2022,8.2,"Animation, Drama, Fantasy, Music","During the rise of fascism in Mussolini's Italy, a wooden boy brought magically to life struggles to live up to his father's expectations.",/vx1u0uwxdlhV2MUzj4VlcMB0N6m.jpg,Neutral
600354,tt10272386,The Father,2020,8.2,Drama,"A man refuses all assistance from his daughter as he ages and, as he tries to make sense of his changing circumstances, he begins to doubt his loved ones, his own mind and even the fabric of his reality.",/pr3bEQ517uMb5loLvjFQi8uLAsp.jpg,Neutral
515001,tt2584384,Jojo Rabbit,2019,8.0,"Comedy, Drama, War","A World War II satire that follows a lonely German boy whose world view is turned upside down when he discovers his single mother is hiding a young Jewish girl in their attic. Aided only by his idiotic imaginary friend, Adolf Hitler, Jojo must confront his blind nationalism.",/7GsM4mtM0worCtIVeiQt28HieeN.jpg,Neutral
264644,tt3170832,Room,2015,8.0,"Drama, Thriller","Held captive for 7 years in an enclosed space, a woman and her young son finally gain their freedom, allowing the boy to experience the outside world for the first time.",/dIxoYFcj6EqD5KScuU8lWCftnvH.jpg,Neutral
205596,tt2084970,The Imitation Game,2014,8.0,"Drama, History, Thriller, War","Based on the real life story of legendary cryptanalyst Alan Turing, the film portrays the nail-biting race against time by Turing and his brilliant team of code-breakers at Britain's top-secret Government Code and Cypher School at Bletchley Park, during the darkest days of World War II.",/zSqJ1qFq8NXFfi7JeIYMlzyR0dx.jpg,Neutral
641,tt0180093,Requiem for a Dream,2000,8.0,"Crime, Drama",The hopes and dreams of four ambitious people are shattered when their drug addictions begin spiraling out of control. A look into addiction and how it overcomes the mind and body.,/nOd6vjEmzCT0k4VYqsA2hwyi87C.jpg,Neutral
761053,tt13535456,Gabriel's Inferno: Part III,2020,8.4,"Drama, Romance",The final part of the film adaption of the erotic romance novel Gabriel's Inferno written by an anonymous Canadian author under the pen name Sylvain Reynard.,/fYtHxTxlhzD4QWfEbrC1rypysSD.jpg,Neutral
424694,tt1727824,Bohemian Rhapsody,2018,8.0,"Drama, History, Music","Singer Freddie Mercury, guitarist Brian May, drummer Roger Taylor and bass guitarist John Deacon take the music world by storm when they form the rock 'n' roll band Queen in 1970. Hit songs become instant classics. When Mercury's increasingly wild lifestyle starts to spiral out of control, Queen soon faces its greatest challenge yet – finding a way to keep the band together amid the success and excess.",/lHu1wtNaczFPGFDTrjCSzeLPTKN.jpg,Neutral
634649,tt10872600,Spider-Man: No Way Home,2021,8.0,"Action, Adventure, Science Fiction","Peter Parker is unmasked and no longer able to separate his normal life from the high-stakes of being a super-hero. When he asks for help from Doctor Strange the stakes become even more dangerous, forcing him to discover what it truly means to be Spider-Man.",/5weKu49pzJCt06OPpjvT80efnQj.jpg,Neutral
449176,tt5164432,"Love, Simon",2018,8.0,"Comedy, Drama, Romance",Everyone deserves a great love story. But for seventeen-year old Simon Spier it's a little more complicated: he's yet to tell his family or friends he's gay and he doesn't know the identity of the anonymous classmate he's fallen for online.,/5YUYg5q7QfC4IoNwNUtiwdiYKPr.jpg,Neutral
10098,tt0012349,The Kid,1921,8.2,"Comedy, Drama",A tramp cares for a boy after he's abandoned as a newborn by his mother. Later the mother has a change of heart and aches to be reunited with her son.,/drgMcyTsySQBnUPGaBThCHGdlWT.jpg,Neutral
14,tt0169547,American Beauty,1999,8.0,Drama,"Lester Burnham, a depressed suburban father in a mid-life crisis, decides to turn his hectic life around after developing an infatuation with his daughter's attractive friend.",/wby9315QzVKdW9BonAefg8jGTTb.jpg,Neutral
400928,tt4481414,Gifted,2017,8.0,"Comedy, Drama","Frank, a single man raising his child prodigy niece Mary, is drawn into a custody battle with his mother.",/7YB2YrMwIm1g8FyZtlvmVDfRnAT.jpg,Neutral
627,tt0117951,Trainspotting,1996,8.0,"Crime, Drama","Heroin addict Mark Renton stumbles through bad ideas and sobriety attempts with his unreliable friends -- Sick Boy, Begbie, Spud and Tommy. He also has an underage girlfriend, Diane, along for the ride. After cleaning up and moving from Edinburgh to London, Mark finds he can't escape the life he left behind when Begbie shows up at his front door on the lam, and a scheming Sick Boy follows.",/bhY62Dw8iW54DIhxPQerbuB9DOP.jpg,Neutral
13223,tt1205489,Gran Torino,2008,8.0,Drama,"Disgruntled Korean War veteran Walt Kowalski sets out to reform his neighbor, Thao Lor, a Hmong teenager who tried to steal Kowalski's prized possession: a 1972 Gran Torino.",/zUybYvxWdAJy5hhYovsXtHSWI1l.jpg,Neutral
762975,tt4614584,Purple Hearts,2022,8.2,"Drama, Romance","An aspiring musician agrees to a marriage of convenience with a soon-to-deploy Marine, but a tragedy soon turns their fake relationship all too real.",/4JyNWkryifWbWXJyxcWh3pVya6N.jpg,Neutral
359724,tt1950186,Ford v Ferrari,2019,8.0,"Action, Drama, History","American car designer Carroll Shelby and the British-born driver Ken Miles work together to battle corporate interference, the laws of physics, and their own personal demons to build a revolutionary race car for Ford Motor Company and take on the dominating race cars of Enzo Ferrari at the 24 Hours of Le Mans in France in 1966.",/dR1Ju50iudrOh3YgfwkAU1g2HZe.jpg,Neutral
862,tt0114709,Toy Story,1995,8.0,"Adventure, Animation, Comedy, Family","Led by Woody, Andy's toys live happily in his room until Andy's birthday brings Buzz Lightyear onto the scene. Afraid of losing his place in Andy's heart, Woody plots against Buzz. But when circumstances separate Buzz and Woody from their owner, the duo eventually learns to put aside their differences.",/uXDfjJbdP4ijW5hWSBrPrlKpxab.jpg,Neutral
470044,tt5580266,The Hate U Give,2018,8.2,"Crime, Drama","Raised in a poverty-stricken slum, a 16-year-old girl named Starr now attends a suburban prep school. After she witnesses a police officer shoot her unarmed best friend, she's torn between her two very different worlds as she tries to speak her truth.",/2icwBom0t5nmOuZI9FVXF3gkMK0.jpg,Neutral
640,tt0264464,Catch Me If You Can,2002,8.0,"Crime, Drama","A true story about Frank Abagnale Jr. who, before his 19th birthday, successfully conned millions of dollars worth of checks as a Pan Am pilot, doctor, and legal prosecutor. An FBI agent makes it his mission to put him behind bars. But Frank not only eludes capture, he revels in the pursuit.",/ctjEj2xM32OvBXCq8zAdK3ZrsAj.jpg,Neutral
606856,tt5116302,Togo,2019,8.2,"Adventure, Family","The untold true story set in the winter of 1925 that takes you across the treacherous terrain of the Alaskan tundra for an exhilarating and uplifting adventure that will test the strength, courage and determination of one man, Leonhard Seppala, and his lead sled dog, Togo.",/921q4gPNN4J6UxvKaw6SCNBe3F8.jpg,Neutral
28178,tt1028532,Hachi: A Dog's Tale,2009,8.0,"Drama, Family",A drama based on the true story of a college professor's bond with the abandoned dog he takes into his home.,/lsy3aEsEfYIHdLRk4dontZ4s85h.jpg,Neutral
447365,tt6791350,Guardians of the Galaxy Vol. 3,2023,8.0,"Action, Adventure, Science Fiction","Peter Quill, still reeling from the loss of Gamora, must rally his team around him to defend the universe along with protecting one of their own. A mission that, if not completed successfully, could quite possibly lead to the end of the Guardians as we know them.",/r2J02Z2OpNTctfOSN1Ydgii51I3.jpg,Neutral
15,tt0033467,Citizen Kane,1941,8.0,"Drama, Mystery","Newspaper magnate, Charles Foster Kane is taken from his mother as a boy and made the ward of a rich industrialist. As a result, every well-meaning, tyrannical or self-destructive move he makes for the rest of his life appears in some way to be a reaction to that deeply wounding event.",/sav0jxhqiH0bPr2vZFU0Kjt2nZL.jpg,Neutral
14160,tt1049413,Up,2009,7.9,"Adventure, Animation, Comedy, Family","Carl Fredricksen spent his entire life dreaming of exploring the globe and experiencing life to its fullest. But at age 78, life seems to have passed him by, until a twist of fate (and a persistent 8-year old Wilderness Explorer named Russell) gives him a new lease on life.",/vpbaStTMt8qqXaEgnOR2EE4DNJk.jpg,Neutral
279,tt0086879,Amadeus,1984,8.0,"Drama, History, Music","Wolfgang Amadeus Mozart is a remarkably talented young Viennese composer who unwittingly finds a fierce rival in the disciplined and determined Antonio Salieri. Resenting Mozart for both his hedonistic lifestyle and his undeniable talent, the highly religious Salieri is gradually consumed by his jealousy and becomes obsessed with Mozart's downfall, leading to a devious scheme that has dire consequences for both men.",/1n5VUlCqgmVax1adxGZm8oCFaKc.jpg,Neutral
524,tt0112641,Casino,1995,8.0,"Crime, Drama","In early-1970s Las Vegas, Sam ""Ace"" Rothstein gets tapped by his bosses to head the Tangiers Casino. At first, he's a great success in the job, but over the years, problems with his loose-cannon enforcer Nicky Santoro, his ex-hustler wife Ginger, her con-artist ex Lester Diamond and a handful of corrupt politicians put Sam in ever-increasing danger.",/6zEZY1htzRos2w0W3T7o7W1WJhp.jpg,Neutral
1955,tt0080678,The Elephant Man,1980,8.1,"Drama, History","A Victorian surgeon rescues a heavily disfigured man being mistreated by his ""owner"" as a side-show freak. Behind his monstrous façade, there is revealed a person of great intelligence and sensitivity. Based on the true story of Joseph Merrick (called John Merrick in the film), a severely deformed man in 19th century London.",/u0wpPYjuSt8DIe1Y3Vapnh8jcKE.jpg,Neutral
329,tt0107290,Jurassic Park,1993,7.9,"Adventure, Science Fiction","A wealthy entrepreneur secretly creates a theme park featuring living dinosaurs drawn from prehistoric DNA. Before opening day, he invites a team of experts and his two eager grandchildren to experience the park and help calm anxious investors. However, the park is anything but amusing as the security systems go off-line and the dinosaurs escape.",/oU7Oq2kFAAlGqbU4VoAE36g4hoI.jpg,Neutral
70,tt0405159,Million Dollar Baby,2004,8.0,Drama,"Despondent over a painful estrangement from his daughter, trainer Frankie Dunn isn't prepared for boxer Maggie Fitzgerald to enter his life. But Maggie's determined to go pro and to convince Dunn and his cohort to help her.",/2ti3l1OeB8G94yyqfAI7nmMZUbA.jpg,Neutral
76203,tt2024544,12 Years a Slave,2013,7.9,"Drama, History","In the pre-Civil War United States, Solomon Northup, a free black man from upstate New York, is abducted and sold into slavery. Facing cruelty as well as unexpected kindnesses Solomon struggles not only to stay alive, but to retain his dignity. In the twelfth year of his unforgettable odyssey, Solomon’s chance meeting with a Canadian abolitionist will forever alter his life.",/xdANQijuNrJaw1HA61rDccME4Tm.jpg,Neutral
745,tt0167404,The Sixth Sense,1999,7.9,"Drama, Mystery, Thriller","Following an unexpected tragedy, child psychologist Malcolm Crowe meets a nine year old boy named Cole Sear, who is hiding a dark secret.",/4AfSDjjCy6T5LA1TMz0Lh2HlpRh.jpg,Neutral
164558,tt2515086,One Direction: This Is Us,2013,8.3,"Documentary, Music","""One Direction: This Is Us"" is a captivating and intimate all-access look at life on the road for the global music phenomenon. Weaved with stunning live concert footage, this inspiring feature film tells the remarkable story of Niall, Zayn, Liam, Harry and Louis's really like to be One Direction.",/cxIoYa7uboxiDvWGxdad6fvgpcH.jpg,Neutral
150540,tt2096673,Inside Out,2015,7.9,"Adventure, Animation, Comedy, Drama, Family","Growing up can be a bumpy road, and it's no exception for Riley, who is uprooted from her Midwest life when her father starts a new job in San Francisco. Riley's guiding emotions— Joy, Fear, Anger, Disgust and Sadness—live in Headquarters, the control centre inside Riley's mind, where they help advise her through everyday life and tries to keep things positive, but the emotions conflict on how best to navigate a new city, house and school.",/2H1TmgdfNtsKlU9jKdeNyYL5y8T.jpg,Neutral
671,tt0241527,Harry Potter and the Philosopher's Stone,2001,7.9,"Adventure, Fantasy","Harry Potter has lived under the stairs at his aunt and uncle's house his whole life. But on his 11th birthday, he learns he's a powerful wizard—with a place waiting for him at the Hogwarts School of Witchcraft and Wizardry. As he learns to harness his newfound powers with the help of the school's kindly headmaster, Harry uncovers the truth about his parents' deaths—and about the villain who's to blame.",/wuMc08IPKEatf9rnMNXvIDxqP4W.jpg,Neutral
78,tt0083658,Blade Runner,1982,7.9,"Drama, Science Fiction, Thriller","In the smog-choked dystopian Los Angeles of 2019, blade runner Rick Deckard is called out of retirement to terminate a quartet of replicants who have escaped to Earth seeking their creator for a way to extend their short life spans.",/fwhLegA6z40W0DIy6EGXhzDzlOP.jpg,Neutral
6977,tt0477348,No Country for Old Men,2007,7.9,"Crime, Drama, Thriller","Llewelyn Moss stumbles upon dead bodies, $2 million and a hoard of heroin in a Texas desert, but methodical killer Anton Chigurh comes looking for it, with local sheriff Ed Tom Bell hot on his trail. The roles of prey and predator blur as the violent pursuit of money and justice collide.",/bj1v6YKF8yHqA489VFfnQvOJpnc.jpg,Neutral
1578,tt0081398,Raging Bull,1980,8.0,Drama,"The life of boxer Jake LaMotta, whose violence and temper that led him to the top in the ring destroyed his life outside of it.",/3Ph6BrMvgniIzFfsloKbSdXWcd8.jpg,Neutral
118340,tt2015381,Guardians of the Galaxy,2014,7.9,"Action, Adventure, Science Fiction","Light years from Earth, 26 years after being abducted, Peter Quill finds himself the prime target of a manhunt after discovering an orb wanted by Ronan the Accuser.",/r7vmZjiyZw9rpJMQJdXpjgiCOk9.jpg,Neutral
522924,tt1478839,The Art of Racing in the Rain,2019,8.2,"Comedy, Drama, Family, Romance","A family dog – with a near-human soul and a philosopher's mind – evaluates his life through the lessons learned by his human owner, a race-car driver.",/mi5VN4ww0JZgRFJIaPxxTGKjUg7.jpg,Neutral
85,tt0082971,Raiders of the Lost Ark,1981,7.9,"Action, Adventure","When Dr. Indiana Jones – the tweed-suited professor who just happens to be a celebrated archaeologist – is hired by the government to locate the legendary Ark of the Covenant, he finds himself up against the entire Nazi regime.",/ceG9VzoRAVGwivFU403Wc3AHRys.jpg,Neutral
197,tt0112573,Braveheart,1995,7.9,"Action, Drama, History, War","Enraged at the slaughter of Murron, his new bride and childhood love, Scottish warrior William Wallace slays a platoon of the local English lord's soldiers. This leads the village to revolt and, eventually, the entire country to rise up against English rule.",/or1gBugydmjToAEq7OZY0owwFk.jpg,Neutral
597,tt0120338,Titanic,1997,7.9,"Drama, Romance","101-year-old Rose DeWitt Bukater tells the story of her life aboard the Titanic, 84 years later. A young Rose boards the ship with her mother and fiancé. Meanwhile, Jack Dawson and Fabrizio De Rossi win third-class tickets aboard the ship. Rose tells the whole story from Titanic's departure through to its death—on its first and last voyage—on April 15, 1912.",/9xjZS2rlVxm8SFx8kPC3aIGCOYQ.jpg,Neutral
296096,tt2674426,Me Before You,2016,7.9,"Drama, Romance","A small town girl is caught between dead-end jobs. A high-profile, successful man becomes wheelchair bound following an accident. The man decides his life is not worth living until the girl is hired for six months to be his new caretaker. Worlds apart and trapped together by circumstance, the two get off to a rocky start. But the girl becomes determined to prove to the man that life is worth living and as they embark on a series of adventures together, each finds their world changing in ways neither of them could begin to imagine.",/Ia3dzj5LnCj1ZBdlVeJrbKJQxG.jpg,Neutral
152532,tt0790636,Dallas Buyers Club,2013,7.9,"Drama, History","Loosely based on the true-life tale of Ron Woodroof, a drug-taking, women-loving, homophobic man who in 1986 was diagnosed with HIV/AIDS and given thirty days to live.",/7Fdh7gUq3plvQqxRbNYhWvDABXA.jpg,Neutral
37257,tt0051201,Witness for the Prosecution,1957,8.2,"Crime, Drama, Mystery","When Leonard Vole is arrested for the sensational murder of a rich, middle-aged widow, the famous Sir Wilfrid Robarts agrees to appear on his behalf. Sir Wilfrid, recovering from a near-fatal heart attack, is supposed to be on a diet of bland, civil suits—but the lure of the criminal courts is too much for him, especially when the case is so difficult.",/mM5Cad2ESBprh6ucPnMzMfI34Cu.jpg,Neutral
556574,tt8503618,Hamilton,2020,8.2,"Drama, History","Presenting the tale of American founding father Alexander Hamilton, this filmed version of the original Broadway smash hit is the story of America then, told by America now.",/h1B7tW0t399VDjAcWJh8m87469b.jpg,Neutral
11778,tt0077416,The Deer Hunter,1978,8.0,"Drama, War","A group of working-class friends decide to enlist in the Army during the Vietnam War and finds it to be hellish chaos -- not the noble venture they imagined. Before they left, Steven married his pregnant girlfriend -- and Michael and Nick were in love with the same woman. But all three are different men upon their return.",/bbGtogDZOg09bm42KIpCXUXICkh.jpg,Neutral
313369,tt3783958,La La Land,2016,7.9,"Comedy, Drama, Music, Romance","Mia, an aspiring actress, serves lattes to movie stars in between auditions and Sebastian, a jazz musician, scrapes by playing cocktail party gigs in dingy bars, but as success mounts they are faced with decisions that begin to fray the fragile fabric of their love affair, and the dreams they worked so hard to maintain in each other threaten to rip them apart.",/uDO8zWDhfWwoFdKS4fzkUJt0Rf0.jpg,Neutral
630566,tt6473066,Clouds,2020,8.3,"Drama, Music, Romance","Young musician Zach Sobiech discovers his cancer has spread, leaving him just a few months to live. With limited time, he follows his dream and makes an album, unaware that it will soon be a viral music phenomenon.",/d0OdD1I8qAfETvE9Rp9Voq7R8LR.jpg,Neutral
10674,tt0120762,Mulan,1998,7.9,"Adventure, Animation, Family","To save her father from certain death in the army, a young woman secretly enlists in his place and becomes one of China's greatest heroines in the process.",/5TYgKxYhnhRNNwqnRAKHkgfqi2G.jpg,Neutral
210577,tt2267998,Gone Girl,2014,7.9,"Drama, Mystery, Thriller","With his wife's disappearance having become the focus of an intense media circus, a man sees the spotlight turned on him when it's suspected that he may not be innocent.",/qymaJhucquUwjpb8oiqynMeXnID.jpg,Neutral
1892,tt0086190,Return of the Jedi,1983,7.9,"Action, Adventure, Science Fiction","Luke Skywalker leads a mission to rescue his friend Han Solo from the clutches of Jabba the Hutt, while the Emperor seeks to destroy the Rebellion once and for all with a second dreaded Death Star.",/jQYlydvHm3kUix1f8prMucrplhm.jpg,Neutral
76,tt0112471,Before Sunrise,1995,8.0,"Drama, Romance","A young man and woman meet on a train in Europe, and wind up spending one evening together in Vienna. Unfortunately, both know that this will probably be their only night together.",/kf1Jb1c2JAOqjuzA3H4oDM263uB.jpg,Neutral
316029,tt1485796,The Greatest Showman,2017,7.9,Drama,"The story of American showman P.T. Barnum, founder of the circus that became the famous traveling Ringling Bros. and Barnum & Bailey Circus.",/b9CeobiihCx1uG1tpw8hXmpi7nm.jpg,Neutral
1402,tt0454921,The Pursuit of Happyness,2006,7.9,Drama,A struggling salesman takes custody of his son as he's poised to begin a life-changing professional career.,/kTdG9wKnREyjK6nlFDNmpe7wlIK.jpg,Neutral
770,tt0031381,Gone with the Wind,1939,8.0,"Drama, Romance, War",The spoiled daughter of a Georgia plantation owner conducts a tumultuous romance with a cynical profiteer during the American Civil War and Reconstruction Era.,/lNz2Ow0wGCAvzckW7EOjE03KcYv.jpg,Neutral
122906,tt2194499,About Time,2013,7.9,"Drama, Fantasy, Romance","The night after another unsatisfactory New Year's party, Tim's father tells his son that the men in his family have always had the ability to travel through time. They can't change history, but they can change what happens and has happened in their own lives. Thus begins the start of a lesson in learning to appreciate life itself as it is, as it comes, and most importantly, the people living alongside us.",/iR1bVfURbN7r1C46WHFbwCkVve.jpg,Neutral
441130,tt5198068,Wolfwalkers,2020,8.2,"Adventure, Animation, Family, Fantasy","In a time of superstition and magic, when wolves are seen as demonic and nature an evil to be tamed, a young apprentice hunter comes to Ireland with her father to wipe out the last pack. But when she saves a wild native girl, their friendship leads her to discover the world of the Wolfwalkers and transform her into the very thing her father is tasked to destroy.",/ehAKuE48okTuonq6TpsNQj8vFTC.jpg,Neutral
339877,tt3262342,Loving Vincent,2017,8.0,"Animation, Drama, History, Mystery",A young man arrives at the last hometown of painter Vincent van Gogh to deliver the troubled artist's final letter and ends up investigating his final days there.,/56sq57kDm7XgyXBYrgJLumo0Jac.jpg,Neutral
3175,tt0072684,Barry Lyndon,1975,8.0,"Drama, Romance, War","An Irish rogue uses his cunning and wit to work his way up the social classes of 18th century England, transforming himself from the humble Redmond Barry into the noble Barry Lyndon.",/dOJtBSyI30wWc08UmyEKLsu4Rfk.jpg,Neutral
9277,tt0070735,The Sting,1973,8.0,"Comedy, Crime, Drama",A novice con man teams up with an acknowledged master to avenge the murder of a mutual friend by pulling off the ultimate big con and swindling a fortune from a big-time mobster.,/4VdQopZb0lx13Me3yxE5rUXMGCI.jpg,Neutral
10386,tt0129167,The Iron Giant,1999,7.9,"Animation, Drama, Family, Science Fiction","In the small town of Rockwell, Maine in October 1957, a giant metal machine befriends a nine-year-old boy and ultimately finds its humanity by unselfishly saving people from their own fears and prejudices.",/mThOw5rXLtdbY3WmuTsS9zsQBMG.jpg,Neutral
334533,tt3553976,Captain Fantastic,2016,7.9,"Adventure, Drama",A father living in the forests of the Pacific Northwest with his six young kids tries to assimilate back into society.,/2sFME73GaD8UsUxPUKe60cPdLif.jpg,Neutral
458220,tt6857376,Palmer,2021,8.2,Drama,"After 12 years in prison, former high school football star Eddie Palmer returns home to put his life back together—and forms an unlikely bond with Sam, an outcast boy from a troubled home. But Eddie's past threatens to ruin his new life and family.",/xSDdRAjxKAGi8fUBLOqSrBhJmF0.jpg,Neutral
11036,tt0332280,The Notebook,2004,7.9,"Drama, Romance","An epic love story centered around an older man who reads aloud to a woman with Alzheimer's. From a faded notebook, the old man's words bring to life the story about a couple who is separated by World War II, and is then passionately reunited, seven years later, after they have taken different paths.",/rNzQyW4f8B8cQeg7Dgj3n6eT5k9.jpg,Neutral
949,tt0113277,Heat,1995,7.9,"Action, Crime, Drama",Obsessive master thief Neil McCauley leads a top-notch crew on various daring heists throughout Los Angeles while determined detective Vincent Hanna pursues him without rest. Each man recognizes and respects the ability and the dedication of the other even though they are aware their cat-and-mouse game may end in violence.,/umSVjVdbVwtx5ryCA2QXL44Durm.jpg,Neutral
527774,tt5109280,Raya and the Last Dragon,2021,7.9,"Action, Adventure, Animation, Family, Fantasy","Long ago, in the fantasy world of Kumandra, humans and dragons lived together in harmony. But when an evil force threatened the land, the dragons sacrificed themselves to save humanity. Now, 500 years later, that same evil has returned and it’s up to a lone warrior, Raya, to track down the legendary last dragon to restore the fractured land and its divided people.",/lPsD10PP4rgUGiGR4CCXA6iY0QQ.jpg,Neutral
655,tt0087884,"Paris, Texas",1984,8.1,Drama,"A man wanders out of the desert not knowing who he is. His brother finds him, and helps to pull his memory back of the life he led before he walked out on his family and disappeared four years earlier.",/7G6ea5djDvCxfqfoMAX8479T4UB.jpg,Neutral
595,tt0056592,To Kill a Mockingbird,1962,8.0,Drama,"Scout Finch, 6, and her older brother Jem live in sleepy Maycomb, Alabama, spending much of their time with their friend Dill and spying on their reclusive and mysterious neighbor, Boo Radley. When Atticus, their widowed father and a respected lawyer, defends a black man named Tom Robinson against fabricated rape charges, the trial and tangent events expose the children to evils of racism and stereotyping.",/gZycFUMLx2110dzK3nBNai7gfpM.jpg,Neutral
152601,tt1798709,Her,2013,7.9,"Drama, Romance, Science Fiction","In the not so distant future, Theodore, a lonely writer, purchases a newly developed operating system designed to meet the user's every need. To Theodore's surprise, a romantic relationship develops between him and his operating system. This unconventional love story blends science fiction and romance in a sweet tale that explores the nature of love and the ways that technology isolates and connects us all.",/eCOtqtfvn7mxGl6nfmq4b1exJRc.jpg,Neutral
43949,tt0817177,Flipped,2010,8.0,"Drama, Romance","When Juli meets Bryce in the second grade, she knows it's true love. After spending six years trying to convince Bryce the same, she's ready to give up - until he starts to reconsider.",/6zDYFigohwncqFL00MKbFV01dWb.jpg,Neutral
947,tt0056172,Lawrence of Arabia,1962,8.0,"Adventure, Drama, History, War","The story of British officer T.E. Lawrence's mission to aid the Arab tribes in their revolt against the Ottoman Empire during the First World War. Lawrence becomes a flamboyant, messianic figure in the cause of Arab unity but his psychological instability threatens to undermine his achievements.",/AiAm0EtDvyGqNpVoieRw4u65vD1.jpg,Neutral
331482,tt3281548,Little Women,2019,7.9,"Drama, Romance",Four sisters come of age in America in the aftermath of the Civil War.,/yn5ihODtZ7ofn8pDYfxCmxh8AXI.jpg,Neutral
266856,tt2980516,The Theory of Everything,2014,7.9,"Drama, Romance","The Theory of Everything is the extraordinary story of one of the world’s greatest living minds, the renowned astrophysicist Stephen Hawking, who falls deeply in love with fellow Cambridge student Jane Wilde.",/wucOQrqihOtHToP7UAPKMFRJ9LL.jpg,Neutral
705,tt0042192,All About Eve,1950,8.1,Drama,"From the moment she glimpses her idol at the stage door, Eve Harrington is determined to take the reins of power away from the great actress Margo Channing. Eve maneuvers her way into Margo's Broadway role, becomes a sensation and even causes turmoil in the lives of Margo's director boyfriend, her playwright and his wife. Only the cynical drama critic sees through Eve, admiring her audacity and perfect pattern of deceit.",/6numIZH6uR3NlJgY9m7nGH0jhs.jpg,Neutral
785084,tt13833688,The Whale,2022,7.9,Drama,A reclusive English teacher suffering from severe obesity attempts to reconnect with his estranged teenage daughter for one last chance at redemption.,/jQ0gylJMxWSL490sy0RrPj1Lj7e.jpg,Neutral
508943,tt12801262,Luca,2021,7.9,"Adventure, Animation, Comedy, Family, Fantasy",Luca and his best friend Alberto experience an unforgettable summer on the Italian Riviera. But all the fun is threatened by a deeply-held secret: they are sea monsters from another world just below the water’s surface.,/8tABCBpzu3mZbzMB3sRzMEHEvJi.jpg,Neutral
275,tt0116282,Fargo,1996,7.9,"Crime, Drama, Thriller","Jerry, a small-town Minnesota car salesman is bursting at the seams with debt... but he's got a plan. He's going to hire two thugs to kidnap his wife in a scheme to collect a hefty ransom from his wealthy father-in-law. It's going to be a snap and nobody's going to get hurt... until people start dying. Enter Police Chief Marge, a coffee-drinking, parka-wearing - and extremely pregnant - investigator who'll stop at nothing to get her man. And if you think her small-time investigative skills will give the crooks a run for their ransom... you betcha!",/rt7cpEr1uP6RTZykBFhBTcRaKvG.jpg,Neutral
522402,tt3420504,Finch,2021,7.9,"Adventure, Drama, Science Fiction","On a post-apocalyptic Earth, a robot, built to protect the life of his dying creator's beloved dog, learns about life, love, friendship, and what it means to be human.",/jKuDyqx7jrjiR9cDzB5pxzhJAdv.jpg,Neutral
453,tt0268978,A Beautiful Mind,2001,7.9,"Drama, Romance","John Nash is a brilliant but asocial mathematician fighting schizophrenia. After he accepts secret work in cryptography, his life takes a turn for the nightmarish.",/zwzWCmH72OSC9NA0ipoqw5Zjya8.jpg,Neutral
89,tt0097576,Indiana Jones and the Last Crusade,1989,7.8,"Action, Adventure","In 1938, an art collector appeals to eminent archaeologist Dr. Indiana Jones to embark on a search for the Holy Grail. Indy learns that a medieval historian has vanished while searching for it, and the missing man is his own father, Dr. Henry Jones Sr.. He sets out to rescue his father by following clues in the old man's notebook, which his father had mailed to him before he went missing. Indy arrives in Venice, where he enlists the help of a beautiful academic, Dr. Elsa Schneider, along with Marcus Brody and Sallah. Together they must stop the Nazis from recovering the power of eternal life and taking over the world!",/npUCnxl1fqgt3aQiMQq0iJdZMZp.jpg,Neutral
1580,tt0040746,Rope,1948,8.0,"Crime, Drama, Thriller",Two men attempt to prove they committed the perfect crime by hosting a dinner party after strangling their former classmate to death.,/gr2HoDd05E5F0b8KDXf0hGbYvUr.jpg,Neutral
829,tt0071315,Chinatown,1974,7.9,"Crime, Drama, Mystery, Thriller","Private eye Jake Gittes lives off of the murky moral climate of sunbaked, pre-World War II Southern California. Hired by a beautiful socialite to investigate her husband's extra-marital affair, Gittes is swept into a maelstrom of double dealings and deadly deceits, uncovering a web of personal and political scandals that come crashing together.",/mQJz8J4naOA7RmCtypTPjgXZIMY.jpg,Neutral
674,tt0330373,Harry Potter and the Goblet of Fire,2005,7.8,"Adventure, Fantasy","When Harry Potter's name emerges from the Goblet of Fire, he becomes a competitor in a grueling battle for glory among three wizarding schools—the Triwizard Tournament. But since Harry never submitted his name for the Tournament, who did? Now Harry must confront a deadly dragon, fierce water demons and an enchanted maze only to find himself in the cruel grasp of He Who Must Not Be Named.",/fECBtHlr0RB3foNHDiCBXeg9Bv9.jpg,Neutral
14574,tt0914798,The Boy in the Striped Pyjamas,2008,7.8,"Drama, History, War","When his family moves from their home in Berlin to a strange new house in Poland, young Bruno befriends Shmuel, a boy who lives on the other side of the fence where everyone seems to be wearing striped pajamas. Unaware of Shmuel's fate as a Jewish prisoner or the role his own Nazi father plays in his imprisonment, Bruno embarks on a dangerous journey inside the camp's walls.",/2C8QCXdMlojTxZjfBlINr4FWcb6.jpg,Neutral
501929,tt7979580,The Mitchells vs. the Machines,2021,7.9,"Adventure, Animation, Comedy","A quirky, dysfunctional family's road trip is upended when they find themselves in the middle of the robot apocalypse and suddenly become humanity's unlikeliest last hope.",/mI2Di7HmskQQ34kz0iau6J1vr70.jpg,Neutral
235,tt0092005,Stand by Me,1986,7.9,"Crime, Drama","Gordie, Chris, Teddy and Vern are four friends who decide to hike to find the corpse of Ray Brower, a local teenager, who was hit by a train while plucking blueberries in the wild.",/vz0w9BSehcqjDcJOjRaCk7fgJe7.jpg,Neutral
10191,tt0892769,How to Train Your Dragon,2010,7.8,"Adventure, Animation, Family, Fantasy","As the son of a Viking leader on the cusp of manhood, shy Hiccup Horrendous Haddock III faces a rite of passage: he must kill a dragon to prove his warrior mettle. But after downing a feared dragon, he realizes that he no longer wants to destroy it, and instead befriends the beast – which he names Toothless – much to the chagrin of his warrior father.",/ygGmAO60t8GyqUo9xYeYxSZAR3b.jpg,Neutral
9702,tt0106469,Bound by Honor,1993,8.1,"Action, Crime, Drama, Thriller","Based on the true life experiences of poet Jimmy Santiago Baca, the film focuses on half-brothers Paco and Cruz, and their bi-racial cousin Miklo. It opens in 1972, as the three are members of an East L.A. gang known as the ""Vatos Locos"", and the story focuses on how a violent crime and the influence of narcotics alter their lives. Miklo is incarcerated and sent to San Quentin, where he makes a ""home"" for himself. Cruz becomes an exceptional artist, but a heroin addiction overcomes him with tragic results. Paco becomes a cop and an enemy to his ""carnal"", Miklo.",/gvP6R6juhe2IpCG7QGDgjyUvm0g.jpg,Neutral
263115,tt3315342,Logan,2017,7.8,"Action, Drama, Science Fiction","In the near future, a weary Logan cares for an ailing Professor X in a hideout on the Mexican border. But Logan's attempts to hide from the world and his legacy are upended when a young mutant arrives, pursued by dark forces.",/fnbjcRDYn6YviCcePDnGdyAkYsB.jpg,Neutral
22,tt0325980,Pirates of the Caribbean: The Curse of the Black Pearl,2003,7.8,"Action, Adventure, Fantasy","Jack Sparrow, a freewheeling 18th-century pirate, quarrels with a rival pirate bent on pillaging Port Royal. When the governor's daughter is kidnapped, Sparrow decides to help the girl's love save her.",/z8onk7LV9Mmw6zKz4hT6pzzvmvl.jpg,Neutral
5925,tt0057115,The Great Escape,1963,7.9,"Adventure, Drama, History, Thriller, War","The Nazis, exasperated at the number of escapes from their prison camps by a relatively small number of Allied prisoners, relocate them to a high-security 'escape-proof' camp to sit out the remainder of the war. Undaunted, the prisoners plan one of the most ambitious escape attempts of World War II. Based on a true story.",/gBH4H8UMFxl139HaLz6lRuvsel8.jpg,Neutral
200727,tt1638002,"Love, Rosie",2014,7.8,"Comedy, Drama, Romance","Since the moment they met at age 5, Rosie and Alex have been best friends, facing the highs and lows of growing up side by side. A fleeting shared moment, one missed opportunity, and the decisions that follow send their lives in completely different directions. As each navigates the complexities of life, love, and everything in between, they always find their way back to each other - but is it just friendship, or something more?",/rpD0t7DhzJVadnzgxSYrqljQTL2.jpg,Neutral
399174,tt5104604,Isle of Dogs,2018,7.9,"Adventure, Animation, Comedy","In the future, an outbreak of canine flu leads the mayor of a Japanese city to banish all dogs to an island used as a garbage dump. The outcasts must soon embark on an epic journey when a 12-year-old boy arrives on the island to find his beloved pet.",/c0nUX6Q1ZB0P2t1Jo6EeFSVnOGQ.jpg,Neutral
776503,tt10366460,CODA,2021,8.0,"Drama, Music, Romance","As a CODA (Child of Deaf Adults), Ruby is the only hearing person in her deaf family. When the family's fishing business is threatened, Ruby finds herself torn between pursuing her love of music and her fear of abandoning her parents.",/BzVjmm8l23rPsijLiNLUzuQtyd.jpg,Neutral
5915,tt0758758,Into the Wild,2007,7.8,"Adventure, Drama","After graduating from Emory University in 1992, top student and athlete Christopher McCandless abandons his possessions, gives his entire $24,000 savings account to charity, and hitchhikes to Alaska to live in the wilderness.",/2MSGZEE6XZd2r4ODNziwAw7Hpw0.jpg,Neutral
141,tt0246578,Donnie Darko,2001,7.8,"Drama, Fantasy, Mystery","After narrowly escaping a bizarre accident, a troubled teenager is plagued by visions of a large bunny rabbit that manipulates him to commit a series of crimes.",/j73zf3TjWR9j8pHLndaHWh0YWvN.jpg,Neutral
314365,tt1895587,Spotlight,2015,7.8,"Drama, History","The true story of how the Boston Globe uncovered the massive scandal of child molestation and cover-up within the local Catholic Archdiocese, shaking the entire Catholic Church to its core.",/gWkgMnIsd8Od7iyhEEKL5G4Qq6J.jpg,Neutral
31011,tt0485947,Mr. Nobody,2009,7.8,"Drama, Fantasy, Romance, Science Fiction","Nemo Nobody leads an ordinary existence with his wife and 3 children; one day, he wakes up as a mortal centenarian in the year 2092.",/qNkIONc4Rgmzo23ph7qWp9QfVnW.jpg,Neutral
84892,tt1659337,The Perks of Being a Wallflower,2012,7.8,Drama,"Pittsburgh, Pennsylvania, 1991. High school freshman Charlie is a wallflower, always watching life from the sidelines, until two senior students, Sam and her stepbrother Patrick, become his mentors, helping him discover the joys of friendship, music and love.",/aKCvdFFF5n80P2VdS7d8YBwbCjh.jpg,Neutral
537061,tt10515852,Steven Universe: The Movie,2019,8.3,"Action, Adventure, Animation, Comedy, Drama, Fantasy, Music, Science Fiction, TV Movie","Two years after bringing peace to the galaxy, Steven Universe sees his past come back to haunt him in the form of a deranged Gem who wants to destroy the Earth.",/8mRgpubxHqnqvENK4Bei30xMDvy.jpg,Neutral
962,tt0015864,The Gold Rush,1925,8.0,"Adventure, Comedy, Drama",A gold prospector in Alaska struggles to survive the elements and win the heart of a dance hall girl.,/eQRFo1qwRREYwj47Yoe1PisgOle.jpg,Neutral
1018,tt0166924,Mulholland Drive,2001,7.8,"Drama, Mystery, Thriller","Blonde Betty Elms has only just arrived in Hollywood to become a movie star when she meets an enigmatic brunette with amnesia. Meanwhile, as the two set off to solve the second woman's identity, filmmaker Adam Kesher runs into ominous trouble while casting his latest project.",/tVxGt7uffLVhIIcwuldXOMpFBPX.jpg,Neutral
522518,tt8385474,A Dog's Journey,2019,8.0,"Adventure, Drama, Family",A dog finds the meaning of his own existence through the lives of the humans he meets.,/wquJChp0NpoqthYdE3YjXNNxvVC.jpg,Neutral
49026,tt1345836,The Dark Knight Rises,2012,7.8,"Action, Crime, Drama, Thriller","Following the death of District Attorney Harvey Dent, Batman assumes responsibility for Dent's crimes to protect the late attorney's reputation and is subsequently hunted by the Gotham City Police Department. Eight years later, Batman encounters the mysterious Selina Kyle and the villainous Bane, a new terrorist leader who overwhelms Gotham's finest. The Dark Knight resurfaces to protect a city that has branded him an enemy.",/hr0L2aueqlP2BYUblTTjmtn0hw4.jpg,Neutral
545611,tt6710474,Everything Everywhere All at Once,2022,7.8,"Action, Adventure, Science Fiction","An aging Chinese immigrant is swept up in an insane adventure, where she alone can save what's important to her by connecting with the lives she could have led in other universes.",/rKvCys0fMIIi1X9rmJBxTPLAtoU.jpg,Neutral
438631,tt1160419,Dune,2021,7.8,"Adventure, Science Fiction","Paul Atreides, a brilliant and gifted young man born into a great destiny beyond his understanding, must travel to the most dangerous planet in the universe to ensure the future of his family and his people. As malevolent forces explode into conflict over the planet's exclusive supply of the most precious resource in existence-a commodity capable of unlocking humanity's greatest potential-only those who can conquer their fear will survive.",/d5NXSklXo0qyIYkgV94XAgMIckC.jpg,Neutral
581,tt0099348,Dances with Wolves,1990,7.8,"Adventure, Drama, Western","Wounded Civil War soldier, John Dunbar tries to commit suicide—and becomes a hero instead. As a reward, he's assigned to his dream post, a remote junction on the Western frontier, and soon makes unlikely friends with the local Sioux tribe.",/cvaBVpS0GzKqBd63pFT8f1E8OKv.jpg,Neutral
1366,tt0075148,Rocky,1976,7.8,"Drama, Romance",An uneducated collector for a Philadelphia loan shark is given a once-in-a-lifetime opportunity to fight against the world heavyweight boxing champion.,/cqxg1CihGR5ge0i1wYXr4Rdeppu.jpg,Neutral
59440,tt1291584,Warrior,2011,7.8,"Action, Drama","The youngest son of an alcoholic former boxer returns home, where he's trained by his father for competition in a mixed martial arts tournament – a path that puts the fighter on a collision course with his estranged, older brother.",/iM8n4nZJPR2abpnyZ36FUgHiRjr.jpg,Neutral
12444,tt0926084,Harry Potter and the Deathly Hallows: Part 1,2010,7.8,"Adventure, Fantasy","Harry, Ron and Hermione walk away from their last year at Hogwarts to find and destroy the remaining Horcruxes, putting an end to Voldemort's bid for immortality. But with Harry's beloved Dumbledore dead and Voldemort's unscrupulous Death Eaters on the loose, the world is more dangerous than ever.",/iGoXIpQb7Pot00EEdwpwPajheZ5.jpg,Neutral
142,tt0388795,Brokeback Mountain,2005,7.8,"Drama, Romance","Rodeo cowboy Jack and ranch hand Ennis are hired as sheepherders in 1963 Wyoming. One night on Brokeback Mountain, they spark a physical relationship. Though Ennis marries his longtime sweetheart and Jack marries a fellow rodeo rider, they keep up their tortured, sporadic love affair for 20 years.",/fsbzfe9eLOEl5rJX04nPEr1eoAi.jpg,Neutral
452522,tt0278784,Twin Peaks,1989,8.4,"Crime, Drama, Mystery, TV Movie","An idiosyncratic FBI agent investigates the murder of a young woman in the even more idiosyncratic town of Twin Peaks. (This standalone version of the series pilot was produced for the European VHS market and has an alternate, closed ending.)",/Apg4fMfr1Wi19Ilu5HXh4nClCv9.jpg,Neutral
1646,tt0463998,Freedom Writers,2007,7.9,"Crime, Drama","A young teacher inspires her class of at-risk students to learn tolerance, apply themselves, and pursue education beyond high school.",/81AdeUQT99N0xPg3j6RVh0YGOTk.jpg,Neutral
762,tt0071853,Monty Python and the Holy Grail,1975,7.8,"Adventure, Comedy, Fantasy","King Arthur, accompanied by his squire, recruits his Knights of the Round Table, including Sir Bedevere the Wise, Sir Lancelot the Brave, Sir Robin the Not-Quite-So-Brave-As-Sir-Lancelot and Sir Galahad the Pure. On the way, Arthur battles the Black Knight who, despite having had all his limbs chopped off, insists he can still fight. They reach Camelot, but Arthur decides not  to enter, as ""it is a silly place"".",/hWx1ANiWEWWyzKPN0us35HCGnhQ.jpg,Neutral
269149,tt2948356,Zootopia,2016,7.7,"Adventure, Animation, Comedy, Family","Determined to prove herself, Officer Judy Hopps, the first bunny on Zootopia's police force, jumps at the chance to crack her first case - even if it means partnering with scam-artist fox Nick Wilde to solve the mystery.",/hlK0e0wAQ3VLuJcsfIYPvb4JVud.jpg,Neutral
522212,tt4916630,Just Mercy,2019,7.9,"Crime, Drama, History","The powerful true story of Harvard-educated lawyer Bryan Stevenson, who goes to Alabama to defend the disenfranchised and wrongly condemned — including Walter McMillian, a man sentenced to death despite evidence proving his innocence. Bryan fights tirelessly for Walter with the system stacked against them.",/4YJNp1cquIkX8JxFwkKNEFQ9tgr.jpg,Neutral
665,tt0052618,Ben-Hur,1959,7.9,"Action, Adventure, Drama, History","In 25 AD, Judah Ben-Hur, a Jew in ancient Judea, opposes the occupying Roman empire.  Falsely accused by a Roman childhood friend-turned-overlord of trying to kill the Roman governor, he is put into slavery and his mother and sister are taken away as prisoners.  Three years later and freed by a grateful Roman galley commander whom he has rescued from drowning, he becomes an expert charioteer for Rome, all the while plotting to return to Judea, find and rescue his family, and avenge himself on his former friend.  All the while, the form and work of Jesus move in the background of his life...",/m4WQ1dBIrEIHZNCoAjdpxwSKWyH.jpg,Neutral
165,tt0096874,Back to the Future Part II,1989,7.8,"Adventure, Comedy, Science Fiction","Marty and Doc are at it again in this wacky sequel to the 1985 blockbuster as the time-traveling duo head to 2015 to nip some McFly family woes in the bud. But things go awry thanks to bully Biff Tannen and a pesky sports almanac. In a last-ditch attempt to set things straight, Marty finds himself bound for 1955 and face to face with his teenage parents -- again.",/hQq8xZe5uLjFzSBt4LanNP7SQjl.jpg,Neutral
502356,tt6718170,The Super Mario Bros. Movie,2023,7.8,"Adventure, Animation, Comedy, Family, Fantasy","While working underground to fix a water main, Brooklyn plumbers—and brothers—Mario and Luigi are transported down a mysterious pipe and wander into a magical new world. But when the brothers are separated, Mario embarks on an epic quest to find Luigi.",/qNBAXBIQlnOThrVvA6mA2B5ggV6.jpg,Neutral
273248,tt3460252,The Hateful Eight,2015,7.7,"Drama, Mystery, Western",Bounty hunters seek shelter from a raging blizzard and get caught up in a plot of betrayal and deception.,/jIywvdPjia2t3eKYbjVTcwBQlG8.jpg,Neutral
12104,tt0084503,Pink Floyd: The Wall,1982,8.0,"Drama, Music",A troubled rock star descends into madness in the midst of his physical and social isolation from everyone.,/aElHyIdF5jmctFGhlhhaPFsbBJC.jpg,Neutral
177572,tt2245084,Big Hero 6,2014,7.7,"Action, Adventure, Animation, Comedy, Family","A special bond develops between plus-sized inflatable robot Baymax, and prodigy Hiro Hamada, who team up with a group of friends to form a band of high-tech heroes.",/2mxS4wUimwlLmI1xp6QW6NSU361.jpg,Neutral
805,tt0063522,Rosemary's Baby,1968,7.8,"Drama, Horror, Thriller","A young couple, Rosemary and Guy, moves into an infamous New York apartment building, known by frightening legends and mysterious events, with the purpose of starting a family.",/s8pdaHjxNPLXIA1WjSTWm00RJTz.jpg,Neutral
369557,tt3544112,Sing Street,2016,7.9,"Comedy, Drama, Music, Romance",A boy growing up in Dublin during the 1980s escapes his strained family life by starting a band to impress the mysterious girl he likes.,/sUWpVlrvzU2SJbnVZqIeKulPKwk.jpg,Neutral
58496,tt1424432,Senna,2010,8.1,"Documentary, History","The remarkable story of Brazilian racing driver Ayrton Senna, charting his physical and spiritual achievements on the track and off, his quest for perfection, and the mythical status he has since attained, is the subject of Senna, a documentary feature that spans the racing legend's years as an F1 driver, from his opening season in 1984 to his untimely death a decade later.",/nZbLCbRoP6iJq5sr8daHQzjnzFh.jpg,Neutral
808,tt0126029,Shrek,2001,7.7,"Adventure, Animation, Comedy, Family, Fantasy","It ain't easy bein' green -- especially if you're a likable (albeit smelly) ogre named Shrek. On a mission to retrieve a gorgeous princess from the clutches of a fire-breathing dragon, Shrek teams up with an unlikely compatriot -- a wisecracking donkey.",/dyhaB19AICF7TO7CK2aD6KfymnQ.jpg,Neutral
587,tt0319061,Big Fish,2003,7.8,"Adventure, Drama, Fantasy","Throughout his life Edward Bloom has always been a man of big appetites, enormous passions and tall tales. In his later years, he remains a huge mystery to his son, William. Now, to get to know the real man, Will begins piecing together a true picture of his father from flashbacks of his amazing adventures.",/tjK063yCgaBAluVU72rZ6PKPH2l.jpg,Neutral
10315,tt0432283,Fantastic Mr. Fox,2009,7.8,"Adventure, Animation, Comedy, Family","The Fantastic Mr. Fox, bored with his current life, plans a heist against the three local farmers. The farmers, tired of sharing their chickens with the sly fox, seek revenge against him and his family.",/njbTizADSZg4PqeyJdDzZGooikv.jpg,Neutral
6075,tt0106519,Carlito's Way,1993,7.8,"Crime, Drama, Romance, Thriller","A Puerto-Rican ex-con, just released from prison, pledges to stay away from drugs and violence despite the pressure around him, and lead a better life outside NYC.",/g6D7mjQtndu768cusGmoEQY9fTB.jpg,Neutral
672,tt0295297,Harry Potter and the Chamber of Secrets,2002,7.7,"Adventure, Fantasy","Cars fly, trees fight back, and a mysterious house-elf comes to warn Harry Potter at the start of his second year at Hogwarts. Adventure and danger await when bloody writing on a wall announces: The Chamber Of Secrets Has Been Opened. To save Hogwarts will require all of Harry, Ron and Hermione’s magical abilities and courage.",/sdEOH0992YZ0QSxgXNIGLq1ToUi.jpg,Neutral
2108,tt0088847,The Breakfast Club,1985,7.8,"Comedy, Drama","Five high school students from different walks of life endure a Saturday detention under a power-hungry principal. The disparate group includes rebel John, princess Claire, outcast Allison, brainy Brian and Andrew, the jock. Each has a chance to tell his or her story, making the others see them a little differently -- and when the day ends, they question whether school will ever be the same.",/9nai8pRm4Ja0O265Qp6UyqXlLQ8.jpg,Neutral
80,tt0381681,Before Sunset,2004,7.8,"Drama, Romance","Nine years later, Jesse travels across Europe giving readings from a book he wrote about the night he spent in Vienna with Celine. After his reading in Paris, Celine finds him, and they spend part of the day together before Jesse has to again leave for a flight. They are both in relationships now, and Jesse has a son, but as their strong feelings for each other start to return, both confess a longing for more.",/gycdE1ARByGQcK4fYR2mgpU6OO.jpg,Neutral
20334,tt0033045,The Shop Around the Corner,1940,8.3,"Comedy, Drama, Romance","Two employees at a gift shop can barely stand one another, without realising that they are falling in love through the post as each other's anonymous pen pal.",/dZ1aEzGYRiqJwPfjS6VL7wUkHmF.jpg,Neutral
183011,tt2820466,Justice League: The Flashpoint Paradox,2013,7.9,"Action, Adventure, Animation, Science Fiction",The Flash finds himself in a war-torn alternate timeline and teams up with alternate versions of his fellow heroes to restore the timeline.,/ek9SvmkUfh5QwRGIfK0il4Dfnpe.jpg,Neutral
968,tt0072890,Dog Day Afternoon,1975,7.8,"Crime, Drama, Thriller","Based on the true story of would-be Brooklyn bank robbers John Wojtowicz and Salvatore Naturale. Sonny and Sal attempt a bank heist which quickly turns sour and escalates into a hostage situation and stand-off with the police. As Sonny's motives for the robbery are slowly revealed and things become more complicated, the heist turns into a media circus.",/3mYy8sLQWMS8tVHcac6T8sWHA6D.jpg,Neutral
117,tt0094226,The Untouchables,1987,7.8,"Crime, Drama, History, Thriller","Young Treasury Agent Eliot Ness arrives in Chicago and is determined to take down Al Capone, but it's not going to be easy because Capone has the police in his pocket. Ness meets Jim Malone, a veteran patrolman and probably the most honorable one on the force. He asks Malone to help him get Capone, but Malone warns him that if he goes after Capone, he is going to war.",/8BquGK22zCcsmBWiaIakaaPpSZb.jpg,Neutral
166428,tt2386490,How to Train Your Dragon: The Hidden World,2019,7.8,"Adventure, Animation, Family","As Hiccup fulfills his dream of creating a peaceful dragon utopia, Toothless’ discovery of an untamed, elusive mate draws the Night Fury away. When danger mounts at home and Hiccup’s reign as village chief is tested, both dragon and rider must make impossible decisions to save their kind.",/xvx4Yhf0DVH8G4LzNISpMfFBDy2.jpg,Neutral
379170,tt3845232,Sherlock: The Abominable Bride,2016,7.9,"Crime, Drama, Mystery, TV Movie",Sherlock Holmes and Dr. Watson find themselves in 1890s London in this holiday special.,/hibE8cyZs2Bm0o4WaWd1pppvjO2.jpg,Neutral
12405,tt1010048,Slumdog Millionaire,2008,7.7,"Drama, Romance","A teenager reflects on his life after being accused of cheating on the Indian version of ""Who Wants to be a Millionaire?"".",/5leCCi7ZF0CawAfM5Qo2ECKPprc.jpg,Neutral
24428,tt0848228,The Avengers,2012,7.7,"Action, Adventure, Science Fiction","When an unexpected enemy emerges and threatens global safety and security, Nick Fury, director of the international peacekeeping agency known as S.H.I.E.L.D., finds himself in need of a team to pull the world back from the brink of disaster. Spanning the globe, a daring recruitment effort begins!",/RYMX2wcKCBAr24UyPD7xwmjaTn.jpg,Neutral
492188,tt7653254,Marriage Story,2019,7.8,Drama,"A stage director and an actress struggle through a grueling, coast-to-coast divorce that pushes them to their personal extremes.",/91osxUqsq1JC0zJzB1CpAavlWu7.jpg,Neutral
45269,tt1504320,The King's Speech,2010,7.7,"Drama, History","The King's Speech tells the story of the man who became King George VI, the father of Queen Elizabeth II. After his brother abdicates, George ('Bertie') reluctantly assumes the throne. Plagued by a dreaded stutter and considered unfit to be king, Bertie engages the help of an unorthodox speech therapist named Lionel Logue. Through a set of unexpected techniques, and as a result of an unlikely friendship, Bertie is able to find his voice and boldly lead the country into war.",/uQ538BfYLDJh3GXlzRZLo0j7PFj.jpg,Neutral
380,tt0095953,Rain Man,1988,7.8,Drama,"When car dealer Charlie Babbitt learns that his estranged father has died, he returns home to Cincinnati, where he discovers that he has a savant older brother named Raymond and that his father's $3 million fortune is being left to the mental institution in which Raymond lives. Motivated by his father's money, Charlie checks Raymond out of the facility in order to return with him to Los Angeles. The brothers' cross-country trip ends up changing both their lives.",/iTNHwO896WKkaoPtpMMS74d8VNi.jpg,Neutral
491480,tt7533152,The Boy Who Harnessed the Wind,2019,7.9,"Drama, Family, History","Against all the odds, a thirteen year old boy in Malawi invents an unconventional way to save his family and village from famine.",/yOr7RxHw15MMXNxGMXSmngDqHyI.jpg,Neutral
804,tt0046250,Roman Holiday,1953,7.9,"Comedy, Drama, Romance","Overwhelmed by her suffocating schedule, touring European princess Ann takes off for a night while in Rome. When a sedative she took from her doctor kicks in, however, she falls asleep on a park bench and is found by an American reporter, Joe Bradley, who takes her back to his apartment for safety. At work the next morning, Joe finds out Ann's regal identity and bets his editor he can get exclusive interview with her, but romance soon gets in the way.",/8lI9dmz1RH20FAqltkGelY1v4BE.jpg,Neutral
654,tt0047296,On the Waterfront,1954,7.9,"Crime, Drama","Terry Malloy dreams about being a prize fighter, while tending his pigeons and running errands at the docks for Johnny Friendly, the corrupt boss of the dockers union. Terry witnesses a murder by two of Johnny's thugs, and later meets the dead man's sister and feels responsible for his death. She introduces him to Father Barry, who tries to force him to provide information for the courts that will smash the dock racketeers.",/fKjLZy9W8VxMOp5OoyWojmLVCQw.jpg,Neutral
223,tt0032976,Rebecca,1940,7.9,"Drama, Mystery, Romance, Thriller","Story of a young woman who marries a fascinating widower only to find out that she must live in the shadow of his former wife, Rebecca, who died mysteriously several years earlier. The young wife must come to grips with the terrible secret of her handsome, cold husband, Max De Winter. She must also deal with the jealous, obsessed Mrs. Danvers, the housekeeper, who will not accept her as the mistress of the house.",/1qz3qUOHnVy7dL7M7G8jSErxE4b.jpg,Neutral
322,tt0327056,Mystic River,2003,7.7,"Crime, Drama, Mystery, Thriller",The lives of three men who were childhood friends are shattered when one of them suffers a family tragedy.,/1tyi6RZzbJ9bE0g0GUf6Q7BWLvv.jpg,Neutral
162,tt0099487,Edward Scissorhands,1990,7.7,"Drama, Fantasy, Romance",A small suburban town receives a visit from a castaway unfinished science experiment named Edward.,/1RFIbuW9Z3eN9Oxw2KaQG5DfLmD.jpg,Neutral
277216,tt1398426,Straight Outta Compton,2015,7.8,"Drama, History, Music","In 1987, five young men, using brutally honest rhymes and hardcore beats, put their frustration and anger about life in the most dangerous place in America into the most powerful weapon they had: their music.  Taking us back to where it all began, Straight Outta Compton tells the true story of how these cultural rebels—armed only with their lyrics, swagger, bravado and raw talent—stood up to the authorities that meant to keep them down and formed the world’s most dangerous group, N.W.A.  And as they spoke the truth that no one had before and exposed life in the hood, their voice ignited a social revolution that is still reverberating today.",/9B63hMwU6iICtNDTISCaZQ5US7R.jpg,Neutral
419478,tt4799066,Midnight Sun,2018,7.8,"Drama, Romance","Katie, a 17-year-old, has been sheltered since childhood and confined to her house during the day by a rare disease that makes even the smallest amount of sunlight deadly. Fate intervenes when she meets Charlie and they embark on a summer romance.",/vPG2zEKPXhovPW9S91SRnwr5JM1.jpg,Neutral
272,tt0372784,Batman Begins,2005,7.7,"Action, Crime, Drama","Driven by tragedy, billionaire Bruce Wayne dedicates his life to uncovering and defeating the corruption that plagues his home, Gotham City.  Unable to work within the system, he instead creates a new identity, a symbol of fear for the criminal underworld - The Batman.",/4MpN4kIEqUjW8OPtOQJXlTdHiJV.jpg,Neutral
9806,tt0317705,The Incredibles,2004,7.7,"Action, Adventure, Animation, Family","Bob Parr has given up his superhero days to log in time as an insurance adjuster and raise his three children with his formerly heroic wife in suburbia. But when he receives a mysterious assignment, it's time to get back into costume.",/2LqaLgk4Z226KkgPJuiOQ58wvrm.jpg,Neutral
638507,tt11112140,How to Train Your Dragon: Homecoming,2019,8.1,"Action, Adventure, Animation, Family, Fantasy","It's been ten years since the dragons moved to the Hidden World, and even though Toothless doesn't live in New Berk anymore, Hiccup continues the holiday traditions he once shared with his best friend. But the Vikings of New Berk were beginning to forget about their friendship with dragons. Hiccup, Astrid, and Gobber know just what to do to keep the dragons in the villagers' hearts. And across the sea, the dragons have a plan of their own...",/kXj2Qrfm994yLeuADqbOieU1mUH.jpg,Neutral
1607,tt0106489,A Bronx Tale,1993,7.8,"Crime, Drama","Set in the Bronx during the tumultuous 1960s, an adolescent boy is torn between his honest, working-class father and a violent yet charismatic crime boss. Complicating matters is the youngster's growing attraction - forbidden in his neighborhood - for a beautiful black girl.",/sDbO6LmLYtyqAoFTPpRcMgPSCEO.jpg,Neutral
767,tt0417741,Harry Potter and the Half-Blood Prince,2009,7.7,"Adventure, Fantasy","As Lord Voldemort tightens his grip on both the Muggle and wizarding worlds, Hogwarts is no longer a safe haven. Harry suspects perils may even lie within the castle, but Dumbledore is more intent upon preparing him for the final battle fast approaching. Together they work to find the key to unlock Voldemorts defenses and to this end, Dumbledore recruits his old friend and colleague Horace Slughorn, whom he believes holds crucial information. Even as the decisive showdown looms, romance blossoms for Harry, Ron, Hermione and their classmates. Love is in the air, but danger lies ahead and Hogwarts may never be the same again.",/z7uo9zmQdQwU5ZJHFpv2Upl30i1.jpg,Neutral
7984,tt0107207,In the Name of the Father,1993,7.9,Drama,"A small time thief from Belfast, Gerry Conlon, is falsely implicated in the IRA bombing of a pub that kills several people while he is in London. He and his four friends are coerced by British police into confessing their guilt. Gerry's father and other relatives in London are also implicated in the crime. He spends fifteen years in prison with his father trying to prove his innocence.",/5HaQacOMOjA2wX1XnwnDd2VaXCf.jpg,Neutral
24238,tt0978762,Mary and Max,2009,7.9,"Animation, Comedy, Drama","A tale of friendship between two unlikely pen pals: Mary, a lonely, eight-year-old girl living in the suburbs of Melbourne, and Max, a forty-four-year old, severely obese man living in New York.",/6dxpRwrMIYoB9LeQqCulQSleFMD.jpg,Neutral
313106,tt2779318,Doctor Who: The Day of the Doctor,2013,8.2,"Adventure, Science Fiction","In 2013, something terrible is awakening in London's National Gallery; in 1562, a murderous plot is afoot in Elizabethan England; and somewhere in space an ancient battle reaches its devastating conclusion. All of reality is at stake as the Doctor's own dangerous past comes back to haunt him.",/yxLra5R61s5J4M5L3mqOY42K5md.jpg,Neutral
242582,tt2872718,Nightcrawler,2014,7.7,"Crime, Drama, Thriller","When Lou Bloom, desperate for work, muscles into the world of L.A. crime journalism, he blurs the line between observer and participant to become the star of his own story. Aiding him in his effort is Nina, a TV-news veteran.",/j9HrX8f7GbZQm1BrBiR40uFQZSb.jpg,Neutral
1700,tt0100157,Misery,1990,7.8,"Drama, Thriller","Novelist Paul Sheldon crashes his car on a snowy Colorado road. He is found by Annie Wilkes, the ""number one fan"" of Paul's heroine Misery Chastaine. Annie is also dangerously unstable, and Paul finds himself crippled, drugged, and at her mercy.",/klPO5oh1LOxiPpdDXZo1ADgpKcw.jpg,Neutral
675,tt0373889,Harry Potter and the Order of the Phoenix,2007,7.7,"Adventure, Fantasy","Returning for his fifth year of study at Hogwarts, Harry is stunned to find that his warnings about the return of Lord Voldemort have been ignored. Left with no choice, Harry takes matters into his own hands, training a small group of students to defend themselves against the dark arts.",/5aOyriWkPec0zUDxmHFP9qMmBaj.jpg,Neutral
508439,tt7146812,Onward,2020,7.7,"Adventure, Animation, Comedy, Family, Fantasy","In a suburban fantasy world, two teenage elf brothers embark on an extraordinary quest to discover if there is still a little magic left out there.",/f4aul3FyD3jv3v4bul1IrkWZvzq.jpg,Neutral
792,tt0091763,Platoon,1986,7.7,"Action, Drama, War","As a young and naive recruit in Vietnam, Chris Taylor faces a moral crisis when confronted with the horrors of war and the duality of man.",/m3mmFkPQKvPZq5exmh0bDuXlD9T.jpg,Neutral
497,tt0120689,The Green Mile,1999,8.5,"Crime, Drama, Fantasy","A supernatural tale set on death row in a Southern prison, where gentle giant John Coffey possesses the mysterious power to heal people's ailments. When the cell block's head guard, Paul Edgecomb, recognizes Coffey's miraculous gift, he tries desperately to help stave off the condemned man's execution.",/8VG8fDNiy50H4FedGwdSVUPoaJe.jpg,Surprise
122,tt0167260,The Lord of the Rings: The Return of the King,2003,8.5,"Action, Adventure, Fantasy","Aragorn is revealed as the heir to the ancient kings as he, Gandalf and the other members of the broken fellowship struggle to save Gondor from Sauron's forces. Meanwhile, Frodo and Sam take the ring closer to the heart of Mordor, the dark lord's realm.",/rCzpDGLbOoPwLjy3OAm5NUPOTrC.jpg,Surprise
157336,tt0816692,Interstellar,2014,8.4,"Adventure, Drama, Science Fiction",The adventures of a group of explorers who make use of a newly discovered wormhole to surpass the limitations on human space travel and conquer the vast distances involved in an interstellar voyage.,/gEU2QniE6E77NI6lCU6MxlNBvIx.jpg,Surprise
120,tt0120737,The Lord of the Rings: The Fellowship of the Ring,2001,8.4,"Action, Adventure, Fantasy","Young hobbit Frodo Baggins, after inheriting a mysterious ring from his uncle Bilbo, must leave his home in order to keep it from falling into the hands of its evil creator. Along the way, a fellowship is formed to protect the ringbearer and make sure that the ring arrives at its final destination: Mt. Doom, the only place where it can be destroyed.",/6oom5QYQ2yQTMJIbnvbkBL9cHo6.jpg,Surprise
1891,tt0080684,The Empire Strikes Back,1980,8.4,"Action, Adventure, Science Fiction","The epic saga continues as Luke Skywalker, in hopes of defeating the evil Galactic Empire, learns the ways of the Jedi from aging master Yoda. But Darth Vader is more determined than ever to capture Luke. Meanwhile, rebel leader Princess Leia, cocky Han Solo, Chewbacca, and droids C-3PO and R2-D2 are thrown into various stages of capture, betrayal and despair.",/nNAeTmF4CtdSgMDplXTDPOpYzsX.jpg,Surprise
324857,tt4633694,Spider-Man: Into the Spider-Verse,2018,8.4,"Action, Adventure, Animation, Science Fiction","Struggling to find his place in the world while juggling school and family, Brooklyn teenager Miles Morales is unexpectedly bitten by a radioactive spider and develops unfathomable powers just like the one and only Spider-Man. While wrestling with the implications of his new abilities, Miles discovers a super collider created by the madman Wilson ""Kingpin"" Fisk, causing others from across the Spider-Verse to be inadvertently transported to his dimension.",/iiZZdoQBEYBv6id8su7ImL0oCbD.jpg,Surprise
121,tt0167261,The Lord of the Rings: The Two Towers,2002,8.4,"Action, Adventure, Fantasy","Frodo and Sam are trekking to Mordor to destroy the One Ring of Power while Gimli, Legolas and Aragorn search for the orc-captured Merry and Pippin. All along, nefarious wizard Saruman awaits the Fellowship members at the Orthanc Tower in Isengard.",/5VTN0pR8gcqV3EPUHHfMGnJYN9L.jpg,Surprise
27205,tt1375666,Inception,2010,8.4,"Action, Adventure, Science Fiction","Cobb, a skilled thief who commits corporate espionage by infiltrating the subconscious of his targets is offered a chance to regain his old life as payment for a task considered to be impossible: ""inception"", the implantation of another person's idea into a target's subconscious.",/oYuLEt3zVCKq57qu2F8dT7NIa6f.jpg,Surprise
807,tt0114369,Se7en,1995,8.4,"Crime, Mystery, Thriller","Two homicide detectives are on a desperate hunt for a serial killer whose crimes are based on the ""seven deadly sins"" in this dark and haunting film that takes viewers from the tortured remains of one victim to the next. The seasoned Det. Sommerset researches each sin in an effort to get inside the killer's mind, while his novice partner, Mills, scoffs at his efforts to unravel the case.",/6yoghtyTpznpBik8EngEmJskVUO.jpg,Surprise
105,tt0088763,Back to the Future,1985,8.3,"Adventure, Comedy, Science Fiction","Eighties teenager Marty McFly is accidentally sent back in time to 1955, inadvertently disrupting his parents' first meeting and attracting his mother's romantic interest. Marty must repair the damage to history by rekindling his parents' romance and - with the help of his eccentric inventor friend Doc Brown - return to 1985.",/fNOH9f1aA7XRTzl1sAOx9iF553Q.jpg,Surprise
567,tt0047396,Rear Window,1954,8.4,"Mystery, Thriller",A wheelchair-bound photographer spies on his neighbors from his apartment window and becomes convinced one of them has committed murder.,/qitnZcLP7C9DLRuPpmvZ7GiEjJN.jpg,Surprise
299534,tt4154796,Avengers: Endgame,2019,8.3,"Action, Adventure, Science Fiction","After the devastating events of Avengers: Infinity War, the universe is in ruins due to the efforts of the Mad Titan, Thanos. With the help of remaining allies, the Avengers must assemble once more in order to undo Thanos' actions and restore order to the universe once and for all, no matter what consequences may be in store.",/or06FN3Dka5tukK1e9sl16pB3iy.jpg,Surprise
299536,tt4154756,Avengers: Infinity War,2018,8.3,"Action, Adventure, Science Fiction","As the Avengers and their allies have continued to protect the world from threats too large for any one hero to handle, a new danger has emerged from the cosmic shadows: Thanos. A despot of intergalactic infamy, his goal is to collect all six Infinity Stones, artifacts of unimaginable power, and use them to inflict his twisted will on all of reality. Everything the Avengers have fought for has led up to this moment - the fate of Earth and existence itself has never been more uncertain.",/7WsyChQLEftFiDOVTGkv3hFpyyt.jpg,Surprise
354912,tt2380307,Coco,2017,8.2,"Adventure, Animation, Comedy, Family, Fantasy, Music","Despite his family’s baffling generations-old ban on music, Miguel dreams of becoming an accomplished musician like his idol, Ernesto de la Cruz. Desperate to prove his talent, Miguel finds himself in the stunning and colorful Land of the Dead following a mysterious chain of events. Along the way, he meets charming trickster Hector, and together, they set off on an extraordinary journey to unlock the real story behind Miguel's family history.",/gGEsBPAijhVUFoiNpgZXqRVWJt2.jpg,Surprise
315162,tt3915174,Puss in Boots: The Last Wish,2022,8.3,"Action, Adventure, Animation, Comedy, Family, Fantasy","Puss in Boots discovers that his passion for adventure has taken its toll: He has burned through eight of his nine lives, leaving him with only one life left. Puss sets out on an epic journey to find the mythical Last Wish and restore his nine lives.",/kuf6dutpsT0vSVehic3EZIqkOBt.jpg,Surprise
603,tt0133093,The Matrix,1999,8.2,"Action, Science Fiction","Set in the 22nd century, The Matrix tells the story of a computer hacker who joins a group of underground insurgents fighting the vast and powerful computers who now rule the earth.",/f89U3ADr1oiB1s9GkdPOEpXUk5H.jpg,Surprise
11,tt0076759,Star Wars,1977,8.2,"Action, Adventure, Science Fiction",Princess Leia is captured and held hostage by the evil Imperial forces in their effort to take over the galactic Empire. Venturesome Luke Skywalker and dashing captain Han Solo team together with the loveable robot duo R2-D2 and C-3PO to rescue the beautiful princess and restore peace and justice in the Empire.,/6FfCtAuVAW8XJjZ7eWeLibRLWTw.jpg,Surprise
11324,tt1130884,Shutter Island,2010,8.2,"Drama, Mystery, Thriller","World War II soldier-turned-U.S. Marshal Teddy Daniels investigates the disappearance of a patient from a hospital for the criminally insane, but his efforts are compromised by troubling visions and a mysterious doctor.",/4GDy0PHYX3VRXUtwK5ysFbg3kEx.jpg,Surprise
1124,tt0482571,The Prestige,2006,8.2,"Drama, Mystery, Science Fiction","A mysterious story of two magicians whose intense rivalry leads them on a life-long battle for supremacy -- full of obsession, deceit and jealousy with dangerous and deadly consequences.",/Ag2B2KHKQPukjH7WutmgnnSNurZ.jpg,Surprise
185,tt0066921,A Clockwork Orange,1971,8.2,"Drama, Science Fiction","In a near-future Britain, young Alexander DeLarge and his pals get their kicks beating and raping anyone they please. When not destroying the lives of others, Alex swoons to the music of Beethoven. The state, eager to crack down on juvenile crime, gives an incarcerated Alex the option to undergo an invasive procedure that'll rob him of all personal agency. In a time when conscience is a commodity, can Alex change his tune?",/4sHeTAp65WrSSuc05nRBKddhBxO.jpg,Surprise
77,tt0209144,Memento,2000,8.2,"Mystery, Thriller","Leonard Shelby is tracking down the man who raped and murdered his wife. The difficulty of locating his wife's killer, however, is compounded by the fact that he suffers from a rare, untreatable form of short-term memory loss. Although he can recall details of life before his accident, Leonard cannot remember what happened fifteen minutes ago, where he's going, or why.",/yuNs09hvpHVU1cBTCAk9zxsL2oW.jpg,Surprise
791373,tt12361974,Zack Snyder's Justice League,2021,8.2,"Action, Adventure, Fantasy","Determined to ensure Superman's ultimate sacrifice was not in vain, Bruce Wayne aligns forces with Diana Prince with plans to recruit a team of metahumans to protect the world from an approaching threat of catastrophic proportions.",/tnAuB8q5vv7Ax9UAEje5Xi4BXik.jpg,Surprise
1585,tt0038650,It's a Wonderful Life,1946,8.3,"Drama, Family, Fantasy","A holiday favourite for generations...  George Bailey has spent his entire life giving to the people of Bedford Falls.  All that prevents rich skinflint Mr. Potter from taking over the entire town is George's modest building and loan company.  But on Christmas Eve the business's $8,000 is lost and George's troubles begin.",/mV3VcmMJN6Zwahj42dy9WwPUyRI.jpg,Surprise
508965,tt4729430,Klaus,2019,8.2,"Adventure, Animation, Comedy, Family, Fantasy","When Jesper distinguishes himself as the Postal Academy's worst student, he is sent to Smeerensburg, a small village located on an icy island above the Arctic Circle, where grumpy inhabitants barely exchange words, let alone letters. Jesper is about to give up and abandon his duty as a postman when he meets local teacher Alva and Klaus, a mysterious carpenter who lives alone in a cabin full of handmade toys.",/q125RHUDgR4gjwh1QkfYuJLYkL.jpg,Surprise
348,tt0078748,Alien,1979,8.1,"Horror, Science Fiction","During its return to the earth, commercial spaceship Nostromo intercepts a distress signal from a distant planet. When a three-member team of the crew discovers a chamber containing thousands of eggs on the planet, a creature inside one of the eggs attacks an explorer. The entire crew is unaware of the impending nightmare set to descend upon them when the alien parasite planted inside its unfortunate host is birthed.",/vfrQk5IPloGg1v9Rzbh2Eg3VGyM.jpg,Surprise
508442,tt2948372,Soul,2020,8.2,"Animation, Comedy, Drama, Family, Fantasy","Joe Gardner is a middle school teacher with a love for jazz music. After a successful audition at the Half Note Club, he suddenly gets into an accident that separates his soul from his body and is transported to the You Seminar, a center in which souls develop and gain passions before being transported to a newborn child. Joe must enlist help from the other souls-in-training, like 22, a soul who has spent eons in the You Seminar, in order to get back to Earth.",/hm58Jw4Lw8OIeECIq5qyPYhAeRJ.jpg,Surprise
426,tt0052357,Vertigo,1958,8.2,"Mystery, Romance, Thriller","A retired San Francisco detective suffering from acrophobia investigates the strange activities of an old friend's wife, all the while becoming dangerously obsessed with her.",/15uOEfqBNTVtDUT7hGBVCka0rZz.jpg,Surprise
12445,tt1201607,Harry Potter and the Deathly Hallows: Part 2,2011,8.1,"Adventure, Fantasy","Harry, Ron and Hermione continue their quest to vanquish the evil Voldemort once and for all. Just as things begin to look hopeless for the young wizards, Harry discovers a trio of magical objects that endow him with powers to rival Voldemort's formidable skills.",/c54HpQmuwXjHq2C9wmoACjxoom3.jpg,Surprise
38,tt0338013,Eternal Sunshine of the Spotless Mind,2004,8.1,"Drama, Romance, Science Fiction","Joel Barish, heartbroken that his girlfriend underwent a procedure to erase him from her memory, decides to do the same. However, as he watches his memories of her fade away, he realises that he still loves her, and may be too late to correct his mistake.",/5MwkWH9tYHv3mV9OdYTMR5qreIz.jpg,Surprise
280,tt0103064,Terminator 2: Judgment Day,1991,8.1,"Action, Science Fiction, Thriller","Nearly 10 years have passed since Sarah Connor was targeted for termination by a cyborg from the future. Now her son, John, the future leader of the resistance, is the target for a newer, more deadly terminator. Once again, the resistance has managed to send a protector back to attempt to save John and his mother Sarah.",/5M0j0B18abtBI5gi2RhfjjurTqb.jpg,Surprise
10681,tt0910970,WALL·E,2008,8.1,"Animation, Family, Science Fiction","What if mankind had to leave Earth and somebody forgot to turn the last robot off? After hundreds of years doing what he was built for, WALL•E discovers a new purpose in life when he meets a sleek search robot named EVE. EVE comes to realize that WALL•E has inadvertently stumbled upon the key to the planet's future, and races back to space to report to the humans. Meanwhile, WALL•E chases EVE across the galaxy and sets into motion one of the most imaginative adventures ever brought to the big screen.",/hbhFnRzzg6ZDmm8YAmxBnQpQIPh.jpg,Surprise
62,tt0062622,2001: A Space Odyssey,1968,8.1,"Adventure, Mystery, Science Fiction","Humanity finds a mysterious object buried beneath the lunar surface and sets off to find its origins with the help of HAL 9000, the world's most advanced super computer.",/ve72VxNqjGM69Uky4WTo2bK6rfq.jpg,Surprise
673,tt0304141,Harry Potter and the Prisoner of Azkaban,2004,8.0,"Adventure, Fantasy","Year three at Hogwarts means new fun and challenges as Harry learns the delicate art of approaching a Hippogriff, transforming shape-shifting Boggarts into hilarity and even turning back time. But the term also brings danger: soul-sucking Dementors hover over the school, an ally of the accursed He-Who-Cannot-Be-Named lurks within the castle walls, and fearsome wizard Sirius Black escapes Azkaban. And Harry will confront them all.",/aWxwnYoe8p2d2fcxOqtvAtJ72Rw.jpg,Surprise
555604,tt1488589,Guillermo del Toro's Pinocchio,2022,8.2,"Animation, Drama, Fantasy, Music","During the rise of fascism in Mussolini's Italy, a wooden boy brought magically to life struggles to live up to his father's expectations.",/vx1u0uwxdlhV2MUzj4VlcMB0N6m.jpg,Surprise
1091,tt0084787,The Thing,1982,8.0,"Horror, Mystery, Science Fiction","A team of American scientists investigate the empty, destroyed base of their Norwegian counterparts in Antarctica, only to discover a terrifying life force that can take the form of its prey.",/tzGY49kseSE9QAKk47uuDGwnSCu.jpg,Surprise
634649,tt10872600,Spider-Man: No Way Home,2021,8.0,"Action, Adventure, Science Fiction","Peter Parker is unmasked and no longer able to separate his normal life from the high-stakes of being a super-hero. When he asks for help from Doctor Strange the stakes become even more dangerous, forcing him to discover what it truly means to be Spider-Man.",/5weKu49pzJCt06OPpjvT80efnQj.jpg,Surprise
618344,tt11079148,Justice League Dark: Apokolips War,2020,8.3,"Action, Animation, Science Fiction","Earth is decimated after intergalactic tyrant Darkseid has devastated the Justice League in a poorly executed war by the DC Super Heroes. Now the remaining bastions of good – the Justice League, Teen Titans, Suicide Squad and assorted others – must regroup, strategize and take the war to Darkseid in order to save the planet and its surviving inhabitants.",/c01Y4suApJ1Wic2xLmaq1QYcfoZ.jpg,Surprise
447365,tt6791350,Guardians of the Galaxy Vol. 3,2023,8.0,"Action, Adventure, Science Fiction","Peter Quill, still reeling from the loss of Gamora, must rally his team around him to defend the universe along with protecting one of their own. A mission that, if not completed successfully, could quite possibly lead to the end of the Guardians as we know them.",/r2J02Z2OpNTctfOSN1Ydgii51I3.jpg,Surprise
15,tt0033467,Citizen Kane,1941,8.0,"Drama, Mystery","Newspaper magnate, Charles Foster Kane is taken from his mother as a boy and made the ward of a rich industrialist. As a result, every well-meaning, tyrannical or self-destructive move he makes for the rest of his life appears in some way to be a reaction to that deeply wounding event.",/sav0jxhqiH0bPr2vZFU0Kjt2nZL.jpg,Surprise
329,tt0107290,Jurassic Park,1993,7.9,"Adventure, Science Fiction","A wealthy entrepreneur secretly creates a theme park featuring living dinosaurs drawn from prehistoric DNA. Before opening day, he invites a team of experts and his two eager grandchildren to experience the park and help calm anxious investors. However, the park is anything but amusing as the security systems go off-line and the dinosaurs escape.",/oU7Oq2kFAAlGqbU4VoAE36g4hoI.jpg,Surprise
745,tt0167404,The Sixth Sense,1999,7.9,"Drama, Mystery, Thriller","Following an unexpected tragedy, child psychologist Malcolm Crowe meets a nine year old boy named Cole Sear, who is hiding a dark secret.",/4AfSDjjCy6T5LA1TMz0Lh2HlpRh.jpg,Surprise
671,tt0241527,Harry Potter and the Philosopher's Stone,2001,7.9,"Adventure, Fantasy","Harry Potter has lived under the stairs at his aunt and uncle's house his whole life. But on his 11th birthday, he learns he's a powerful wizard—with a place waiting for him at the Hogwarts School of Witchcraft and Wizardry. As he learns to harness his newfound powers with the help of the school's kindly headmaster, Harry uncovers the truth about his parents' deaths—and about the villain who's to blame.",/wuMc08IPKEatf9rnMNXvIDxqP4W.jpg,Surprise
78,tt0083658,Blade Runner,1982,7.9,"Drama, Science Fiction, Thriller","In the smog-choked dystopian Los Angeles of 2019, blade runner Rick Deckard is called out of retirement to terminate a quartet of replicants who have escaped to Earth seeking their creator for a way to extend their short life spans.",/fwhLegA6z40W0DIy6EGXhzDzlOP.jpg,Surprise
118340,tt2015381,Guardians of the Galaxy,2014,7.9,"Action, Adventure, Science Fiction","Light years from Earth, 26 years after being abducted, Peter Quill finds himself the prime target of a manhunt after discovering an orb wanted by Ronan the Accuser.",/r7vmZjiyZw9rpJMQJdXpjgiCOk9.jpg,Surprise
679,tt0090605,Aliens,1986,7.9,"Action, Science Fiction, Thriller","When Ripley's lifepod is found by a salvage crew over 50 years later, she finds that terra-formers are on the very planet they found the alien species. When the company sends a family of colonists out to investigate her story—all contact is lost with the planet and colonists. They enlist Ripley and the colonial marines to return and search for answers.",/r1x5JGpyqZU8PYhbs4UcrO1Xb6x.jpg,Surprise
213,tt0053125,North by Northwest,1959,8.0,"Mystery, Thriller","Advertising man Roger Thornhill is mistaken for a spy, triggering a deadly cross-country chase.",/ay0dOKJgyK4VEh3xakV15UgvJMF.jpg,Surprise
37257,tt0051201,Witness for the Prosecution,1957,8.2,"Crime, Drama, Mystery","When Leonard Vole is arrested for the sensational murder of a rich, middle-aged widow, the famous Sir Wilfrid Robarts agrees to appear on his behalf. Sir Wilfrid, recovering from a near-fatal heart attack, is supposed to be on a diet of bland, civil suits—but the lure of the criminal courts is too much for him, especially when the case is so difficult.",/mM5Cad2ESBprh6ucPnMzMfI34Cu.jpg,Surprise
210577,tt2267998,Gone Girl,2014,7.9,"Drama, Mystery, Thriller","With his wife's disappearance having become the focus of an intense media circus, a man sees the spotlight turned on him when it's suspected that he may not be innocent.",/qymaJhucquUwjpb8oiqynMeXnID.jpg,Surprise
752,tt0434409,V for Vendetta,2006,7.9,"Action, Science Fiction, Thriller","In a world in which Great Britain has become a fascist state, a masked vigilante known only as “V” conducts guerrilla warfare against the oppressive British government. When V rescues a young woman from the secret police, he finds in her an ally with whom he can continue his fight to free the people of Britain.",/1avD1JeaRiJX5M4ahPdZPypGoGN.jpg,Surprise
1892,tt0086190,Return of the Jedi,1983,7.9,"Action, Adventure, Science Fiction","Luke Skywalker leads a mission to rescue his friend Han Solo from the clutches of Jabba the Hutt, while the Emperor seeks to destroy the Rebellion once and for all with a second dreaded Death Star.",/jQYlydvHm3kUix1f8prMucrplhm.jpg,Surprise
122906,tt2194499,About Time,2013,7.9,"Drama, Fantasy, Romance","The night after another unsatisfactory New Year's party, Tim's father tells his son that the men in his family have always had the ability to travel through time. They can't change history, but they can change what happens and has happened in their own lives. Thus begins the start of a lesson in learning to appreciate life itself as it is, as it comes, and most importantly, the people living alongside us.",/iR1bVfURbN7r1C46WHFbwCkVve.jpg,Surprise
441130,tt5198068,Wolfwalkers,2020,8.2,"Adventure, Animation, Family, Fantasy","In a time of superstition and magic, when wolves are seen as demonic and nature an evil to be tamed, a young apprentice hunter comes to Ireland with her father to wipe out the last pack. But when she saves a wild native girl, their friendship leads her to discover the world of the Wolfwalkers and transform her into the very thing her father is tasked to destroy.",/ehAKuE48okTuonq6TpsNQj8vFTC.jpg,Surprise
339877,tt3262342,Loving Vincent,2017,8.0,"Animation, Drama, History, Mystery",A young man arrives at the last hometown of painter Vincent van Gogh to deliver the troubled artist's final letter and ends up investigating his final days there.,/56sq57kDm7XgyXBYrgJLumo0Jac.jpg,Surprise
10386,tt0129167,The Iron Giant,1999,7.9,"Animation, Drama, Family, Science Fiction","In the small town of Rockwell, Maine in October 1957, a giant metal machine befriends a nine-year-old boy and ultimately finds its humanity by unselfishly saving people from their own fears and prejudices.",/mThOw5rXLtdbY3WmuTsS9zsQBMG.jpg,Surprise
664767,tt9580138,Mortal Kombat Legends: Scorpion's Revenge,2020,8.1,"Action, Animation, Fantasy","After the vicious slaughter of his family by stone-cold mercenary Sub-Zero, Hanzo Hasashi is exiled to the torturous Netherrealm. There, in exchange for his servitude to the sinister Quan Chi, he’s given a chance to avenge his family – and is resurrected as Scorpion, a lost soul bent on revenge. Back on Earthrealm, Lord Raiden gathers a team of elite warriors – Shaolin monk Liu Kang, Special Forces officer Sonya Blade and action star Johnny Cage – an unlikely band of heroes with one chance to save humanity. To do this, they must defeat Shang Tsung’s horde of Outworld gladiators and reign over the Mortal Kombat tournament.",/4VlXER3FImHeFuUjBShFamhIp9M.jpg,Surprise
527774,tt5109280,Raya and the Last Dragon,2021,7.9,"Action, Adventure, Animation, Family, Fantasy","Long ago, in the fantasy world of Kumandra, humans and dragons lived together in harmony. But when an evil force threatened the land, the dragons sacrificed themselves to save humanity. Now, 500 years later, that same evil has returned and it’s up to a lone warrior, Raya, to track down the legendary last dragon to restore the fractured land and its divided people.",/lPsD10PP4rgUGiGR4CCXA6iY0QQ.jpg,Surprise
152601,tt1798709,Her,2013,7.9,"Drama, Romance, Science Fiction","In the not so distant future, Theodore, a lonely writer, purchases a newly developed operating system designed to meet the user's every need. To Theodore's surprise, a romantic relationship develops between him and his operating system. This unconventional love story blends science fiction and romance in a sweet tale that explores the nature of love and the ways that technology isolates and connects us all.",/eCOtqtfvn7mxGl6nfmq4b1exJRc.jpg,Surprise
508943,tt12801262,Luca,2021,7.9,"Adventure, Animation, Comedy, Family, Fantasy",Luca and his best friend Alberto experience an unforgettable summer on the Italian Riviera. But all the fun is threatened by a deeply-held secret: they are sea monsters from another world just below the water’s surface.,/8tABCBpzu3mZbzMB3sRzMEHEvJi.jpg,Surprise
546554,tt8946378,Knives Out,2019,7.8,"Comedy, Crime, Mystery","When renowned crime novelist Harlan Thrombey is found dead at his estate just after his 85th birthday, the inquisitive and debonair Detective Benoit Blanc is mysteriously enlisted to investigate. From Harlan's dysfunctional family to his devoted staff, Blanc sifts through a web of red herrings and self-serving lies to uncover the truth behind Harlan's untimely death.",/pThyQovXQrw2m0s9x82twj48Jq4.jpg,Surprise
522402,tt3420504,Finch,2021,7.9,"Adventure, Drama, Science Fiction","On a post-apocalyptic Earth, a robot, built to protect the life of his dying creator's beloved dog, learns about life, love, friendship, and what it means to be human.",/jKuDyqx7jrjiR9cDzB5pxzhJAdv.jpg,Surprise
829,tt0071315,Chinatown,1974,7.9,"Crime, Drama, Mystery, Thriller","Private eye Jake Gittes lives off of the murky moral climate of sunbaked, pre-World War II Southern California. Hired by a beautiful socialite to investigate her husband's extra-marital affair, Gittes is swept into a maelstrom of double dealings and deadly deceits, uncovering a web of personal and political scandals that come crashing together.",/mQJz8J4naOA7RmCtypTPjgXZIMY.jpg,Surprise
14836,tt0327597,Coraline,2009,7.9,"Animation, Family, Fantasy","A young girl discovers an idealized parallel universe behind a secret door in her new home, unaware that it contains a sinister secret.",/4jeFXQYytChdZYE9JYO7Un87IlW.jpg,Surprise
674,tt0330373,Harry Potter and the Goblet of Fire,2005,7.8,"Adventure, Fantasy","When Harry Potter's name emerges from the Goblet of Fire, he becomes a competitor in a grueling battle for glory among three wizarding schools—the Triwizard Tournament. But since Harry never submitted his name for the Tournament, who did? Now Harry must confront a deadly dragon, fierce water demons and an enchanted maze only to find himself in the cruel grasp of He Who Must Not Be Named.",/fECBtHlr0RB3foNHDiCBXeg9Bv9.jpg,Surprise
9479,tt0107688,The Nightmare Before Christmas,1993,7.8,"Animation, Family, Fantasy","Tired of scaring humans every October 31 with the same old bag of tricks, Jack Skellington, the spindly king of Halloween Town, kidnaps Santa Claus and plans to deliver shrunken heads and other ghoulish gifts to children on Christmas morning. But as Christmas approaches, Jack's rag-doll girlfriend, Sally, tries to foil his misguided plans.",/oQffRNjK8e19rF7xVYEN8ew0j7b.jpg,Surprise
2062,tt0382932,Ratatouille,2007,7.8,"Animation, Comedy, Family, Fantasy","Remy, a resident of Paris, appreciates good food and has quite a sophisticated palate. He would love to become a chef so he can create and enjoy culinary masterpieces to his heart's delight. The only problem is, Remy is a rat. When he winds up in the sewer beneath one of Paris' finest restaurants, the rodent gourmet finds himself ideally placed to realize his dream.",/t3vaWRPSf6WjDSamIkKDs1iQWna.jpg,Surprise
10191,tt0892769,How to Train Your Dragon,2010,7.8,"Adventure, Animation, Family, Fantasy","As the son of a Viking leader on the cusp of manhood, shy Hiccup Horrendous Haddock III faces a rite of passage: he must kill a dragon to prove his warrior mettle. But after downing a feared dragon, he realizes that he no longer wants to destroy it, and instead befriends the beast – which he names Toothless – much to the chagrin of his warrior father.",/ygGmAO60t8GyqUo9xYeYxSZAR3b.jpg,Surprise
263115,tt3315342,Logan,2017,7.8,"Action, Drama, Science Fiction","In the near future, a weary Logan cares for an ailing Professor X in a hideout on the Mexican border. But Logan's attempts to hide from the world and his legacy are upended when a young mutant arrives, pursued by dark forces.",/fnbjcRDYn6YviCcePDnGdyAkYsB.jpg,Surprise
22,tt0325980,Pirates of the Caribbean: The Curse of the Black Pearl,2003,7.8,"Action, Adventure, Fantasy","Jack Sparrow, a freewheeling 18th-century pirate, quarrels with a rival pirate bent on pillaging Port Royal. When the governor's daughter is kidnapped, Sparrow decides to help the girl's love save her.",/z8onk7LV9Mmw6zKz4hT6pzzvmvl.jpg,Surprise
141,tt0246578,Donnie Darko,2001,7.8,"Drama, Fantasy, Mystery","After narrowly escaping a bizarre accident, a troubled teenager is plagued by visions of a large bunny rabbit that manipulates him to commit a series of crimes.",/j73zf3TjWR9j8pHLndaHWh0YWvN.jpg,Surprise
31011,tt0485947,Mr. Nobody,2009,7.8,"Drama, Fantasy, Romance, Science Fiction","Nemo Nobody leads an ordinary existence with his wife and 3 children; one day, he wakes up as a mortal centenarian in the year 2092.",/qNkIONc4Rgmzo23ph7qWp9QfVnW.jpg,Surprise
537061,tt10515852,Steven Universe: The Movie,2019,8.3,"Action, Adventure, Animation, Comedy, Drama, Fantasy, Music, Science Fiction, TV Movie","Two years after bringing peace to the galaxy, Steven Universe sees his past come back to haunt him in the form of a deranged Gem who wants to destroy the Earth.",/8mRgpubxHqnqvENK4Bei30xMDvy.jpg,Surprise
1018,tt0166924,Mulholland Drive,2001,7.8,"Drama, Mystery, Thriller","Blonde Betty Elms has only just arrived in Hollywood to become a movie star when she meets an enigmatic brunette with amnesia. Meanwhile, as the two set off to solve the second woman's identity, filmmaker Adam Kesher runs into ominous trouble while casting his latest project.",/tVxGt7uffLVhIIcwuldXOMpFBPX.jpg,Surprise
545611,tt6710474,Everything Everywhere All at Once,2022,7.8,"Action, Adventure, Science Fiction","An aging Chinese immigrant is swept up in an insane adventure, where she alone can save what's important to her by connecting with the lives she could have led in other universes.",/rKvCys0fMIIi1X9rmJBxTPLAtoU.jpg,Surprise
438631,tt1160419,Dune,2021,7.8,"Adventure, Science Fiction","Paul Atreides, a brilliant and gifted young man born into a great destiny beyond his understanding, must travel to the most dangerous planet in the universe to ensure the future of his family and his people. As malevolent forces explode into conflict over the planet's exclusive supply of the most precious resource in existence-a commodity capable of unlocking humanity's greatest potential-only those who can conquer their fear will survive.",/d5NXSklXo0qyIYkgV94XAgMIckC.jpg,Surprise
12444,tt0926084,Harry Potter and the Deathly Hallows: Part 1,2010,7.8,"Adventure, Fantasy","Harry, Ron and Hermione walk away from their last year at Hogwarts to find and destroy the remaining Horcruxes, putting an end to Voldemort's bid for immortality. But with Harry's beloved Dumbledore dead and Voldemort's unscrupulous Death Eaters on the loose, the world is more dangerous than ever.",/iGoXIpQb7Pot00EEdwpwPajheZ5.jpg,Surprise
482321,tt7504818,Ron's Gone Wrong,2021,8.0,"Animation, Comedy, Family, Science Fiction","In a world where walking, talking, digitally connected bots have become children's best friends, an 11-year-old finds that his robot buddy doesn't quite work the same as the others do.",/2gq9sEE2iDRqKx8OiZP6mYSTq4.jpg,Surprise
452522,tt0278784,Twin Peaks,1989,8.4,"Crime, Drama, Mystery, TV Movie","An idiosyncratic FBI agent investigates the murder of a young woman in the even more idiosyncratic town of Twin Peaks. (This standalone version of the series pilot was produced for the European VHS market and has an alternate, closed ending.)",/Apg4fMfr1Wi19Ilu5HXh4nClCv9.jpg,Surprise
1092,tt0041959,The Third Man,1949,7.9,"Mystery, Thriller","In postwar Vienna, Austria, Holly Martins, a writer of pulp Westerns, arrives penniless as a guest of his childhood chum Harry Lime, only to learn he has died. Martins develops a conspiracy theory after learning of a ""third man"" present at the time of Harry's death, running into interference from British officer Major Calloway, and falling head-over-heels for Harry's grief-stricken lover, Anna.",/oIF3l7Dxp7Eyye10BNyM611wtKa.jpg,Surprise
762,tt0071853,Monty Python and the Holy Grail,1975,7.8,"Adventure, Comedy, Fantasy","King Arthur, accompanied by his squire, recruits his Knights of the Round Table, including Sir Bedevere the Wise, Sir Lancelot the Brave, Sir Robin the Not-Quite-So-Brave-As-Sir-Lancelot and Sir Galahad the Pure. On the way, Arthur battles the Black Knight who, despite having had all his limbs chopped off, insists he can still fight. They reach Camelot, but Arthur decides not  to enter, as ""it is a silly place"".",/hWx1ANiWEWWyzKPN0us35HCGnhQ.jpg,Surprise
165,tt0096874,Back to the Future Part II,1989,7.8,"Adventure, Comedy, Science Fiction","Marty and Doc are at it again in this wacky sequel to the 1985 blockbuster as the time-traveling duo head to 2015 to nip some McFly family woes in the bud. But things go awry thanks to bully Biff Tannen and a pesky sports almanac. In a last-ditch attempt to set things straight, Marty finds himself bound for 1955 and face to face with his teenage parents -- again.",/hQq8xZe5uLjFzSBt4LanNP7SQjl.jpg,Surprise
502356,tt6718170,The Super Mario Bros. Movie,2023,7.8,"Adventure, Animation, Comedy, Family, Fantasy","While working underground to fix a water main, Brooklyn plumbers—and brothers—Mario and Luigi are transported down a mysterious pipe and wander into a magical new world. But when the brothers are separated, Mario embarks on an epic quest to find Luigi.",/qNBAXBIQlnOThrVvA6mA2B5ggV6.jpg,Surprise
273248,tt3460252,The Hateful Eight,2015,7.7,"Drama, Mystery, Western",Bounty hunters seek shelter from a raging blizzard and get caught up in a plot of betrayal and deception.,/jIywvdPjia2t3eKYbjVTcwBQlG8.jpg,Surprise
110416,tt1865505,Song of the Sea,2014,8.0,"Animation, Family, Fantasy","The story of the last Seal Child’s journey home. After their mother’s disappearance, Ben and Saoirse are sent to live with Granny in the city. When they resolve to return to their home by the sea, their journey becomes a race against time as they are drawn into a world Ben knows only from his mother’s folktales. But this is no bedtime story; these fairy folk have been in our world far too long. It soon becomes clear to Ben that Saoirse is the key to their survival.",/3DBX7QOEzWPNcDhqXInk6GBEvhK.jpg,Surprise
808,tt0126029,Shrek,2001,7.7,"Adventure, Animation, Comedy, Family, Fantasy","It ain't easy bein' green -- especially if you're a likable (albeit smelly) ogre named Shrek. On a mission to retrieve a gorgeous princess from the clutches of a fire-breathing dragon, Shrek teams up with an unlikely compatriot -- a wisecracking donkey.",/dyhaB19AICF7TO7CK2aD6KfymnQ.jpg,Surprise
587,tt0319061,Big Fish,2003,7.8,"Adventure, Drama, Fantasy","Throughout his life Edward Bloom has always been a man of big appetites, enormous passions and tall tales. In his later years, he remains a huge mystery to his son, William. Now, to get to know the real man, Will begins piecing together a true picture of his father from flashbacks of his amazing adventures.",/tjK063yCgaBAluVU72rZ6PKPH2l.jpg,Surprise
2118,tt0119488,L.A. Confidential,1997,7.8,"Crime, Mystery, Thriller",Three detectives in the corrupt and brutal L.A. police force of the 1950s use differing methods to uncover a conspiracy behind the shotgun slayings of the patrons at an all-night diner.,/lWCgf5sD5FpMljjpkRhcC8pXcch.jpg,Surprise
672,tt0295297,Harry Potter and the Chamber of Secrets,2002,7.7,"Adventure, Fantasy","Cars fly, trees fight back, and a mysterious house-elf comes to warn Harry Potter at the start of his second year at Hogwarts. Adventure and danger await when bloody writing on a wall announces: The Chamber Of Secrets Has Been Opened. To save Hogwarts will require all of Harry, Ron and Hermione’s magical abilities and courage.",/sdEOH0992YZ0QSxgXNIGLq1ToUi.jpg,Surprise
183011,tt2820466,Justice League: The Flashpoint Paradox,2013,7.9,"Action, Adventure, Animation, Science Fiction",The Flash finds himself in a war-torn alternate timeline and teams up with alternate versions of his fellow heroes to restore the timeline.,/ek9SvmkUfh5QwRGIfK0il4Dfnpe.jpg,Surprise
766507,tt11866324,Prey,2022,7.8,"Action, Science Fiction, Thriller","When danger threatens her camp, the fierce and highly skilled Comanche warrior Naru sets out to protect her people. But the prey she stalks turns out to be a highly evolved alien predator with a technically advanced arsenal.",/ujr5pztc1oitbe7ViMUOilFaJ7s.jpg,Surprise
379170,tt3845232,Sherlock: The Abominable Bride,2016,7.9,"Crime, Drama, Mystery, TV Movie",Sherlock Holmes and Dr. Watson find themselves in 1890s London in this holiday special.,/hibE8cyZs2Bm0o4WaWd1pppvjO2.jpg,Surprise
24428,tt0848228,The Avengers,2012,7.7,"Action, Adventure, Science Fiction","When an unexpected enemy emerges and threatens global safety and security, Nick Fury, director of the international peacekeeping agency known as S.H.I.E.L.D., finds himself in need of a team to pull the world back from the brink of disaster. Spanning the globe, a daring recruitment effort begins!",/RYMX2wcKCBAr24UyPD7xwmjaTn.jpg,Surprise
10020,tt0101414,Beauty and the Beast,1991,7.7,"Animation, Family, Fantasy, Romance","Follow the adventures of Belle, a bright young woman who finds herself in the castle of a prince who's been turned into a mysterious beast. With the help of the castle's enchanted staff, Belle soon learns the most important lesson of all -- that true beauty comes from within.",/hUJ0UvQ5tgE2Z9WpfuduVSdiCiU.jpg,Surprise
223,tt0032976,Rebecca,1940,7.9,"Drama, Mystery, Romance, Thriller","Story of a young woman who marries a fascinating widower only to find out that she must live in the shadow of his former wife, Rebecca, who died mysteriously several years earlier. The young wife must come to grips with the terrible secret of her handsome, cold husband, Max De Winter. She must also deal with the jealous, obsessed Mrs. Danvers, the housekeeper, who will not accept her as the mistress of the house.",/1qz3qUOHnVy7dL7M7G8jSErxE4b.jpg,Surprise
322,tt0327056,Mystic River,2003,7.7,"Crime, Drama, Mystery, Thriller",The lives of three men who were childhood friends are shattered when one of them suffers a family tragedy.,/1tyi6RZzbJ9bE0g0GUf6Q7BWLvv.jpg,Surprise
162,tt0099487,Edward Scissorhands,1990,7.7,"Drama, Fantasy, Romance",A small suburban town receives a visit from a castaway unfinished science experiment named Edward.,/1RFIbuW9Z3eN9Oxw2KaQG5DfLmD.jpg,Surprise
638507,tt11112140,How to Train Your Dragon: Homecoming,2019,8.1,"Action, Adventure, Animation, Family, Fantasy","It's been ten years since the dragons moved to the Hidden World, and even though Toothless doesn't live in New Berk anymore, Hiccup continues the holiday traditions he once shared with his best friend. But the Vikings of New Berk were beginning to forget about their friendship with dragons. Hiccup, Astrid, and Gobber know just what to do to keep the dragons in the villagers' hearts. And across the sea, the dragons have a plan of their own...",/kXj2Qrfm994yLeuADqbOieU1mUH.jpg,Surprise
992,tt0015324,Sherlock Jr.,1924,8.1,"Action, Comedy, Mystery","A film projectionist longs to be a detective, and puts his meagre skills to work when he is framed by a rival for stealing his girlfriend's father's pocketwatch.",/1G9r3rqtbFAQuyWKOZm4Y5J5s7Q.jpg,Surprise
767,tt0417741,Harry Potter and the Half-Blood Prince,2009,7.7,"Adventure, Fantasy","As Lord Voldemort tightens his grip on both the Muggle and wizarding worlds, Hogwarts is no longer a safe haven. Harry suspects perils may even lie within the castle, but Dumbledore is more intent upon preparing him for the final battle fast approaching. Together they work to find the key to unlock Voldemorts defenses and to this end, Dumbledore recruits his old friend and colleague Horace Slughorn, whom he believes holds crucial information. Even as the decisive showdown looms, romance blossoms for Harry, Ron, Hermione and their classmates. Love is in the air, but danger lies ahead and Hogwarts may never be the same again.",/z7uo9zmQdQwU5ZJHFpv2Upl30i1.jpg,Surprise
313106,tt2779318,Doctor Who: The Day of the Doctor,2013,8.2,"Adventure, Science Fiction","In 2013, something terrible is awakening in London's National Gallery; in 1562, a murderous plot is afoot in Elizabethan England; and somewhere in space an ancient battle reaches its devastating conclusion. All of reality is at stake as the Doctor's own dangerous past comes back to haunt him.",/yxLra5R61s5J4M5L3mqOY42K5md.jpg,Surprise
142061,tt2166834,"Batman: The Dark Knight Returns, Part 2",2013,7.9,"Action, Animation, Mystery, Science Fiction",Batman has stopped the reign of terror that The Mutants had cast upon his city.  Now an old foe wants a reunion and the government wants The Man of Steel to put a stop to Batman.,/arEZYd6uMOFTILne9Ux0A8qctMe.jpg,Surprise
675,tt0373889,Harry Potter and the Order of the Phoenix,2007,7.7,"Adventure, Fantasy","Returning for his fifth year of study at Hogwarts, Harry is stunned to find that his warnings about the return of Lord Voldemort have been ignored. Left with no choice, Harry takes matters into his own hands, training a small group of students to defend themselves against the dark arts.",/5aOyriWkPec0zUDxmHFP9qMmBaj.jpg,Surprise
508439,tt7146812,Onward,2020,7.7,"Adventure, Animation, Comedy, Family, Fantasy","In a suburban fantasy world, two teenage elf brothers embark on an extraordinary quest to discover if there is still a little magic left out there.",/f4aul3FyD3jv3v4bul1IrkWZvzq.jpg,Surprise
414906,tt1877830,The Batman,2022,7.7,"Crime, Mystery, Thriller","In his second year of fighting crime, Batman uncovers corruption in Gotham City that connects to his own family while facing a serial killer known as the Riddler.",/74xTEgt7R36Fpooo50r9T25onhq.jpg,Surprise
286217,tt3659388,The Martian,2015,7.7,"Adventure, Drama, Science Fiction","During a manned mission to Mars, Astronaut Mark Watney is presumed dead after a fierce storm and left behind by his crew. But Watney has survived and finds himself stranded and alone on the hostile planet. With only meager supplies, he must draw upon his ingenuity, wit and spirit to subsist and find a way to signal to Earth that he is alive.",/5BHuvQ6p9kfc091Z8RiFNhCwL4b.jpg,Surprise
550205,tt5562070,Wish Dragon,2021,8.0,"Animation, Comedy, Family, Fantasy",Determined teen Din is longing to reconnect with his childhood best friend when he meets a wish-granting dragon who shows him the magic of possibilities.,/lnPf6hzANL6pVQTxUlsNYSuhT5l.jpg,Surprise
100402,tt1843866,Captain America: The Winter Soldier,2014,7.7,"Action, Adventure, Science Fiction","After the cataclysmic events in New York with The Avengers, Steve Rogers, aka Captain America is living quietly in Washington, D.C. and trying to adjust to the modern world. But when a S.H.I.E.L.D. colleague comes under attack, Steve becomes embroiled in a web of intrigue that threatens to put the world at risk. Joining forces with the Black Widow, Captain America struggles to expose the ever-widening conspiracy while fighting off professional assassins sent to silence him at every turn. When the full scope of the villainous plot is revealed, Captain America and the Black Widow enlist the help of a new ally, the Falcon. However, they soon find themselves up against an unexpected and formidable enemy—the Winter Soldier.",/tVFRpFw3xTedgPGqxW0AOI8Qhh0.jpg,Surprise
82702,tt1646971,How to Train Your Dragon 2,2014,7.7,"Action, Adventure, Animation, Comedy, Family, Fantasy","Five years have passed since Hiccup and Toothless united the dragons and Vikings of Berk. Now, they spend their time charting unmapped territories. During one of their adventures, the pair discover a secret cave that houses hundreds of wild dragons -- and a mysterious dragon rider who turns out to be Hiccup's mother, Valka. Hiccup and Toothless then find themselves at the center of a battle to protect Berk from a power-hungry warrior named Drago.",/d13Uj86LdbDLrfDoHR5aDOFYyJC.jpg,Surprise
1726,tt0371746,Iron Man,2008,7.6,"Action, Adventure, Science Fiction","After being held captive in an Afghan cave, billionaire engineer Tony Stark creates a unique weaponized suit of armor to fight evil.",/78lPtwv72eTNqFW9COBYI0dWDJa.jpg,Surprise
399566,tt5034838,Godzilla vs. Kong,2021,7.7,"Action, Science Fiction, Thriller","In a time when monsters walk the Earth, humanity’s fight for its future sets Godzilla and Kong on a collision course that will see the two most powerful forces of nature on the planet collide in a spectacular battle for the ages.",/pgqgaUx1cJb5oZQQ5v0tNARCeBp.jpg,Surprise
976573,tt15789038,Elemental,2023,7.8,"Animation, Comedy, Family, Fantasy, Romance","In a city where fire, water, land and air residents live together, a fiery young woman and a go-with-the-flow guy will discover something elemental: how much they have in common.",/4Y1WNkd88JXmGfhtWR7dmDAo1T2.jpg,Surprise
76600,tt1630029,Avatar: The Way of Water,2022,7.7,"Action, Adventure, Science Fiction","Set more than a decade after the events of the first film, learn the story of the Sully family (Jake, Neytiri, and their kids), the trouble that follows them, the lengths they go to keep each other safe, the battles they fight to stay alive, and the tragedies they endure.",/t6HIqrRAclMCA60NsSmeqe9RmNV.jpg,Surprise
218,tt0088247,The Terminator,1984,7.6,"Action, Science Fiction, Thriller","In the post-apocalyptic future, reigning tyrannical supercomputers teleport a cyborg assassin known as the ""Terminator"" back to 1984 to kill Sarah Connor, whose unborn son is destined to lead insurgents against 21st century mechanical hegemony. Meanwhile, the human-resistance movement dispatches a lone warrior to safeguard Sarah. Can he stop the virtually indestructible killing machine?",/hzXSE66v6KthZ8nPoLZmsi2G05j.jpg,Surprise
812,tt0103639,Aladdin,1992,7.6,"Adventure, Animation, Family, Fantasy, Romance","Princess Jasmine grows tired of being forced to remain in the palace, so she sneaks out into the marketplace, in disguise, where she meets street urchin Aladdin. The couple falls in love, although Jasmine may only marry a prince. After being thrown in jail, Aladdin becomes embroiled in a plot to find a mysterious lamp, with which the evil Jafar hopes to rule the land.",/fhyun1mja3WwQsYr1a3x1x9BttP.jpg,Surprise
585511,tt7214954,Luck,2022,7.8,"Adventure, Animation, Comedy, Fantasy","Suddenly finding herself in the never-before-seen Land of Luck, the unluckiest person in the world must unite with the magical creatures there to turn her luck around.",/1HOYvwGFioUFL58UVvDRG6beEDm.jpg,Surprise
283995,tt3896198,Guardians of the Galaxy Vol. 2,2017,7.6,"Action, Adventure, Science Fiction",The Guardians must fight to keep their newfound family together as they unravel the mysteries of Peter Quill's true parentage.,/y4MBh0EjBlMuOzv9axM4qJlmhzz.jpg,Surprise
419430,tt5052448,Get Out,2017,7.6,"Horror, Mystery, Thriller","Chris and his girlfriend Rose go upstate to visit her parents for the weekend. At first, Chris reads the family's overly accommodating behavior as nervous attempts to deal with their daughter's interracial relationship, but as the weekend progresses, a series of increasingly disturbing discoveries lead him to a truth that he never could have imagined.",/mE24wUCfjK8AoBBjaMjho7Rczr7.jpg,Surprise
2493,tt0093779,The Princess Bride,1987,7.7,"Adventure, Comedy, Family, Fantasy, Romance","In this enchantingly cracked fairy tale, the beautiful Princess Buttercup and the dashing Westley must overcome staggering odds to find happiness amid six-fingered swordsmen, murderous princes, Sicilians and rodents of unusual size. But even death can't stop these true lovebirds from triumphing.",/dvjqlp2sAhUeFjUOfQDgqwpphHj.jpg,Surprise
568124,tt2953050,Encanto,2021,7.6,"Animation, Comedy, Family, Fantasy","The tale of an extraordinary family, the Madrigals, who live hidden in the mountains of Colombia, in a magical house, in a vibrant town, in a wondrous, charmed place called an Encanto. The magic of the Encanto has blessed every child in the family—every child except one, Mirabel. But when she discovers that the magic surrounding the Encanto is in danger, Mirabel decides that she, the only ordinary Madrigal, might just be her exceptional family's last hope.",/4j0PNHkMr5ax3IA8tjtxcmPU3QT.jpg,Surprise
137113,tt1631867,Edge of Tomorrow,2014,7.6,"Action, Science Fiction","Major Bill Cage is an officer who has never seen a day of combat when he is unceremoniously demoted and dropped into combat. Cage is killed within minutes, managing to take an alpha alien down with him. He awakens back at the beginning of the same day and is forced to fight and die again... and again - as physical contact with the alien has thrown him into a time loop.",/xjw5trHV7Mwo61P0kCTy8paEkgO.jpg,Surprise
329865,tt2543164,Arrival,2016,7.6,"Drama, Mystery, Science Fiction","Taking place after alien crafts land around the world, an expert linguist is recruited by the military to determine whether they come in peace or are a threat.",/x2FJsf1ElAgr63Y3PNPtJrcmpoe.jpg,Surprise
284053,tt3501632,Thor: Ragnarok,2017,7.6,"Action, Adventure, Science Fiction","Thor is imprisoned on the other side of the universe and finds himself in a race against time to get back to Asgard to stop Ragnarok, the destruction of his home-world and the end of Asgardian civilization, at the hands of a powerful new threat, the ruthless Hela.",/rzRwTcFvttcN1ZpX2xv4j3tSdJu.jpg,Surprise
995133,tt22667880,"The Boy, the Mole, the Fox and the Horse",2022,8.4,"Adventure, Animation, Family, Fantasy","The unlikely friendship of a boy, a mole, a fox and a horse traveling together in the boy’s search for home.",/oQRgyQCzcyZvE6w5heM9ktVY0LT.jpg,Surprise
333339,tt1677720,Ready Player One,2018,7.6,"Action, Adventure, Science Fiction","When the creator of a popular video game system dies, a virtual contest is created to compete for his fortune.",/pU1ULUq8D3iRxl1fdX2lZIzdHuI.jpg,Surprise
68,tt0088846,Brazil,1985,7.7,"Comedy, Science Fiction","Low-level bureaucrat Sam Lowry escapes the monotony of his day-to-day life through a recurring daydream of himself as a virtuous hero saving a beautiful damsel. Investigating a case that led to the wrongful arrest and eventual death of an innocent man instead of wanted terrorist Harry Tuttle, he meets the woman from his daydream, and in trying to help her gets caught in a web of mistaken identities, mindless bureaucracy and lies.",/d0PibPzCK4fVikjoD1PqHovbvkt.jpg,Surprise
76341,tt1392190,Mad Max: Fury Road,2015,7.6,"Action, Adventure, Science Fiction","An apocalyptic story set in the furthest reaches of our planet, in a stark desert landscape where humanity is broken, and most everyone is crazed fighting for the necessities of life. Within this world exist two rebels on the run who just might be able to restore order.",/8tZYtuWezp8JbcsvHYO0O46tFbo.jpg,Surprise
19995,tt0499549,Avatar,2009,7.6,"Action, Adventure, Fantasy, Science Fiction","In the 22nd century, a paraplegic Marine is dispatched to the moon Pandora on a unique mission, but becomes torn between following orders and protecting an alien civilization.",/kyeqWdyUXW608qlYkRqosgbbJyK.jpg,Surprise
137,tt0107048,Groundhog Day,1993,7.6,"Comedy, Drama, Fantasy, Romance","A narcissistic TV weatherman, along with his attractive-but-distant producer, and his mawkish cameraman, is sent to report on Groundhog Day in the small town of Punxsutawney, where he finds himself repeating the same day over and over.",/wIUz1J3RBBu88NAwTqLdHu4sGOP.jpg,Surprise
63,tt0114746,Twelve Monkeys,1995,7.6,"Mystery, Science Fiction, Thriller","In the year 2035, convict James Cole reluctantly volunteers to be sent back in time to discover the origin of a deadly virus that wiped out nearly all of the earth's population and forced the survivors into underground communities. But when Cole is mistakenly sent to 1990 instead of 1996, he's arrested and locked up in a mental hospital. There he meets psychiatrist Dr. Kathryn Railly, and patient Jeffrey Goines, the son of a famous virus expert, who may hold the key to the mysterious rogue group, the Army of the 12 Monkeys, thought to be responsible for unleashing the killer disease.",/gt3iyguaCIw8DpQZI1LIN5TohM2.jpg,Surprise
1933,tt0230600,The Others,2001,7.6,"Horror, Mystery, Thriller","Grace is a religious woman who lives in an old house kept dark because her two children, Anne and Nicholas, have a rare sensitivity to light. When the family begins to suspect the house is haunted, Grace fights to protect her children at any cost in the face of strange events and disturbing visions.",/p8g1vlTvpM6nr2hMMiZ1fUlKF0D.jpg,Surprise
9693,tt0206634,Children of Men,2006,7.6,"Action, Drama, Science Fiction, Thriller","In 2027, in a chaotic world in which humans can no longer procreate, a former activist agrees to help transport a miraculously pregnant woman to a sanctuary at sea, where her child's birth may help scientists save the future of humankind.",/k9IAS4TehZFcKi4HVByxZNPfqex.jpg,Surprise
1480,tt0052311,Touch of Evil,1958,7.8,"Crime, Mystery, Thriller","When a car bomb explodes on the American side of the U.S./Mexico border, Mexican drug enforcement agent Miguel Vargas begins his investigation, along with American police captain Hank Quinlan. When Vargas begins to suspect that Quinlan and his shady partner, Menzies, are planting evidence to frame an innocent man, his investigations into their possible corruption quickly put himself and his new bride, Susie, in jeopardy.",/1pvRgmfBaoMczIJBOi9gCOZ4FMC.jpg,Surprise
4922,tt0421715,The Curious Case of Benjamin Button,2008,7.6,"Drama, Fantasy, Romance","Born under unusual circumstances, Benjamin Button springs into being as an elderly man in a New Orleans nursing home and ages in reverse. Twelve years after his birth, he meets Daisy, a child who flits in and out of his life as she grows up to be a dancer. Though he has all sorts of unusual adventures over the course of his life, it is his relationship with Daisy, and the hope that they will come together at the right time, that drives Benjamin forward.",/26wEWZYt6yJkwRVkjcbwJEFh9IS.jpg,Surprise
566525,tt9376612,Shang-Chi and the Legend of the Ten Rings,2021,7.6,"Action, Adventure, Fantasy",Shang-Chi must confront the past he thought he left behind when he is drawn into the web of the mysterious Ten Rings organization.,/9f2Q0U3IOsLgrI2HkvldwSABZy5.jpg,Surprise
1592,tt0117381,Primal Fear,1996,7.7,"Crime, Drama, Mystery, Thriller","An arrogant, high-powered attorney takes on the case of a poor altar boy found running away from the scene of the grisly murder of the bishop who has taken him in. The case gets a lot more complex when the accused reveals that there may or may not have been a third person in the room.",/qJf2TzE8nRTFbFMPJNW6c8mI0KU.jpg,Surprise
9444,tt0118617,Anastasia,1997,7.6,"Adventure, Animation, Family, Fantasy","In this animated, optimistic retelling of one of the greatest myths in history, the evil wizard Rasputin puts a hex on the royal Romanovs and young Anastasia is lost when their palace is overrun. Ten years later, the Grand Duchess offers a reward for Anastasia's return. Two scheming Russians, planning to pawn off a phony, hold auditions and choose an orphan girl with a remarkable resemblance to the missing princess. They bring her to Paris for the reward, unaware she's the real Anastasia.",/3qbAX0cltrlbCXpgMmuv0LLrfp8.jpg,Surprise
264660,tt0470752,Ex Machina,2015,7.6,"Drama, Science Fiction","Caleb, a coder at the world's largest internet company, wins a competition to spend a week at a private mountain retreat belonging to Nathan, the reclusive CEO of the company. But when Caleb arrives at the remote location he finds that he will have to participate in a strange and fascinating experiment in which he must interact with the world's first true artificial intelligence, housed in the body of a beautiful robot girl.",/dmJW8IAKHKxFNiUnoDR7JfsK7Rp.jpg,Surprise
57158,tt1170358,The Hobbit: The Desolation of Smaug,2013,7.6,"Action, Adventure, Fantasy","The Dwarves, Bilbo and Gandalf have successfully escaped the Misty Mountains, and Bilbo has gained the One Ring. They all continue their journey to get their gold back from the Dragon, Smaug.",/70Ux6sHFIqu0bVFp8xzBZCOQFXM.jpg,Surprise
303,tt0038787,Notorious,1946,7.8,"Mystery, Romance, Thriller","In order to help bring Nazis to justice, U.S. government agent T.R. Devlin recruits Alicia Huberman, the American daughter of a convicted German war criminal, as a spy. As they begin to fall for one another, Alicia is instructed to win the affections of Alexander Sebastian, a Nazi hiding out in Brazil. When Sebastian becomes serious about his relationship with Alicia, the stakes get higher, and Devlin must watch her slip further undercover.",/yUjKnpColooH88BFQJwwgNOQ56N.jpg,Surprise
871,tt0063442,Planet of the Apes,1968,7.6,"Action, Adventure, Drama, Science Fiction","Astronaut Taylor crash lands on a distant planet ruled by apes who use a primitive race of humans for experimentation and sport. Soon Taylor finds himself among the hunted, his life in the hands of a benevolent chimpanzee scientist.",/2r9iKnlSYEk4daQadsXfcjHfIjQ.jpg,Surprise
40662,tt1569923,Batman: Under the Red Hood,2010,7.8,"Action, Animation, Crime, Mystery, Science Fiction","One part vigilante, one part criminal kingpin, Red Hood begins cleaning up Gotham with the efficiency of Batman, but without following the same ethical code.",/7lmHqHg1rG9b4U8MjuyQjmJ7Qm0.jpg,Surprise
506574,tt8022928,Descendants 3,2019,7.8,"Adventure, Family, Fantasy, Music, TV Movie",The teenagers of Disney's most infamous villains return to the Isle of the Lost to recruit a new batch of villainous offspring to join them at Auradon Prep.,/7IRy0iHdaS0JI3ng4ZYlk5gLSFn.jpg,Surprise
123025,tt2313197,"Batman: The Dark Knight Returns, Part 1",2012,7.7,"Action, Animation, Mystery, Science Fiction","Batman has not been seen for ten years. A new breed of criminal ravages Gotham City, forcing 55-year-old Bruce Wayne back into the cape and cowl. But, does he still have what it takes to fight crime in a new era?",/kkjTbwV1Xnj8wBL52PjOcXzTbnb.jpg,Surprise
793,tt0090756,Blue Velvet,1986,7.6,"Crime, Mystery, Thriller","The discovery of a severed human ear found in a field leads a young man on an investigation related to a beautiful, mysterious nightclub singer and a group of criminals who have kidnapped her child.",/7hlgzJXLgyECS1mk3LSN3E72l5N.jpg,Surprise
963,tt0033870,The Maltese Falcon,1941,7.7,"Crime, Mystery, Thriller","A private detective takes on a case that involves him with three eccentric criminals, a beautiful liar, and their quest for a priceless statuette.",/bf4o6Uzw5wqLjdKwRuiDrN1xyvl.jpg,Surprise
3580,tt0824747,Changeling,2008,7.6,"Crime, Drama, Mystery","Christine Collins is overjoyed when her kidnapped son is brought back home. But when Christine suspects that the boy returned to her isn't her child, the police captain has her committed to an asylum.",/iECXjFF8JkTnNJvik14WbPpc9s9.jpg,Surprise
335984,tt1856101,Blade Runner 2049,2017,7.5,"Drama, Science Fiction","Thirty years after the events of the first film, a new blade runner, LAPD Officer K, unearths a long-buried secret that has the potential to plunge what's left of society into chaos. K's discovery leads him on a quest to find Rick Deckard, a former LAPD blade runner who has been missing for 30 years.",/gajva2L0rPYkEWjzgFlBXCAVBE5.jpg,Surprise
381289,tt1753383,A Dog's Purpose,2017,7.6,"Adventure, Comedy, Drama, Family, Fantasy",A dog goes on quest to discover his purpose in life over the course of several lifetimes with multiple owners.,/3jcNvhtVQe5Neoffdic39fRactM.jpg,Surprise
1954,tt0289879,The Butterfly Effect,2004,7.6,"Science Fiction, Thriller","A young man struggles to access sublimated childhood memories. He finds a technique that allows him to travel back into the past, to occupy his childhood body and change history. However, he soon finds that every change he makes has unexpected consequences.",/ea5iv7TWMh18fOKoRGgmtcg85Gx.jpg,Surprise
489999,tt7668870,Searching,2018,7.6,"Drama, Mystery, Thriller","After David Kim's 16-year-old daughter goes missing, a local investigation is opened and a detective is assigned to the case. But 37 hours later and without a single lead, David decides to search the one place no one has looked yet, where all secrets are kept today: his daughter's laptop.",/9N0T3BaHZNdUCcMZQIM3yMUFwEh.jpg,Surprise
32085,tt0084868,Vincent,1982,7.9,"Animation, Fantasy",Young Vincent Malloy dreams of being just like Vincent Price and loses himself in macabre daydreams that annoy his mother.,/jRIFN6WJOeJUInJlzRUEb6E1vkB.jpg,Surprise
17431,tt1182345,Moon,2009,7.6,"Drama, Science Fiction","With only three weeks left in his three year contract, Sam Bell is getting anxious to finally return to Earth. He is the only occupant of a Moon-based manufacturing facility along with his computer and assistant, GERTY. When he has an accident however, he wakens to find that he is not alone.",/35IU0Mq0zFsN1mYwDGts5mKc77n.jpg,Surprise
630,tt0032138,The Wizard of Oz,1939,7.6,"Adventure, Family, Fantasy","Young Dorothy finds herself in a magical world where she makes friends with a lion, a scarecrow and a tin man as they make their way along the yellow brick road to talk with the Wizard and ask for the things they miss most in their lives. The Wicked Witch of the West is the only thing that could stop them.",/bSA6DbAC5gdkaooU164lQUX6rVs.jpg,Surprise
550988,tt6264654,Free Guy,2021,7.5,"Adventure, Comedy, Science Fiction","A bank teller discovers he is actually a background player in an open-world video game, and decides to become the hero of his own story. Now, in a world where there are no limits, he is determined to be the guy who saves his world his way before it's too late.",/xmbU4JTUm8rsdtn7Y3Fcm30GpeT.jpg,Surprise
2649,tt0119174,The Game,1997,7.6,"Drama, Mystery, Thriller","In honor of his birthday, San Francisco banker Nicholas Van Orton, a financial genius and a cold-hearted loner, receives an unusual present from his younger brother, Conrad: a gift certificate to play a unique kind of game. In nary a nanosecond, Nicholas finds himself consumed by a dangerous set of ever-changing rules, unable to distinguish where the charade ends and reality begins.",/4UOa079915QjiTA2u5hT2yKVgUu.jpg,Surprise
11688,tt0120917,The Emperor's New Groove,2000,7.6,"Adventure, Animation, Comedy, Family, Fantasy","Kuzco is a self-centered emperor who summons Pacha from a village and to tell him that his home will be destroyed to make room for Kuzco's new summer home. Kuzco's advisor, Yzma, tries to poison Kuzco and accidentally turns him into a llama, who accidentally ends up in Pacha's village. Pacha offers to help Kuzco if he doesn't destroy his house, and so they form an unlikely partnership.",/wwbgkXQBEKtnyIJapk6gUgWkVw8.jpg,Surprise
433,tt0058331,Mary Poppins,1964,7.6,"Comedy, Family, Fantasy","Mr Banks is looking for a nanny for his two mischievous children and comes across Mary Poppins, an angelic nanny. She not only brings a change in their lives but also spreads happiness.",/1DjJh0vwGwi6KugPZfDiliO25XP.jpg,Surprise
18,tt0119116,The Fifth Element,1997,7.5,"Action, Adventure, Fantasy, Science Fiction, Thriller","In 2257, a taxi driver is unintentionally given the task of saving a young girl who is part of the key that will ensure the survival of humanity.",/fPtlCO1yQtnoLHOwKtWz7db6RGU.jpg,Surprise
244267,tt2884206,I Origins,2014,7.6,"Drama, Science Fiction",A molecular biologist's study of the human eye has far-reaching implications about humanity's scientific and spiritual beliefs.,/2P31jhd1dWUAPD8dmnSrwkQ8CNN.jpg,Surprise
782,tt0119177,Gattaca,1997,7.5,"Mystery, Romance, Science Fiction, Thriller","In a future society in the era of indefinite eugenics, humans are set on a life course depending on their DNA. Young Vincent Freeman is born with a condition that would prevent him from space travel, yet is determined to infiltrate the GATTACA space program.",/eSKr5Fl1MEC7zpAXaLWBWSBjgJq.jpg,Surprise
765,tt0092991,Evil Dead II,1987,7.6,"Comedy, Fantasy, Horror","Ash Williams and his girlfriend Linda find a log cabin in the woods with a voice recording from an archeologist who had recorded himself reciting ancient chants from ""The Book of the Dead."" As they play the recording an evil power is unleashed taking over Linda's body.",/4zqCKJVHUolGs6C5AZwAZqLWixW.jpg,Surprise
59436,tt1605783,Midnight in Paris,2011,7.5,"Comedy, Fantasy, Romance",A romantic comedy about a family traveling to the French capital for business. The party includes a young engaged couple forced to confront the illusion that a life different from their own is better.,/4wBG5kbfagTQclETblPRRGihk0I.jpg,Surprise
309809,tt1754656,The Little Prince,2015,7.6,"Adventure, Animation, Family, Fantasy","Based on the best-seller book 'The Little Prince', the movie tells the story of a little girl that lives with resignation in a world where efficiency and work are the only dogmas. Everything will change when accidentally she discovers her neighbor that will tell her about the story of the Little Prince that he once met.",/je5Z7gbFTzrs3FPHINo9yGiHoVo.jpg,Surprise
3933,tt0121164,Corpse Bride,2005,7.5,"Animation, Fantasy, Romance","Set in a 19th-century European village, this stop-motion animation feature follows the story of Victor, a young man whisked away to the underworld and wed to a mysterious corpse bride, while his real bride Victoria waits bereft in the land of the living.",/isb2Qow76GpqYmsSyfdMfsYAjts.jpg,Surprise
93,tt0052561,Anatomy of a Murder,1959,7.8,"Crime, Drama, Mystery","Semi-retired Michigan lawyer Paul Biegler takes the case of Army Lt. Manion, who murdered a local innkeeper after his wife claimed that he raped her. Over the course of an extensive trial, Biegler parries with District Attorney Lodwick and out-of-town prosecutor Claude Dancer to set his client free, but his case rests on the victim's mysterious business partner, who's hiding a dark secret.",/zMxLbSPpToTCc6yK2Gddhx6nHNN.jpg,Surprise
601,tt0083866,E.T. the Extra-Terrestrial,1982,7.5,"Adventure, Family, Fantasy, Science Fiction","An alien is left behind on Earth and saved by the 10-year-old Elliot who decides to keep him hidden in his home. While a task force hunts for the extra-terrestrial, Elliot, his brother, and his little sister Gertie form an emotional bond with their new friend, and try to help him find his way home.",/an0nD6uq6byfxXCfk6lQBzdL2J1.jpg,Surprise
13363,tt0756683,The Man from Earth,2007,7.6,"Drama, Science Fiction","An impromptu goodbye party for Professor John Oldman becomes a mysterious interrogation after the retiring scholar reveals to his colleagues he never ages and has walked the earth for 14,000 years.",/V086R82gNgWrotaXZFO4JhdgB1.jpg,Surprise
891,tt0074119,All the President's Men,1976,7.7,"Drama, History, Mystery, Thriller","During the 1972 elections, two reporters' investigation sheds light on the controversial Watergate scandal that compels President Nixon to resign from his post.",/cPtSHR7D2WGsDBfnC5DxV927hKn.jpg,Surprise
127585,tt1877832,X-Men: Days of Future Past,2014,7.5,"Action, Adventure, Science Fiction",The ultimate X-Men ensemble fights a war for the survival of the species across two time periods as they join forces with their younger selves in an epic battle that must change the past – to save our future.,/tYfijzolzgoMOtegh1Y7j2Enorg.jpg,Surprise
1949,tt0443706,Zodiac,2007,7.5,"Crime, Drama, Mystery, Thriller",A cartoonist teams up with an ace reporter and a law enforcement officer to track down an elusive serial killer.,/6YmeO4pB7XTh8P8F960O1uA14JO.jpg,Surprise
588228,tt9777666,The Tomorrow War,2021,7.6,"Action, Adventure, Science Fiction","The world is stunned when a group of time travelers arrive from the year 2051 to deliver an urgent message: Thirty years in the future, mankind is losing a global war against a deadly alien species. The only hope for survival is for soldiers and civilians from the present to be transported to the future and join the fight. Among those recruited is high school teacher and family man Dan Forester. Determined to save the world for his young daughter, Dan teams up with a brilliant scientist and his estranged father in a desperate quest to rewrite the fate of the planet.",/34nDCQZwaEvsy4CFO5hkGRFDCVU.jpg,Surprise
301528,tt1979376,Toy Story 4,2019,7.5,"Adventure, Animation, Comedy, Family, Fantasy","Woody has always been confident about his place in the world and that his priority is taking care of his kid, whether that's Andy or Bonnie. But when Bonnie adds a reluctant new toy called ""Forky"" to her room, a road trip adventure alongside old and new friends will show Woody how big the world can be for a toy.",/w9kR8qbmQ01HwnvK4alvnQ2ca0L.jpg,Surprise
330459,tt3748528,Rogue One: A Star Wars Story,2016,7.5,"Action, Adventure, Science Fiction",A rogue band of resistance fighters unite for a mission to steal the Death Star plans and bring a new hope to the galaxy.,/i0yw1mFbB7sNGHCs7EXZPzFkdA1.jpg,Surprise
486589,tt4429160,Red Shoes and the Seven Dwarfs,2019,7.8,"Animation, Comedy, Family, Fantasy, Romance","Princes who have been turned into Dwarfs seek the red shoes of a lady in order to break the spell, although it will not be easy.",/MBiKqTsouYqAACLYNDadsjhhC0.jpg,Surprise
106,tt0093773,Predator,1987,7.5,"Action, Adventure, Science Fiction, Thriller",A team of elite commandos on a secret mission in a Central American jungle come to find themselves hunted by an extraterrestrial warrior.,/9XibNLfmUWCg0PPydmyoCl1KxvF.jpg,Surprise
4808,tt0056923,Charade,1963,7.7,"Comedy, Mystery, Romance","After Regina Lampert falls for the dashing Peter Joshua on a skiing holiday in the French Alps, she discovers upon her return to Paris that her husband has been murdered. Soon, she and Peter are giving chase to three of her late husband's World War II cronies, Tex, Scobie and Gideon, who are after a quarter of a million dollars the quartet stole while behind enemy lines. But why does Peter keep changing his name?",/ijJ73UgR6nOqjSP8MO0Z7hawCdm.jpg,Surprise
856,tt0096438,Who Framed Roger Rabbit,1988,7.5,"Animation, Comedy, Crime, Fantasy","'Toon star Roger is worried that his wife Jessica is playing pattycake with someone else, so the studio hires detective Eddie Valiant to snoop on her. But the stakes are quickly raised when Marvin Acme is found dead and Roger is the prime suspect.",/lYfRc57Kx9VgLZ48iulu0HKnM15.jpg,Surprise
520763,tt8332922,A Quiet Place Part II,2021,7.5,"Horror, Science Fiction, Thriller","Following the events at home, the Abbott family now face the terrors of the outside world. Forced to venture into the unknown, they realize that the creatures that hunt by sound are not the only threats that lurk beyond the sand path.",/4q2hz2m8hubgvijz8Ez0T2Os2Yv.jpg,Surprise
638,tt0116922,Lost Highway,1997,7.6,"Drama, Mystery, Thriller","A tormented jazz musician finds himself lost in an enigmatic story involving murder, surveillance, gangsters, doppelgängers, and an impossible transformation inside a prison cell.",/5POhfNeFPIi4VUNwCTaK85sh98r.jpg,Surprise
11970,tt0119282,Hercules,1997,7.5,"Adventure, Animation, Comedy, Family, Fantasy, Romance","Bestowed with superhuman strength, a young mortal named Hercules sets out to prove himself a hero in the eyes of his father, the great god Zeus. Along with his friends Pegasus, a flying horse, and Phil, a personal trainer, Hercules is tricked by the hilarious, hotheaded villain Hades, who's plotting to take over Mount Olympus!",/qQsspacWlYn5GZxz15ZhvGqkxgh.jpg,Surprise
9016,tt0133240,Treasure Planet,2002,7.5,"Adventure, Animation, Family, Fantasy, Science Fiction","When space galleon cabin boy Jim Hawkins discovers a map to an intergalactic ""loot of a thousand worlds,"" a cyborg cook named John Silver teaches him to battle supernovas and space storms on their journey to find treasure.",/zMKatZ0c0NCoKzfizaCzVUcbKMf.jpg,Surprise
503919,tt7984734,The Lighthouse,2019,7.5,"Drama, Fantasy, Horror, Thriller",Two lighthouse keepers try to maintain their sanity while living on a remote and mysterious New England island in the 1890s.,/4SC4cyzHWWzDEdszdxHYPWd32YH.jpg,Surprise
529203,tt2850386,The Croods: A New Age,2020,7.5,"Adventure, Animation, Comedy, Family, Fantasy","Searching for a safer habitat, the prehistoric Crood family discovers an idyllic, walled-in paradise that meets all of its needs. Unfortunately, they must also learn to live with the Bettermans -- a family that's a couple of steps above the Croods on the evolutionary ladder. As tensions between the new neighbors start to rise, a new threat soon propels both clans on an epic adventure that forces them to embrace their differences, draw strength from one another, and survive together.",/tbVZ3Sq88dZaCANlUcewQuHQOaE.jpg,Surprise
423108,tt7069210,The Conjuring: The Devil Made Me Do It,2021,7.5,"Horror, Mystery, Thriller","Paranormal investigators Ed and Lorraine Warren encounter what would become one of the most sensational cases from their files. The fight for the soul of a young boy takes them beyond anything they'd ever seen before, to mark the first time in U.S. history that a murder suspect would claim demonic possession as a defense.",/xbSuFiJbbBWCkyCCKIMfuDCA4yV.jpg,Surprise
196,tt0099088,Back to the Future Part III,1990,7.5,"Adventure, Comedy, Science Fiction","The final installment of the Back to the Future trilogy finds Marty digging the trusty DeLorean out of a mineshaft and looking for Doc in the Wild West of 1885. But when their time machine breaks down, the travelers are stranded in a land of spurs. More problems arise when Doc falls for pretty schoolteacher Clara Clayton, and Marty tangles with Buford Tannen.",/crzoVQnMzIrRfHtQw0tLBirNfVg.jpg,Surprise
620,tt0087332,Ghostbusters,1984,7.5,"Comedy, Fantasy","After losing their academic posts at a prestigious university, a team of parapsychologists goes into business as proton-pack-toting ""ghostbusters"" who exterminate ghouls, hobgoblins and supernatural pests of all stripes. An ad campaign pays off when a knockout cellist hires the squad to purge her swanky digs of demons that appear to be living in her refrigerator.",/7E8nLijS9AwwUEPu2oFYOVKhdFA.jpg,Surprise
2501,tt0258463,The Bourne Identity,2002,7.5,"Action, Drama, Mystery, Thriller","Wounded to the brink of death and suffering from amnesia, Jason Bourne is rescued at sea by a fisherman. With nothing to go on but a Swiss bank account number, he starts to reconstruct his life, but finds that many people he encounters want him dead. However, Bourne realizes that he has the combat and mental skills of a world-class spy—but who does he work for?",/aP8swke3gmowbkfZ6lmNidu0y9p.jpg,Surprise
961323,tt19500164,Nimona,2023,8.0,"Adventure, Animation, Comedy, Family, Fantasy","A knight framed for a tragic crime teams with a scrappy, shape-shifting teen to prove his innocence.",/2NQljeavtfl22207D1kxLpa4LS3.jpg,Surprise
429617,tt6320628,Spider-Man: Far From Home,2019,7.4,"Action, Adventure, Science Fiction","Peter Parker and his friends go on a summer trip to Europe. However, they will hardly be able to rest - Peter will have to agree to help Nick Fury uncover the mystery of creatures that cause natural disasters and destruction throughout the continent.",/4q2NNj4S5dG2RLF9CpXsej7yXl.jpg,Surprise
345,tt0120663,Eyes Wide Shut,1999,7.5,"Drama, Mystery, Thriller","After Dr. Bill Harford's wife, Alice, admits to having sexual fantasies about a man she met, Bill becomes obsessed with having a sexual encounter. He discovers an underground sexual group and attends one of their meetings -- and quickly discovers that he is in over his head.",/knEIz1eNGl5MQDbrEAVWA7iRqF9.jpg,Surprise
9495,tt0109506,The Crow,1994,7.5,"Action, Fantasy, Thriller","Exactly one year after young rock guitarist Eric Draven and his fiancée are brutally killed by a ruthless gang of criminals, Draven—watched over by a hypnotic crow—returns from the grave to exact revenge.",/wF2Tnf0bdYrzCKVbWh0mFwPJS6k.jpg,Surprise
293863,tt1655441,The Age of Adaline,2015,7.5,"Drama, Fantasy, Romance","After 29-year-old Adaline recovers from a nearly lethal accident, she inexplicably stops growing older. As the years stretch on and on, Adaline keeps her secret to herself  until she meets a man who changes her life.",/MbILysGhjAbnZi1Okae9wYqLMx.jpg,Surprise
500664,tt6499752,Upgrade,2018,7.5,"Action, Science Fiction, Thriller","A brutal mugging leaves Grey Trace paralyzed in the hospital and his beloved wife dead. A billionaire inventor soon offers Trace a cure — an artificial intelligence implant called STEM that will enhance his body. Now able to walk, Grey finds that he also has superhuman strength and agility — skills he uses to seek revenge against the thugs who destroyed his life.",/5f28TXtvHioXirX2n1XH8EJ314v.jpg,Surprise
228326,tt2262227,The Book of Life,2014,7.5,"Adventure, Animation, Comedy, Family, Fantasy","The journey of Manolo, a young man who is torn between fulfilling the expectations of his family and following his heart. Before choosing which path to follow, he embarks on an incredible adventure that spans three fantastical worlds where he must face his greatest fears.",/aotTZos5KswgCryEzx2rlOjFsm1.jpg,Surprise
829280,tt14641788,Enola Holmes 2,2022,7.5,"Adventure, Comedy, Crime, Mystery","Now a detective-for-hire like her infamous brother, Enola Holmes takes on her first official case to find a missing girl, as the sparks of a dangerous conspiracy ignite a mystery that requires the help of friends — and Sherlock himself — to unravel.",/tegBpjM5ODoYoM1NjaiHVLEA0QM.jpg,Surprise
284052,tt1211837,Doctor Strange,2016,7.4,"Action, Adventure, Fantasy","After his career is destroyed, a brilliant but arrogant surgeon gets a new lease on life when a sorcerer takes him under her wing and trains him to defend the world against evil.",/uGBVj3bEbCoZbDjjl9wTxcygko1.jpg,Surprise
667538,tt5090568,Transformers: Rise of the Beasts,2023,7.5,"Action, Adventure, Science Fiction","When a new threat capable of destroying the entire planet emerges, Optimus Prime and the Autobots must team up with a powerful faction known as the Maximals. With the fate of humanity hanging in the balance, humans Noah and Elena will do whatever it takes to help the Transformers as they engage in the ultimate battle to save Earth.",/gPbM0MK8CP8A174rmUwGsADNYKD.jpg,Surprise
400160,tt4823776,The SpongeBob Movie: Sponge on the Run,2020,7.5,"Adventure, Animation, Comedy, Family, Fantasy","When his best friend Gary is suddenly snatched away, SpongeBob takes Patrick on a madcap mission far beyond Bikini Bottom to save their pink-shelled pal.",/jlJ8nDhMhCYJuzOw3f52CP1W8MW.jpg,Surprise
186,tt0425210,Lucky Number Slevin,2006,7.5,"Crime, Drama, Mystery, Thriller","Slevin is mistakenly put in the middle of a personal war between the city’s biggest criminal bosses. Under constant watch, Slevin must try not to get killed by an infamous assassin and come up with an idea of how to get out of his current dilemma.",/x21s3p5wPww534nYj1cWakTcqz4.jpg,Surprise
244,tt0024216,King Kong,1933,7.6,"Adventure, Fantasy, Horror","Adventurous filmmaker Carl Denham sets out to produce a motion picture unlike anything the world has seen before. Alongside his leading lady Ann Darrow and his first mate Jack Driscoll, they arrive on an island and discover a legendary creature said to be neither beast nor man. Denham captures the monster to be displayed on Broadway as King Kong, the eighth wonder of the world.",/lHlnxKL5GbgRibyRFI7n1Ey850i.jpg,Surprise
13475,tt0796366,Star Trek,2009,7.4,"Action, Adventure, Science Fiction","The fate of the galaxy rests in the hands of bitter rivals. One, James Kirk, is a delinquent, thrill-seeking Iowa farm boy. The other, Spock, a Vulcan, was raised in a logic-based society that rejects all emotion. As fiery instinct clashes with calm reason, their unlikely but powerful partnership is the only thing capable of leading their crew through unimaginable danger, boldly going where no one has gone before. The human adventure has begun again.",/9vaRPXj44Q2meHgt3VVfQufiHOJ.jpg,Surprise
1813,tt0118971,The Devil's Advocate,1997,7.5,"Drama, Horror, Mystery, Thriller","Aspiring Florida defense lawyer Kevin Lomax accepts a job at a New York law firm. With the stakes getting higher every case, Kevin quickly learns that his boss has something far more evil planned.",/5ZzBGpxy55OQzHxKVY11IpY6a0o.jpg,Surprise
206487,tt2397535,Predestination,2014,7.4,"Science Fiction, Thriller","Predestination chronicles the life of a Temporal Agent sent on an intricate series of time-travel journeys designed to prevent future killers from committing their crimes. Now, on his final assignment, the Agent must stop the one criminal that has eluded him throughout time and prevent a devastating attack in which thousands of lives will be lost.",/38Xr1JnV1ZcLQ55zmdSp6n475cZ.jpg,Surprise
252,tt0067992,Willy Wonka & the Chocolate Factory,1971,7.5,"Comedy, Family, Fantasy","When eccentric candy man Willy Wonka promises a lifetime supply of sweets and a tour of his chocolate factory to five lucky kids, penniless Charlie Bucket seeks the golden ticket that will make him a winner.",/vmpsZkrs4Uvkp9r1atL8B3frA63.jpg,Surprise
17654,tt1136608,District 9,2009,7.4,Science Fiction,"Thirty years ago, aliens arrive on Earth. Not to conquer or give aid, but to find refuge from their dying planet. Separated from humans in a South African area called District 9, the aliens are managed by Multi-National United, which is unconcerned with the aliens' welfare but will do anything to master their advanced technology. When a company field agent contracts a mysterious virus that begins to alter his DNA, there is only one place he can hide: District 9.",/tuGlQkqLxnodDSk6mp5c2wvxUEd.jpg,Surprise
11482,tt0074811,The Tenant,1976,7.7,"Horror, Mystery, Thriller",A quiet and inconspicuous man rents an apartment in France where he finds himself drawn into a rabbit hole of dangerous paranoia.,/4Qhzb1ICFMqE3isWoln497qSH7n.jpg,Surprise
1895,tt0121766,Star Wars: Episode III - Revenge of the Sith,2005,7.4,"Action, Adventure, Science Fiction",The evil Darth Sidious enacts his final plan for unlimited power -- and the heroic Jedi Anakin Skywalker must choose a side.,/xfSAoBEm9MNBjmlNcDYLvLSMlnq.jpg,Surprise
271110,tt3498820,Captain America: Civil War,2016,7.4,"Action, Adventure, Science Fiction","Following the events of Age of Ultron, the collective governments of the world pass an act designed to regulate all superhuman activity. This polarizes opinion amongst the Avengers, causing two factions to side with Iron Man or Captain America, which causes an epic battle between former allies.",/rAGiXaUfPzY7CDEyNKUofk3Kw2e.jpg,Surprise
2503,tt0440963,The Bourne Ultimatum,2007,7.4,"Action, Drama, Mystery, Thriller","Bourne is brought out of hiding once again by reporter Simon Ross who is trying to unveil Operation Blackbriar, an upgrade to Project Treadstone, in a series of newspaper columns. Information from the reporter stirs a new set of memories, and Bourne must finally uncover his dark past while dodging The Company's best efforts to eradicate him.",/15rMz5MRXFp7CP4VxhjYw4y0FUn.jpg,Surprise
10633,tt0061811,In the Heat of the Night,1967,7.7,"Crime, Drama, Mystery, Thriller","African-American Philadelphia police detective Virgil Tibbs is arrested on suspicion of murder by Bill Gillespie, the racist police chief of tiny Sparta, Mississippi. After Tibbs proves not only his own innocence but that of another man, he joins forces with Gillespie to track down the real killer. Their investigation takes them through every social level of the town, with Tibbs making enemies as well as unlikely friends as he hunts for the truth.",/fvqHTabYej3LwzKRRZCm6jV3g0O.jpg,Surprise
101299,tt1951264,The Hunger Games: Catching Fire,2013,7.4,"Action, Adventure, Science Fiction","Katniss Everdeen has returned home safe after winning the 74th Annual Hunger Games along with fellow tribute Peeta Mellark. Winning means that they must turn around and leave their family and close friends, embarking on a ""Victor's Tour"" of the districts. Along the way Katniss senses that a rebellion is simmering, but the Capitol is still very much in control as President Snow prepares the 75th Annual Hunger Games (The Quarter Quell) - a competition that could change Panem forever.",/vrQHDXjVmbYzadOXQ0UaObunoy2.jpg,Surprise
425909,tt4513678,Ghostbusters: Afterlife,2021,7.5,"Adventure, Comedy, Fantasy","When a single mom and her two kids arrive in a small town, they begin to discover their connection to the original Ghostbusters and the secret legacy their grandfather left behind.",/ggcBBYgnwrRAdx2vTthSAZDfrrk.jpg,Surprise
508947,tt8097030,Turning Red,2022,7.4,"Animation, Comedy, Family, Fantasy","Thirteen-year-old Mei is experiencing the awkwardness of being a teenager with a twist – when she gets too excited, she transforms into a giant red panda.",/qsdjk9oAKSQMWs0Vt5Pyfh6O4GZ.jpg,Surprise
137106,tt1490017,The Lego Movie,2014,7.4,"Adventure, Animation, Comedy, Family, Fantasy","An ordinary Lego mini-figure, mistakenly thought to be the extraordinary MasterBuilder, is recruited to join a quest to stop an evil Lego tyrant from conquering the universe.",/9klB7qKC9aCeGyyM4uU5hSA6xDV.jpg,Surprise
284054,tt1825683,Black Panther,2018,7.4,"Action, Adventure, Science Fiction","King T'Challa returns home to the reclusive, technologically advanced African nation of Wakanda to serve as his country's new leader. However, T'Challa soon finds that he is challenged for the throne by factions within his own country as well as without. Using powers reserved to Wakandan kings, T'Challa assumes the Black Panther mantle to join with ex-girlfriend Nakia, the queen-mother, his princess-kid sister, members of the Dora Milaje (the Wakandan 'special forces') and an American secret agent, to prevent Wakanda from being dragged into a world war.",/uxzzxijgPIY7slzFvMotPv8wjKA.jpg,Surprise
447332,tt6644200,A Quiet Place,2018,7.4,"Drama, Horror, Science Fiction",A family is forced to live in silence while hiding from creatures that hunt by sound.,/nAU74GmpUk7t5iklEp3bufwDq4n.jpg,Surprise
36685,tt0073629,The Rocky Horror Picture Show,1975,7.5,"Comedy, Fantasy, Horror, Science Fiction","Sweethearts Brad and Janet, stuck with a flat tire during a storm, discover the eerie mansion of Dr. Frank-N-Furter, a transvestite scientist. As their innocence is lost, Brad and Janet meet a houseful of wild characters, including a rocking biker and a creepy butler. Through elaborate dances and rock songs, Frank-N-Furter unveils his latest creation: a muscular man named 'Rockv'.",/3pyE6ZqDbuJi7zrNzzQzcKTWdmN.jpg,Surprise
192,tt0091605,The Name of the Rose,1986,7.5,"Drama, Mystery, Thriller","14th-century Franciscan monk William of Baskerville and his young novice arrive at a conference to find that several monks have been murdered under mysterious circumstances. To solve the crimes, William must rise up against the Church's authority and fight the shadowy conspiracy of monastery monks using only his intelligence – which is considerable.",/2BuVu0j6v2kNY2gGxtO3sDGyob2.jpg,Surprise
395834,tt5362988,Wind River,2017,7.4,"Crime, Drama, Mystery, Thriller",An FBI agent teams with the town's veteran game tracker to investigate a murder that occurred on a Native American reservation.,/pySivdR845Hom4u4T2WNkJxe6Ad.jpg,Surprise
176,tt0387564,Saw,2004,7.4,"Crime, Horror, Mystery","Obsessed with teaching his victims the value of life, a deranged, sadistic serial killer abducts the morally wayward. Once captured, they must face impossible choices in a horrific game of survival. The victims must fight to win their lives back, or die trying...",/4da0TS3iQ1IzuyhDS8elgkmOfrN.jpg,Surprise
451048,tt0870154,Jungle Cruise,2021,7.4,"Action, Adventure, Fantasy","Dr. Lily Houghton enlists the aid of wisecracking skipper Frank Wolff to take her down the Amazon in his dilapidated boat. Together, they search for an ancient tree that holds the power to heal – a discovery that will change the future of medicine.",/9dKCd55IuTT5QRs989m9Qlb7d2B.jpg,Surprise
345938,tt2872518,The Shack,2017,7.5,"Drama, Fantasy","After suffering a family tragedy, Mack Phillips spirals into a deep depression causing him to question his innermost beliefs. Facing a crisis of faith, he receives a mysterious letter urging him to an abandoned shack deep in the Oregon wilderness. Despite his doubts, Mack journeys to the shack and encounters an enigmatic trio of strangers led by a woman named Papa. Through this meeting, Mack finds important truths that will transform his understanding of his tragedy and change his life forever.",/doAzav9kfdtsoSdw1MDFvjKq3J4.jpg,Surprise
514754,tt8075496,Bao,2018,7.6,"Animation, Family, Fantasy","An aging Chinese mom suffering from empty nest syndrome gets another chance at motherhood when one of her dumplings springs to life as a lively, giggly dumpling boy.",/tKz7XRXvdy1i7pW4eotaWZSrAx2.jpg,Surprise
14784,tt0460791,The Fall,2006,7.6,"Adventure, Drama, Fantasy","In a hospital on the outskirts of 1920s Los Angeles, an injured stuntman begins to tell a fellow patient, a little girl with a broken arm, a fantastic story about 5 mythical heroes. Thanks to his fractured state of mind and her vivid imagination, the line between fiction and reality starts to blur as the tale advances.",/jUx4P4Q1VsQ07rLz7sOlSyNm4F3.jpg,Surprise
4232,tt0117571,Scream,1996,7.4,"Crime, Horror, Mystery","A year after the murder of her mother, Sidney Prescott is terrorized by a masked killer who targets her and her friends by using scary movies as part of a deadly game.",/aXAByjBN8UhaYvotqRCwa5MsMGu.jpg,Surprise
682507,tt9411972,Where the Crawdads Sing,2022,7.6,"Drama, Mystery, Romance","Abandoned by her family, Kya raises herself all alone in the marshes outside of her small town. When her former boyfriend is found dead, Kya is instantly branded by the local townspeople and law enforcement as the prime suspect for his murder.",/6h5OCqRnWH7Dcm4IeP4JypBdtuI.jpg,Surprise
592,tt0071360,The Conversation,1974,7.5,"Crime, Drama, Mystery","Surveillance expert Harry Caul is hired by a mysterious client's brusque aide to tail a young couple. Tracking the pair through San Francisco's Union Square, Caul and his associate Stan manage to record a cryptic conversation between them. Tormented by memories of a previous case that ended badly, Caul becomes obsessed with the resulting tape, trying to determine if the couple is in danger.",/9LGN30PhmzAZhDc23yFBZAHtNST.jpg,Surprise
686,tt0118884,Contact,1997,7.4,"Drama, Mystery, Science Fiction","A radio astronomer receives the first extraterrestrial radio signal ever picked up on Earth. As the world powers scramble to decipher the message and decide upon a course of action, she must make some difficult decisions between her beliefs, the truth, and reality.",/bCpMIywuNZeWt3i5UMLEIc0VSwM.jpg,Surprise
154,tt0084726,Star Trek II: The Wrath of Khan,1982,7.5,"Action, Adventure, Science Fiction, Thriller","It is the 23rd century. The Federation Starship U.S.S. Enterprise is on routine training maneuvers and Admiral James T. Kirk seems resigned to the fact that this inspection may well be the last space mission of his career. But Khan is back. Aided by his exiled band of genetic supermen, Khan - brilliant renegade of 20th century Earth - has raided Space Station Regula One, stolen a top secret device called Project Genesis, wrested control of another Federation Starship and sets out in pursuit of the Enterprise, determined to let nothing stand in the way of his mission: kill Admiral Kirk... even if it means universal Armageddon.",/uPyLsKl8Z0LOoxeaFXsY5MxhR5s.jpg,Surprise
492,tt0120601,Being John Malkovich,1999,7.4,"Comedy, Drama, Fantasy","One day at work, unsuccessful puppeteer Craig finds a portal into the head of actor John Malkovich. The portal soon becomes a passion for anybody who enters its mad and controlling world of overtaking another human body.",/xVSvIwRNzwXSs0CLefiiG6A96m4.jpg,Surprise
493529,tt2906216,Dungeons & Dragons: Honor Among Thieves,2023,7.5,"Adventure, Comedy, Fantasy","A charming thief and a band of unlikely adventurers undertake an epic heist to retrieve a lost relic, but things go dangerously awry when they run afoul of the wrong people.",/gkiHVcE4ae3BSl1x0K3qaJzpybz.jpg,Surprise
4011,tt0094721,Beetlejuice,1988,7.4,"Comedy, Fantasy","After an untimely death, a newly dead New England couple seek help from a deranged demon exorcist to scare an affluent New York family out of their home.",/nnl6OWkyPpuMm595hmAxNW3rZFn.jpg,Surprise
910,tt0038355,The Big Sleep,1946,7.6,"Crime, Mystery, Romance","Private Investigator Philip Marlowe is hired by wealthy General Sternwood regarding a matter involving his youngest daughter Carmen. Before the complex case is over, Marlowe sees murder, blackmail, deception, and what might be love.",/lraHo9D8c0YWfxsKqT5P5sVqMKN.jpg,Surprise
1427,tt0396171,Perfume: The Story of a Murderer,2006,7.4,"Crime, Drama, Fantasy","Jean-Baptiste Grenouille, born in the stench of 18th century Paris, develops a superior olfactory sense, which he uses to create the world's finest perfumes. However, his work takes a dark turn as he tries to preserve scents in the search for the ultimate perfume.",/2wrFrUej8ri5EpjgIkjKTAnr686.jpg,Surprise
9426,tt0091064,The Fly,1986,7.4,"Horror, Science Fiction","When Seth Brundle makes a huge scientific and technological breakthrough in teleportation, he decides to test it on himself. Unbeknownst to him, a common housefly manages to get inside the device and the two become one.",/8gZWMhJHRvaXdXsNhERtqNHYpH3.jpg,Surprise
628,tt0110148,Interview with the Vampire,1994,7.4,"Drama, Fantasy, Horror","A vampire relates his epic life story of love, betrayal, loneliness, and dark hunger to an over-curious reporter.",/2162lAT2MP36MyJd2sttmj5du5T.jpg,Surprise
315635,tt2250912,Spider-Man: Homecoming,2017,7.3,"Action, Adventure, Drama, Science Fiction","Following the events of Captain America: Civil War, Peter Parker, with the help of his mentor Tony Stark, tries to balance his life as an ordinary high school student in Queens, New York City, with fighting crime as his superhero alter ego Spider-Man as a new threat, the Vulture, emerges.",/c24sv2weTHPsmDa7jEMN0m2P3RT.jpg,Surprise
13151,tt0166792,Scooby-Doo on Zombie Island,1998,7.7,"Animation, Family, Horror, Mystery","After going their separate ways, Scooby-Doo, Shaggy, Velma, Daphne, and Fred reunite to investigate the ghost of Moonscar the pirate on a haunted bayou island, but it turns out the swashbuckler's spirit isn't the only creepy character on the island. The sleuths also meet up with cat creatures and zombies... and it looks like for the first time in their lives, these ghouls might actually be real.",/7EdvFUGvT5Pn8rUFRKCrdUzNthf.jpg,Surprise
58,tt0383574,Pirates of the Caribbean: Dead Man's Chest,2006,7.3,"Action, Adventure, Fantasy",Captain Jack Sparrow works his way out of a blood debt with the ghostly Davy Jones to avoid eternal damnation.,/uXEqmloGyP7UXAiphJUu2v2pcuE.jpg,Surprise
19101,tt0113670,A Little Princess,1995,7.6,"Drama, Family, Fantasy","When her father enlists to fight for the British in WWI, young Sara Crewe goes to New York to attend the same boarding school her late mother attended. She soon clashes with the severe headmistress, Miss Minchin, who attempts to stifle Sara's creativity and sense of self-worth.",/9V4bAVEskSNbEqjVI0YmeuB0n8I.jpg,Surprise
387426,tt3967856,Okja,2017,7.4,"Adventure, Drama, Fantasy, Science Fiction","A young girl named Mija risks everything to prevent a powerful, multi-national company from kidnapping her best friend - a massive animal named Okja.",/pHlRr2MfjK77VIIAO7p0R4jhsJI.jpg,Surprise
251516,tt3472226,Kung Fury,2015,7.5,"Action, Comedy, Fantasy, Science Fiction","During an unfortunate series of events, a friend of Kung Fury is assassinated by the most dangerous kung fu master criminal of all time, Adolf Hitler, a.k.a Kung Führer.  Kung Fury decides to travel back in time to Nazi Germany in order to kill Hitler and end the Nazi empire once and for all.",/6Qam8Leycapwik947j6U3vcUbAv.jpg,Surprise
49051,tt0903624,The Hobbit: An Unexpected Journey,2012,7.3,"Action, Adventure, Fantasy","Bilbo Baggins, a hobbit enjoying his quiet life, is swept into an epic quest by Gandalf the Grey and thirteen dwarves who seek to reclaim their mountain home from Smaug, the dragon.",/yHA9Fc37VmpUA5UncTxxo3rTGVA.jpg,Surprise
453395,tt9419884,Doctor Strange in the Multiverse of Madness,2022,7.4,"Action, Adventure, Fantasy","Doctor Strange, with the help of mystical allies both old and new, traverses the mind-bending and dangerous alternate realities of the Multiverse to confront a mysterious new adversary.",/9Gtg2DzBhmYamXBS1hKAhiwbBKS.jpg,Surprise
65754,tt1568346,The Girl with the Dragon Tattoo,2011,7.4,"Crime, Mystery, Thriller","This English-language adaptation of the Swedish novel by Stieg Larsson follows a disgraced journalist, Mikael Blomkvist, as he investigates the disappearance of a weary patriarch's niece from 40 years ago. He is aided by the pierced, tattooed, punk computer hacker named Lisbeth Salander. As they work together in the investigation, Blomkvist and Salander uncover immense corruption beyond anything they have ever imagined.",/zqDopwg7XQ4IfFX2dRlQCT1SwMG.jpg,Surprise
3035,tt0021884,Frankenstein,1931,7.5,"Drama, Horror, Science Fiction","Dr. Henry Frankenstein attempts to create life by assembling a creature from body parts of the deceased. Aided by his loyal misshapen assistant, Fritz, Frankenstein succeeds in animating his monster, but, confused and traumatized, it escapes into the countryside and begins to wreak havoc. Frankenstein searches for the elusive being and eventually must confront his tormented creation.",/mu6wHwH0IwCCaEYtpqujuPJYat1.jpg,Surprise
10144,tt0097757,The Little Mermaid,1989,7.4,"Animation, Family, Fantasy",This colorful adventure tells the story of an impetuous mermaid princess named Ariel who falls in love with the very human Prince Eric and puts everything on the line for the chance to be with him. Memorable songs and characters -- including the villainous sea witch Ursula.,/plcZXvI310FkbwIptvd6rqk63LP.jpg,Surprise
81188,tt1446192,Rise of the Guardians,2012,7.4,"Action, Adventure, Animation, Family, Fantasy","When an evil spirit known as Pitch lays down the gauntlet to take over the world, the immortal Guardians must join forces for the first time to protect the hopes, beliefs and imagination of children all over the world.",/sW4qOa9yF0Ikg7lppncQ0n5UhKX.jpg,Surprise
259316,tt3183660,Fantastic Beasts and Where to Find Them,2016,7.3,"Adventure, Family, Fantasy","In 1926, Newt Scamander arrives at the Magical Congress of the United States of America with a magically expanded briefcase, which houses a number of dangerous creatures and their habitats. When the creatures escape from the briefcase, it sends the American wizarding authorities after Newt, and threatens to strain even further the state of magical and non-magical relations.",/h6NYfVUyM6CDURtZSnBpz647Ldd.jpg,Surprise
454626,tt3794354,Sonic the Hedgehog,2020,7.3,"Action, Comedy, Family, Science Fiction","Powered with incredible speed, Sonic The Hedgehog embraces his new home on Earth. That is, until Sonic sparks the attention of super-uncool evil genius Dr. Robotnik. Now it’s super-villain vs. super-sonic in an all-out race across the globe to stop Robotnik from using Sonic’s unique power for world domination.",/aQvJ5WPzZgYVDrxLX4R6cLJCEaQ.jpg,Surprise
8810,tt0082694,Mad Max 2,1981,7.4,"Action, Adventure, Science Fiction, Thriller","Max Rockatansky returns as the heroic loner who drives the dusty roads of a postapocalyptic Australian Outback in an unending search for gasoline. Arrayed against him and the other scraggly defendants of a fuel-depot encampment are the bizarre warriors commanded by the charismatic Lord Humungus, a violent leader whose scruples are as barren as the surrounding landscape.",/lyFPvG4VJGlBKQtjyQnnpLEMog1.jpg,Surprise
539,tt0054215,Psycho,1960,8.4,"Drama, Horror, Thriller","When larcenous real estate clerk Marion Crane goes on the lam with a wad of cash and hopes of starting a new life, she ends up at the notorious Bates Motel, where manager Norman Bates cares for his housebound mother.",/yz4QVqPx3h1hD1DfqqQkCq3rmxW.jpg,Fear
807,tt0114369,Se7en,1995,8.4,"Crime, Mystery, Thriller","Two homicide detectives are on a desperate hunt for a serial killer whose crimes are based on the ""seven deadly sins"" in this dark and haunting film that takes viewers from the tortured remains of one victim to the next. The seasoned Det. Sommerset researches each sin in an effort to get inside the killer's mind, while his novice partner, Mills, scoffs at his efforts to unravel the case.",/6yoghtyTpznpBik8EngEmJskVUO.jpg,Fear
567,tt0047396,Rear Window,1954,8.4,"Mystery, Thriller",A wheelchair-bound photographer spies on his neighbors from his apartment window and becomes convinced one of them has committed murder.,/qitnZcLP7C9DLRuPpmvZ7GiEjJN.jpg,Fear
694,tt0081505,The Shining,1980,8.2,"Horror, Thriller","Jack Torrance accepts a caretaker job at the Overlook Hotel, where he, along with his wife Wendy and their son Danny, must live isolated from the rest of the world for the winter. But they aren't prepared for the madness that lurks within.",/xazWoLealQwEgqZ89MLZklLZD3k.jpg,Fear
11324,tt1130884,Shutter Island,2010,8.2,"Drama, Mystery, Thriller","World War II soldier-turned-U.S. Marshal Teddy Daniels investigates the disappearance of a patient from a hospital for the criminally insane, but his efforts are compromised by troubling visions and a mysterious doctor.",/4GDy0PHYX3VRXUtwK5ysFbg3kEx.jpg,Fear
1124,tt0482571,The Prestige,2006,8.2,"Drama, Mystery, Science Fiction","A mysterious story of two magicians whose intense rivalry leads them on a life-long battle for supremacy -- full of obsession, deceit and jealousy with dangerous and deadly consequences.",/Ag2B2KHKQPukjH7WutmgnnSNurZ.jpg,Fear
77,tt0209144,Memento,2000,8.2,"Mystery, Thriller","Leonard Shelby is tracking down the man who raped and murdered his wife. The difficulty of locating his wife's killer, however, is compounded by the fact that he suffers from a rare, untreatable form of short-term memory loss. Although he can recall details of life before his accident, Leonard cannot remember what happened fifteen minutes ago, where he's going, or why.",/yuNs09hvpHVU1cBTCAk9zxsL2oW.jpg,Fear
348,tt0078748,Alien,1979,8.1,"Horror, Science Fiction","During its return to the earth, commercial spaceship Nostromo intercepts a distress signal from a distant planet. When a three-member team of the crew discovers a chamber containing thousands of eggs on the planet, a creature inside one of the eggs attacks an explorer. The entire crew is unaware of the impending nightmare set to descend upon them when the alien parasite planted inside its unfortunate host is birthed.",/vfrQk5IPloGg1v9Rzbh2Eg3VGyM.jpg,Fear
426,tt0052357,Vertigo,1958,8.2,"Mystery, Romance, Thriller","A retired San Francisco detective suffering from acrophobia investigates the strange activities of an old friend's wife, all the while becoming dangerously obsessed with her.",/15uOEfqBNTVtDUT7hGBVCka0rZz.jpg,Fear
62,tt0062622,2001: A Space Odyssey,1968,8.1,"Adventure, Mystery, Science Fiction","Humanity finds a mysterious object buried beneath the lunar surface and sets off to find its origins with the help of HAL 9000, the world's most advanced super computer.",/ve72VxNqjGM69Uky4WTo2bK6rfq.jpg,Fear
1091,tt0084787,The Thing,1982,8.0,"Horror, Mystery, Science Fiction","A team of American scientists investigate the empty, destroyed base of their Norwegian counterparts in Antarctica, only to discover a terrifying life force that can take the form of its prey.",/tzGY49kseSE9QAKk47uuDGwnSCu.jpg,Fear
15,tt0033467,Citizen Kane,1941,8.0,"Drama, Mystery","Newspaper magnate, Charles Foster Kane is taken from his mother as a boy and made the ward of a rich industrialist. As a result, every well-meaning, tyrannical or self-destructive move he makes for the rest of his life appears in some way to be a reaction to that deeply wounding event.",/sav0jxhqiH0bPr2vZFU0Kjt2nZL.jpg,Fear
745,tt0167404,The Sixth Sense,1999,7.9,"Drama, Mystery, Thriller","Following an unexpected tragedy, child psychologist Malcolm Crowe meets a nine year old boy named Cole Sear, who is hiding a dark secret.",/4AfSDjjCy6T5LA1TMz0Lh2HlpRh.jpg,Fear
213,tt0053125,North by Northwest,1959,8.0,"Mystery, Thriller","Advertising man Roger Thornhill is mistaken for a spy, triggering a deadly cross-country chase.",/ay0dOKJgyK4VEh3xakV15UgvJMF.jpg,Fear
37257,tt0051201,Witness for the Prosecution,1957,8.2,"Crime, Drama, Mystery","When Leonard Vole is arrested for the sensational murder of a rich, middle-aged widow, the famous Sir Wilfrid Robarts agrees to appear on his behalf. Sir Wilfrid, recovering from a near-fatal heart attack, is supposed to be on a diet of bland, civil suits—but the lure of the criminal courts is too much for him, especially when the case is so difficult.",/mM5Cad2ESBprh6ucPnMzMfI34Cu.jpg,Fear
210577,tt2267998,Gone Girl,2014,7.9,"Drama, Mystery, Thriller","With his wife's disappearance having become the focus of an intense media circus, a man sees the spotlight turned on him when it's suspected that he may not be innocent.",/qymaJhucquUwjpb8oiqynMeXnID.jpg,Fear
339877,tt3262342,Loving Vincent,2017,8.0,"Animation, Drama, History, Mystery",A young man arrives at the last hometown of painter Vincent van Gogh to deliver the troubled artist's final letter and ends up investigating his final days there.,/56sq57kDm7XgyXBYrgJLumo0Jac.jpg,Fear
546554,tt8946378,Knives Out,2019,7.8,"Comedy, Crime, Mystery","When renowned crime novelist Harlan Thrombey is found dead at his estate just after his 85th birthday, the inquisitive and debonair Detective Benoit Blanc is mysteriously enlisted to investigate. From Harlan's dysfunctional family to his devoted staff, Blanc sifts through a web of red herrings and self-serving lies to uncover the truth behind Harlan's untimely death.",/pThyQovXQrw2m0s9x82twj48Jq4.jpg,Fear
829,tt0071315,Chinatown,1974,7.9,"Crime, Drama, Mystery, Thriller","Private eye Jake Gittes lives off of the murky moral climate of sunbaked, pre-World War II Southern California. Hired by a beautiful socialite to investigate her husband's extra-marital affair, Gittes is swept into a maelstrom of double dealings and deadly deceits, uncovering a web of personal and political scandals that come crashing together.",/mQJz8J4naOA7RmCtypTPjgXZIMY.jpg,Fear
141,tt0246578,Donnie Darko,2001,7.8,"Drama, Fantasy, Mystery","After narrowly escaping a bizarre accident, a troubled teenager is plagued by visions of a large bunny rabbit that manipulates him to commit a series of crimes.",/j73zf3TjWR9j8pHLndaHWh0YWvN.jpg,Fear
1018,tt0166924,Mulholland Drive,2001,7.8,"Drama, Mystery, Thriller","Blonde Betty Elms has only just arrived in Hollywood to become a movie star when she meets an enigmatic brunette with amnesia. Meanwhile, as the two set off to solve the second woman's identity, filmmaker Adam Kesher runs into ominous trouble while casting his latest project.",/tVxGt7uffLVhIIcwuldXOMpFBPX.jpg,Fear
452522,tt0278784,Twin Peaks,1989,8.4,"Crime, Drama, Mystery, TV Movie","An idiosyncratic FBI agent investigates the murder of a young woman in the even more idiosyncratic town of Twin Peaks. (This standalone version of the series pilot was produced for the European VHS market and has an alternate, closed ending.)",/Apg4fMfr1Wi19Ilu5HXh4nClCv9.jpg,Fear
1092,tt0041959,The Third Man,1949,7.9,"Mystery, Thriller","In postwar Vienna, Austria, Holly Martins, a writer of pulp Westerns, arrives penniless as a guest of his childhood chum Harry Lime, only to learn he has died. Martins develops a conspiracy theory after learning of a ""third man"" present at the time of Harry's death, running into interference from British officer Major Calloway, and falling head-over-heels for Harry's grief-stricken lover, Anna.",/oIF3l7Dxp7Eyye10BNyM611wtKa.jpg,Fear
273248,tt3460252,The Hateful Eight,2015,7.7,"Drama, Mystery, Western",Bounty hunters seek shelter from a raging blizzard and get caught up in a plot of betrayal and deception.,/jIywvdPjia2t3eKYbjVTcwBQlG8.jpg,Fear
805,tt0063522,Rosemary's Baby,1968,7.8,"Drama, Horror, Thriller","A young couple, Rosemary and Guy, moves into an infamous New York apartment building, known by frightening legends and mysterious events, with the purpose of starting a family.",/s8pdaHjxNPLXIA1WjSTWm00RJTz.jpg,Fear
2118,tt0119488,L.A. Confidential,1997,7.8,"Crime, Mystery, Thriller",Three detectives in the corrupt and brutal L.A. police force of the 1950s use differing methods to uncover a conspiracy behind the shotgun slayings of the patrons at an all-night diner.,/lWCgf5sD5FpMljjpkRhcC8pXcch.jpg,Fear
379170,tt3845232,Sherlock: The Abominable Bride,2016,7.9,"Crime, Drama, Mystery, TV Movie",Sherlock Holmes and Dr. Watson find themselves in 1890s London in this holiday special.,/hibE8cyZs2Bm0o4WaWd1pppvjO2.jpg,Fear
223,tt0032976,Rebecca,1940,7.9,"Drama, Mystery, Romance, Thriller","Story of a young woman who marries a fascinating widower only to find out that she must live in the shadow of his former wife, Rebecca, who died mysteriously several years earlier. The young wife must come to grips with the terrible secret of her handsome, cold husband, Max De Winter. She must also deal with the jealous, obsessed Mrs. Danvers, the housekeeper, who will not accept her as the mistress of the house.",/1qz3qUOHnVy7dL7M7G8jSErxE4b.jpg,Fear
322,tt0327056,Mystic River,2003,7.7,"Crime, Drama, Mystery, Thriller",The lives of three men who were childhood friends are shattered when one of them suffers a family tragedy.,/1tyi6RZzbJ9bE0g0GUf6Q7BWLvv.jpg,Fear
992,tt0015324,Sherlock Jr.,1924,8.1,"Action, Comedy, Mystery","A film projectionist longs to be a detective, and puts his meagre skills to work when he is framed by a rival for stealing his girlfriend's father's pocketwatch.",/1G9r3rqtbFAQuyWKOZm4Y5J5s7Q.jpg,Fear
9552,tt0070047,The Exorcist,1973,7.7,Horror,"12-year-old Regan MacNeil begins to adapt an explicit new personality as strange events befall the local area of Georgetown. Her mother becomes torn between science and superstition in a desperate bid to save her daughter, and ultimately turns to her last hope: Father Damien Karras, a troubled priest who is struggling with his own faith.",/4ucLGcXVVSVnsfkGtbLY4XAius8.jpg,Fear
142061,tt2166834,"Batman: The Dark Knight Returns, Part 2",2013,7.9,"Action, Animation, Mystery, Science Fiction",Batman has stopped the reign of terror that The Mutants had cast upon his city.  Now an old foe wants a reunion and the government wants The Man of Steel to put a stop to Batman.,/arEZYd6uMOFTILne9Ux0A8qctMe.jpg,Fear
414906,tt1877830,The Batman,2022,7.7,"Crime, Mystery, Thriller","In his second year of fighting crime, Batman uncovers corruption in Gotham City that connects to his own family while facing a serial killer known as the Riddler.",/74xTEgt7R36Fpooo50r9T25onhq.jpg,Fear
44214,tt0947798,Black Swan,2010,7.7,"Drama, Horror, Thriller",A journey through the psyche of a young ballerina whose starring role as the duplicitous swan queen turns out to be a part for which she becomes frighteningly perfect.,/rH19vkjAzCZ0HIUvrgB3rowm68h.jpg,Fear
578,tt0073195,Jaws,1975,7.7,"Adventure, Horror, Thriller","When an insatiable great white shark terrorizes the townspeople of Amity Island, the police chief, an oceanographer and a grizzled shark hunter seek to destroy the blood-thirsty beast.",/lxM6kqilAdpdhqUl2biYp5frUxE.jpg,Fear
756999,tt7144666,The Black Phone,2022,7.7,"Horror, Thriller","Finney Blake, a shy but clever 13-year-old boy, is abducted by a sadistic killer and trapped in a soundproof basement where screaming is of little use. When a disconnected phone on the wall begins to ring, Finney discovers that he can hear the voices of the killer’s previous victims. And they are dead set on making sure that what happened to them doesn’t happen to Finney.",/lr11mCT85T1JanlgjMuhs9nMht4.jpg,Fear
92060,tt0088263,Michael Jackson's Thriller,1983,8.2,"Horror, Music",A night at the movies turns into a nightmare when Michael and his date are attacked by a horde of bloody-thirsty zombies.,/djv4LM6uanJriwpsOyJzaaSp4gf.jpg,Fear
419430,tt5052448,Get Out,2017,7.6,"Horror, Mystery, Thriller","Chris and his girlfriend Rose go upstate to visit her parents for the weekend. At first, Chris reads the family's overly accommodating behavior as nervous attempts to deal with their daughter's interracial relationship, but as the weekend progresses, a series of increasingly disturbing discoveries lead him to a truth that he never could have imagined.",/mE24wUCfjK8AoBBjaMjho7Rczr7.jpg,Fear
329865,tt2543164,Arrival,2016,7.6,"Drama, Mystery, Science Fiction","Taking place after alien crafts land around the world, an expert linguist is recruited by the military to determine whether they come in peace or are a threat.",/x2FJsf1ElAgr63Y3PNPtJrcmpoe.jpg,Fear
10242,tt0056687,What Ever Happened to Baby Jane?,1962,7.9,"Drama, Horror, Thriller",A former child star torments her paraplegic sister in their decaying Hollywood mansion.,/msGYzyWwtjAaA3DScdgmvJ5MReG.jpg,Fear
63,tt0114746,Twelve Monkeys,1995,7.6,"Mystery, Science Fiction, Thriller","In the year 2035, convict James Cole reluctantly volunteers to be sent back in time to discover the origin of a deadly virus that wiped out nearly all of the earth's population and forced the survivors into underground communities. But when Cole is mistakenly sent to 1990 instead of 1996, he's arrested and locked up in a mental hospital. There he meets psychiatrist Dr. Kathryn Railly, and patient Jeffrey Goines, the son of a famous virus expert, who may hold the key to the mysterious rogue group, the Army of the 12 Monkeys, thought to be responsible for unleashing the killer disease.",/gt3iyguaCIw8DpQZI1LIN5TohM2.jpg,Fear
1933,tt0230600,The Others,2001,7.6,"Horror, Mystery, Thriller","Grace is a religious woman who lives in an old house kept dark because her two children, Anne and Nicholas, have a rare sensitivity to light. When the family begins to suspect the house is haunted, Grace fights to protect her children at any cost in the face of strange events and disturbing visions.",/p8g1vlTvpM6nr2hMMiZ1fUlKF0D.jpg,Fear
1480,tt0052311,Touch of Evil,1958,7.8,"Crime, Mystery, Thriller","When a car bomb explodes on the American side of the U.S./Mexico border, Mexican drug enforcement agent Miguel Vargas begins his investigation, along with American police captain Hank Quinlan. When Vargas begins to suspect that Quinlan and his shady partner, Menzies, are planting evidence to frame an innocent man, his investigations into their possible corruption quickly put himself and his new bride, Susie, in jeopardy.",/1pvRgmfBaoMczIJBOi9gCOZ4FMC.jpg,Fear
1592,tt0117381,Primal Fear,1996,7.7,"Crime, Drama, Mystery, Thriller","An arrogant, high-powered attorney takes on the case of a poor altar boy found running away from the scene of the grisly murder of the bishop who has taken him in. The case gets a lot more complex when the accused reveals that there may or may not have been a third person in the room.",/qJf2TzE8nRTFbFMPJNW6c8mI0KU.jpg,Fear
303,tt0038787,Notorious,1946,7.8,"Mystery, Romance, Thriller","In order to help bring Nazis to justice, U.S. government agent T.R. Devlin recruits Alicia Huberman, the American daughter of a convicted German war criminal, as a spy. As they begin to fall for one another, Alicia is instructed to win the affections of Alexander Sebastian, a Nazi hiding out in Brazil. When Sebastian becomes serious about his relationship with Alicia, the stakes get higher, and Devlin must watch her slip further undercover.",/yUjKnpColooH88BFQJwwgNOQ56N.jpg,Fear
40662,tt1569923,Batman: Under the Red Hood,2010,7.8,"Action, Animation, Crime, Mystery, Science Fiction","One part vigilante, one part criminal kingpin, Red Hood begins cleaning up Gotham with the efficiency of Batman, but without following the same ethical code.",/7lmHqHg1rG9b4U8MjuyQjmJ7Qm0.jpg,Fear
136,tt0022913,Freaks,1932,7.8,"Drama, Horror","A circus' beautiful trapeze artist agrees to marry the leader of side-show performers, but his deformed friends discover she is only marrying him for his inheritance.",/idK9v05lDtXm67bylUhQyvVlZM6.jpg,Fear
123025,tt2313197,"Batman: The Dark Knight Returns, Part 1",2012,7.7,"Action, Animation, Mystery, Science Fiction","Batman has not been seen for ten years. A new breed of criminal ravages Gotham City, forcing 55-year-old Bruce Wayne back into the cape and cowl. But, does he still have what it takes to fight crime in a new era?",/kkjTbwV1Xnj8wBL52PjOcXzTbnb.jpg,Fear
793,tt0090756,Blue Velvet,1986,7.6,"Crime, Mystery, Thriller","The discovery of a severed human ear found in a field leads a young man on an investigation related to a beautiful, mysterious nightclub singer and a group of criminals who have kidnapped her child.",/7hlgzJXLgyECS1mk3LSN3E72l5N.jpg,Fear
963,tt0033870,The Maltese Falcon,1941,7.7,"Crime, Mystery, Thriller","A private detective takes on a case that involves him with three eccentric criminals, a beautiful liar, and their quest for a priceless statuette.",/bf4o6Uzw5wqLjdKwRuiDrN1xyvl.jpg,Fear
3580,tt0824747,Changeling,2008,7.6,"Crime, Drama, Mystery","Christine Collins is overjoyed when her kidnapped son is brought back home. But when Christine suspects that the boy returned to her isn't her child, the police captain has her committed to an asylum.",/iECXjFF8JkTnNJvik14WbPpc9s9.jpg,Fear
489999,tt7668870,Searching,2018,7.6,"Drama, Mystery, Thriller","After David Kim's 16-year-old daughter goes missing, a local investigation is opened and a detective is assigned to the case. But 37 hours later and without a single lead, David decides to search the one place no one has looked yet, where all secrets are kept today: his daughter's laptop.",/9N0T3BaHZNdUCcMZQIM3yMUFwEh.jpg,Fear
138843,tt1457767,The Conjuring,2013,7.5,"Horror, Thriller","Paranormal investigators Ed and Lorraine Warren work to help a family terrorized by a dark presence in their farmhouse. Forced to confront a powerful entity, the Warrens find themselves caught in the most terrifying case of their lives.",/wVYREutTvI2tmxr6ujrHT704wGF.jpg,Fear
2649,tt0119174,The Game,1997,7.6,"Drama, Mystery, Thriller","In honor of his birthday, San Francisco banker Nicholas Van Orton, a financial genius and a cold-hearted loner, receives an unusual present from his younger brother, Conrad: a gift certificate to play a unique kind of game. In nary a nanosecond, Nicholas finds himself consumed by a dangerous set of ever-changing rules, unable to distinguish where the charade ends and reality begins.",/4UOa079915QjiTA2u5hT2yKVgUu.jpg,Fear
246741,tt3416742,What We Do in the Shadows,2014,7.6,"Comedy, Horror",Vampire housemates try to cope with the complexities of modern life and show a newly turned hipster some of the perks of being undead.,/ftrq6LsDNfLPQzrlonOaxSq4yMh.jpg,Fear
948,tt0077651,Halloween,1978,7.6,"Horror, Thriller","Fifteen years after murdering his sister on Halloween Night 1963, Michael Myers escapes from a mental hospital and returns to the small town of Haddonfield, Illinois to kill again.",/wijlZ3HaYMvlDTPqJoTCWKFkCPU.jpg,Fear
747,tt0365748,Shaun of the Dead,2004,7.5,"Comedy, Horror","Shaun lives a supremely uneventful life, which revolves around his girlfriend, his mother, and, above all, his local pub. This gentle routine is threatened when the dead return to life and make strenuous attempts to snack on ordinary Londoners.",/dgXPhzNJH8HFTBjXPB177yNx6RI.jpg,Fear
782,tt0119177,Gattaca,1997,7.5,"Mystery, Romance, Science Fiction, Thriller","In a future society in the era of indefinite eugenics, humans are set on a life course depending on their DNA. Young Vincent Freeman is born with a condition that would prevent him from space travel, yet is determined to infiltrate the GATTACA space program.",/eSKr5Fl1MEC7zpAXaLWBWSBjgJq.jpg,Fear
765,tt0092991,Evil Dead II,1987,7.6,"Comedy, Fantasy, Horror","Ash Williams and his girlfriend Linda find a log cabin in the woods with a voice recording from an archeologist who had recorded himself reciting ancient chants from ""The Book of the Dead."" As they play the recording an evil power is unleashed taking over Linda's body.",/4zqCKJVHUolGs6C5AZwAZqLWixW.jpg,Fear
93,tt0052561,Anatomy of a Murder,1959,7.8,"Crime, Drama, Mystery","Semi-retired Michigan lawyer Paul Biegler takes the case of Army Lt. Manion, who murdered a local innkeeper after his wife claimed that he raped her. Over the course of an extensive trial, Biegler parries with District Attorney Lodwick and out-of-town prosecutor Claude Dancer to set his client free, but his case rests on the victim's mysterious business partner, who's hiding a dark secret.",/zMxLbSPpToTCc6yK2Gddhx6nHNN.jpg,Fear
10331,tt0063350,Night of the Living Dead,1968,7.6,Horror,"A disparate group of individuals takes refuge in an abandoned house when corpses begin to leave the graveyard in search of fresh human bodies to devour. The pragmatic Ben does his best to control the situation, but when the murderous zombies surround the house, the other survivors begin to panic.",/iLgyayS7fl6FrWDq7htq8K13WuI.jpg,Fear
891,tt0074119,All the President's Men,1976,7.7,"Drama, History, Mystery, Thriller","During the 1972 elections, two reporters' investigation sheds light on the controversial Watergate scandal that compels President Nixon to resign from his post.",/cPtSHR7D2WGsDBfnC5DxV927hKn.jpg,Fear
1949,tt0443706,Zodiac,2007,7.5,"Crime, Drama, Mystery, Thriller",A cartoonist teams up with an ace reporter and a law enforcement officer to track down an elusive serial killer.,/6YmeO4pB7XTh8P8F960O1uA14JO.jpg,Fear
4808,tt0056923,Charade,1963,7.7,"Comedy, Mystery, Romance","After Regina Lampert falls for the dashing Peter Joshua on a skiing holiday in the French Alps, she discovers upon her return to Paris that her husband has been murdered. Soon, she and Peter are giving chase to three of her late husband's World War II cronies, Tex, Scobie and Gideon, who are after a quarter of a million dollars the quartet stole while behind enemy lines. But why does Peter keep changing his name?",/ijJ73UgR6nOqjSP8MO0Z7hawCdm.jpg,Fear
520763,tt8332922,A Quiet Place Part II,2021,7.5,"Horror, Science Fiction, Thriller","Following the events at home, the Abbott family now face the terrors of the outside world. Forced to venture into the unknown, they realize that the creatures that hunt by sound are not the only threats that lurk beyond the sand path.",/4q2hz2m8hubgvijz8Ez0T2Os2Yv.jpg,Fear
638,tt0116922,Lost Highway,1997,7.6,"Drama, Mystery, Thriller","A tormented jazz musician finds himself lost in an enigmatic story involving murder, surveillance, gangsters, doppelgängers, and an impossible transformation inside a prison cell.",/5POhfNeFPIi4VUNwCTaK85sh98r.jpg,Fear
503919,tt7984734,The Lighthouse,2019,7.5,"Drama, Fantasy, Horror, Thriller",Two lighthouse keepers try to maintain their sanity while living on a remote and mysterious New England island in the 1890s.,/4SC4cyzHWWzDEdszdxHYPWd32YH.jpg,Fear
571,tt0056869,The Birds,1963,7.5,Horror,"Chic socialite Melanie Daniels enjoys a passing flirtation with an eligible attorney in a San Francisco pet shop and, on an impulse, follows him to his hometown bearing a gift of lovebirds. But upon her arrival, the bird population runs amok. Suddenly, the townsfolk face a massive avian onslaught, with the feathered fiends inexplicably attacking people all over Bodega Bay.",/z0iYrJ6GsAMP3abOha7uGMuc5kZ.jpg,Fear
423108,tt7069210,The Conjuring: The Devil Made Me Do It,2021,7.5,"Horror, Mystery, Thriller","Paranormal investigators Ed and Lorraine Warren encounter what would become one of the most sensational cases from their files. The fight for the soul of a young boy takes them beyond anything they'd ever seen before, to mark the first time in U.S. history that a murder suspect would claim demonic possession as a defense.",/xbSuFiJbbBWCkyCCKIMfuDCA4yV.jpg,Fear
2501,tt0258463,The Bourne Identity,2002,7.5,"Action, Drama, Mystery, Thriller","Wounded to the brink of death and suffering from amnesia, Jason Bourne is rescued at sea by a fisherman. With nothing to go on but a Swiss bank account number, he starts to reconstruct his life, but finds that many people he encounters want him dead. However, Bourne realizes that he has the combat and mental skills of a world-class spy—but who does he work for?",/aP8swke3gmowbkfZ6lmNidu0y9p.jpg,Fear
345,tt0120663,Eyes Wide Shut,1999,7.5,"Drama, Mystery, Thriller","After Dr. Bill Harford's wife, Alice, admits to having sexual fantasies about a man she met, Bill becomes obsessed with having a sexual encounter. He discovers an underground sexual group and attends one of their meetings -- and quickly discovers that he is in over his head.",/knEIz1eNGl5MQDbrEAVWA7iRqF9.jpg,Fear
829280,tt14641788,Enola Holmes 2,2022,7.5,"Adventure, Comedy, Crime, Mystery","Now a detective-for-hire like her infamous brother, Enola Holmes takes on her first official case to find a missing girl, as the sparks of a dangerous conspiracy ignite a mystery that requires the help of friends — and Sherlock himself — to unravel.",/tegBpjM5ODoYoM1NjaiHVLEA0QM.jpg,Fear
186,tt0425210,Lucky Number Slevin,2006,7.5,"Crime, Drama, Mystery, Thriller","Slevin is mistakenly put in the middle of a personal war between the city’s biggest criminal bosses. Under constant watch, Slevin must try not to get killed by an infamous assassin and come up with an idea of how to get out of his current dilemma.",/x21s3p5wPww534nYj1cWakTcqz4.jpg,Fear
244,tt0024216,King Kong,1933,7.6,"Adventure, Fantasy, Horror","Adventurous filmmaker Carl Denham sets out to produce a motion picture unlike anything the world has seen before. Alongside his leading lady Ann Darrow and his first mate Jack Driscoll, they arrive on an island and discover a legendary creature said to be neither beast nor man. Denham captures the monster to be displayed on Broadway as King Kong, the eighth wonder of the world.",/lHlnxKL5GbgRibyRFI7n1Ey850i.jpg,Fear
1813,tt0118971,The Devil's Advocate,1997,7.5,"Drama, Horror, Mystery, Thriller","Aspiring Florida defense lawyer Kevin Lomax accepts a job at a New York law firm. With the stakes getting higher every case, Kevin quickly learns that his boss has something far more evil planned.",/5ZzBGpxy55OQzHxKVY11IpY6a0o.jpg,Fear
11482,tt0074811,The Tenant,1976,7.7,"Horror, Mystery, Thriller",A quiet and inconspicuous man rents an apartment in France where he finds himself drawn into a rabbit hole of dangerous paranoia.,/4Qhzb1ICFMqE3isWoln497qSH7n.jpg,Fear
6114,tt0103874,Bram Stoker's Dracula,1992,7.4,"Horror, Romance","When Dracula leaves the captive Jonathan Harker and Transylvania for London in search of Mina Murray, the reincarnation of Dracula's long-dead wife Elisabeta, obsessed vampire hunter Dr. Van Helsing sets out to end the madness.",/scFDS0U5uYAjcVTyjNc7GmcZw1q.jpg,Fear
2503,tt0440963,The Bourne Ultimatum,2007,7.4,"Action, Drama, Mystery, Thriller","Bourne is brought out of hiding once again by reporter Simon Ross who is trying to unveil Operation Blackbriar, an upgrade to Project Treadstone, in a series of newspaper columns. Information from the reporter stirs a new set of memories, and Bourne must finally uncover his dark past while dodging The Company's best efforts to eradicate him.",/15rMz5MRXFp7CP4VxhjYw4y0FUn.jpg,Fear
10633,tt0061811,In the Heat of the Night,1967,7.7,"Crime, Drama, Mystery, Thriller","African-American Philadelphia police detective Virgil Tibbs is arrested on suspicion of murder by Bill Gillespie, the racist police chief of tiny Sparta, Mississippi. After Tibbs proves not only his own innocence but that of another man, he joins forces with Gillespie to track down the real killer. Their investigation takes them through every social level of the town, with Tibbs making enemies as well as unlikely friends as he hunts for the truth.",/fvqHTabYej3LwzKRRZCm6jV3g0O.jpg,Fear
447332,tt6644200,A Quiet Place,2018,7.4,"Drama, Horror, Science Fiction",A family is forced to live in silence while hiding from creatures that hunt by sound.,/nAU74GmpUk7t5iklEp3bufwDq4n.jpg,Fear
36685,tt0073629,The Rocky Horror Picture Show,1975,7.5,"Comedy, Fantasy, Horror, Science Fiction","Sweethearts Brad and Janet, stuck with a flat tire during a storm, discover the eerie mansion of Dr. Frank-N-Furter, a transvestite scientist. As their innocence is lost, Brad and Janet meet a houseful of wild characters, including a rocking biker and a creepy butler. Through elaborate dances and rock songs, Frank-N-Furter unveils his latest creation: a muscular man named 'Rockv'.",/3pyE6ZqDbuJi7zrNzzQzcKTWdmN.jpg,Fear
192,tt0091605,The Name of the Rose,1986,7.5,"Drama, Mystery, Thriller","14th-century Franciscan monk William of Baskerville and his young novice arrive at a conference to find that several monks have been murdered under mysterious circumstances. To solve the crimes, William must rise up against the Church's authority and fight the shadowy conspiracy of monastery monks using only his intelligence – which is considerable.",/2BuVu0j6v2kNY2gGxtO3sDGyob2.jpg,Fear
395834,tt5362988,Wind River,2017,7.4,"Crime, Drama, Mystery, Thriller",An FBI agent teams with the town's veteran game tracker to investigate a murder that occurred on a Native American reservation.,/pySivdR845Hom4u4T2WNkJxe6Ad.jpg,Fear
176,tt0387564,Saw,2004,7.4,"Crime, Horror, Mystery","Obsessed with teaching his victims the value of life, a deranged, sadistic serial killer abducts the morally wayward. Once captured, they must face impossible choices in a horrific game of survival. The victims must fight to win their lives back, or die trying...",/4da0TS3iQ1IzuyhDS8elgkmOfrN.jpg,Fear
4232,tt0117571,Scream,1996,7.4,"Crime, Horror, Mystery","A year after the murder of her mother, Sidney Prescott is terrorized by a masked killer who targets her and her friends by using scary movies as part of a deadly game.",/aXAByjBN8UhaYvotqRCwa5MsMGu.jpg,Fear
682507,tt9411972,Where the Crawdads Sing,2022,7.6,"Drama, Mystery, Romance","Abandoned by her family, Kya raises herself all alone in the marshes outside of her small town. When her former boyfriend is found dead, Kya is instantly branded by the local townspeople and law enforcement as the prime suspect for his murder.",/6h5OCqRnWH7Dcm4IeP4JypBdtuI.jpg,Fear
592,tt0071360,The Conversation,1974,7.5,"Crime, Drama, Mystery","Surveillance expert Harry Caul is hired by a mysterious client's brusque aide to tail a young couple. Tracking the pair through San Francisco's Union Square, Caul and his associate Stan manage to record a cryptic conversation between them. Tormented by memories of a previous case that ended badly, Caul becomes obsessed with the resulting tape, trying to determine if the couple is in danger.",/9LGN30PhmzAZhDc23yFBZAHtNST.jpg,Fear
686,tt0118884,Contact,1997,7.4,"Drama, Mystery, Science Fiction","A radio astronomer receives the first extraterrestrial radio signal ever picked up on Earth. As the world powers scramble to decipher the message and decide upon a course of action, she must make some difficult decisions between her beliefs, the truth, and reality.",/bCpMIywuNZeWt3i5UMLEIc0VSwM.jpg,Fear
923,tt0077402,Dawn of the Dead,1978,7.5,Horror,"During an ever-growing epidemic of zombies that have risen from the dead, two Philadelphia SWAT team members, a traffic reporter, and his television-executive girlfriend seek refuge in a secluded shopping mall.",/h6aVbUsiJB3Le1xrhyZXsXZOI3h.jpg,Fear
910,tt0038355,The Big Sleep,1946,7.6,"Crime, Mystery, Romance","Private Investigator Philip Marlowe is hired by wealthy General Sternwood regarding a matter involving his youngest daughter Carmen. Before the complex case is over, Marlowe sees murder, blackmail, deception, and what might be love.",/lraHo9D8c0YWfxsKqT5P5sVqMKN.jpg,Fear
9426,tt0091064,The Fly,1986,7.4,"Horror, Science Fiction","When Seth Brundle makes a huge scientific and technological breakthrough in teleportation, he decides to test it on himself. Unbeknownst to him, a common housefly manages to get inside the device and the two become one.",/8gZWMhJHRvaXdXsNhERtqNHYpH3.jpg,Fear
628,tt0110148,Interview with the Vampire,1994,7.4,"Drama, Fantasy, Horror","A vampire relates his epic life story of love, betrayal, loneliness, and dark hunger to an over-curious reporter.",/2162lAT2MP36MyJd2sttmj5du5T.jpg,Fear
13151,tt0166792,Scooby-Doo on Zombie Island,1998,7.7,"Animation, Family, Horror, Mystery","After going their separate ways, Scooby-Doo, Shaggy, Velma, Daphne, and Fred reunite to investigate the ghost of Moonscar the pirate on a haunted bayou island, but it turns out the swashbuckler's spirit isn't the only creepy character on the island. The sleuths also meet up with cat creatures and zombies... and it looks like for the first time in their lives, these ghouls might actually be real.",/7EdvFUGvT5Pn8rUFRKCrdUzNthf.jpg,Fear
65754,tt1568346,The Girl with the Dragon Tattoo,2011,7.4,"Crime, Mystery, Thriller","This English-language adaptation of the Swedish novel by Stieg Larsson follows a disgraced journalist, Mikael Blomkvist, as he investigates the disappearance of a weary patriarch's niece from 40 years ago. He is aided by the pierced, tattooed, punk computer hacker named Lisbeth Salander. As they work together in the investigation, Blomkvist and Salander uncover immense corruption beyond anything they have ever imagined.",/zqDopwg7XQ4IfFX2dRlQCT1SwMG.jpg,Fear
3035,tt0021884,Frankenstein,1931,7.5,"Drama, Horror, Science Fiction","Dr. Henry Frankenstein attempts to create life by assembling a creature from body parts of the deceased. Aided by his loyal misshapen assistant, Fritz, Frankenstein succeeds in animating his monster, but, confused and traumatized, it escapes into the countryside and begins to wreak havoc. Frankenstein searches for the elusive being and eventually must confront his tormented creation.",/mu6wHwH0IwCCaEYtpqujuPJYat1.jpg,Fear
381288,tt4972582,Split,2017,7.3,"Horror, Thriller","Though Kevin has evidenced 23 personalities to his trusted psychiatrist, Dr. Fletcher, there remains one still submerged who is set to materialize and dominate all the others. Compelled to abduct three teenage girls led by the willful, observant Casey, Kevin reaches a war for survival among all of those contained within him — as well as everyone around him — as the walls between his compartments shatter apart.",/lli31lYTFpvxVBeFHWoe5PMfW5s.jpg,Fear
1939,tt0037008,Laura,1944,7.7,"Drama, Mystery",A police detective falls in love with the woman whose murder he's investigating.,/j0zEiFFrdbZnMXqD3piOtZBJeNB.jpg,Fear
13183,tt0409459,Watchmen,2009,7.3,"Action, Mystery, Science Fiction","In a gritty and alternate 1985 the glory days of costumed vigilantes have been brought to a close by a government crackdown, but after one of the masked veterans is brutally murdered, an investigation into the killer is initiated. The reunited heroes set out to prevent their own destruction, but in doing so uncover a sinister plot that puts all of humanity in grave danger.",/aZvOkdo203bm1kpcY0A0Tn074ER.jpg,Fear
539517,tt9177882,Constantine: City of Demons - The Movie,2018,7.7,"Action, Animation, Fantasy, Horror","A decade after a tragic mistake, family man Chas and occult detective John Constantine set out to cure Chas’s daughter Trish from a mysterious supernatural coma. With the help of the mysterious Nightmare Nurse, the influential Queen of Angels, and brutal Aztec God Mictlantecuhtli, the pair just might have a chance at outsmarting the demon Beroul to save Trish’s soul. In a world of shadows and dark magic, not everything is what it seems, and there’s always a price to pay. The path to redemption is never easy, and if Constantine is to succeed, he must navigate through the dark urban underbelly of Los Angeles, outwit the most cunning spawns of hell, and come face to face with arch-nemesis Nergal – all while battling his own inner demons!",/tZIMe2pYug1cS9e7AZnd1bTTidM.jpg,Fear
185789,tt1619856,Mulholland Dr.,1999,7.8,"Drama, Mystery, TV Movie, Thriller","Initially, ""Mulholland Dr."" was to mark David Lynch's return to television. It is a retooling of a script originally shot as a 94-minute pilot for a TV series (co-written with TV screenwriter Joyce Eliason) for the channel ABC, which had approved the script, but chose not even to air the pilot once it was done in 1999, despite Lynch's labours to cut the project to their liking. It was left in limbo until 18 month later French company Studio Canal Plus (also producer of 'The Straight Story') agreed to pay ABC $7 million for the pilot, and budget a few million more to turn the pilot into a two-hour, 27-minute movie. The cost of the film doubled to $14 million as sets had to be reconstructed and actors recalled.",/oGXtT5UW8lDWt8uxlww2zw9GmBs.jpg,Fear
985,tt0074486,Eraserhead,1977,7.4,Horror,"First time father Henry Spencer tries to survive his industrial environment, his angry girlfriend, and the unbearable screams of his newly born mutant child.",/mxveW3mGVc0DzLdOmtkZsgd7c3B.jpg,Fear
576845,tt9639470,Last Night in Soho,2021,7.4,"Horror, Mystery, Thriller","A young girl, passionate about fashion design, is mysteriously able to enter the 1960s where she encounters her idol, a dazzling wannabe singer. But 1960s London is not what it seems, and time seems to be falling apart with shady consequences.",/ahbwIJl7T0D34m3sPKlBaCqs2xH.jpg,Fear
2252,tt0765443,Eastern Promises,2007,7.4,"Crime, Mystery, Thriller","A Russian teenager, living in London, dies during childbirth but leaves clues to a midwife in her journal, that could tie her child to a rape involving a violent Russian mob family.",/dpiJWb4NrWgcOg2rusuLhDM0hTm.jpg,Fear
19908,tt1156398,Zombieland,2009,7.3,"Comedy, Horror","Columbus has made a habit of running from what scares him. Tallahassee doesn't have fears. If he did, he'd kick their ever-living ass. In a world overrun by zombies, these two are perfectly evolved survivors. But now, they're about to stare down the most terrifying prospect of all: each other.",/dUkAmAyPVqubSBNRjRqCgHggZcK.jpg,Fear
574,tt0049470,The Man Who Knew Too Much,1956,7.5,"Mystery, Thriller","A couple vacationing in Morocco with their young son accidentally stumble upon an assassination plot. When the child is kidnapped to ensure their silence, they have to take matters into their own hands to save him.",/gy8YBRjCQRIT9x9G9F5fpnFD4xw.jpg,Fear
377,tt0087800,A Nightmare on Elm Street,1984,7.3,Horror,"Teenagers in a small town are dropping like flies, apparently in the grip of mass hysteria causing their suicides. A cop's daughter, Nancy Thompson, traces the cause to child molester Fred Krueger, who was burned alive by angry parents many years before. Krueger has now come back in the dreams of his killers' children, claiming their lives as his revenge. Nancy and her boyfriend, Glen, must devise a plan to lure the monster out of the realm of nightmares and into the real world...",/wGTpGGRMZmyFCcrY2YoxVTIBlli.jpg,Fear
632,tt0046359,Stalag 17,1953,7.7,"Comedy, Drama, Mystery, War","It's a dreary Christmas 1944 for the American POWs in Stalag 17 and the men in Barracks 4, all sergeants, have to deal with a grave problem—there seems to be a security leak.",/lfve9FDKjT7JPbWI9NCs5340F79.jpg,Fear
180,tt0181689,Minority Report,2002,7.3,"Action, Mystery, Science Fiction, Thriller","John Anderton is a top 'Precrime' cop in the late-21st century, when technology can predict crimes before they're committed. But Anderton becomes the quarry when another investigator targets him for a murder charge.",/ccqpHq5tk5W4ymbSbuoy4uYOxFI.jpg,Fear
794,tt0075005,The Omen,1976,7.4,"Horror, Thriller","Immediately after their miscarriage, the US diplomat Robert Thorn adopts the newborn Damien without the knowledge of his wife. Yet what he doesn’t know is that their new son is the son of the devil.",/p0LcWxOIoBx0MEZMn8tFcrvDXR1.jpg,Fear
46838,tt1465522,Tucker and Dale vs. Evil,2010,7.4,"Comedy, Horror","Two hillbillies are suspected of being killers by a group of paranoid college kids camping near the duo's West Virginian cabin. As the body count climbs, so does the fear and confusion as the college kids try to seek revenge against the pair.",/8shwLEDzajJGSfLgbpac8x8xn1U.jpg,Fear
45612,tt0945513,Source Code,2011,7.3,"Mystery, Science Fiction, Thriller","When decorated soldier Captain Colter Stevens wakes up in the body of an unknown man, he discovers he's part of a mission to find the bomber of a Chicago commuter train.",/faCR2lavXBKeCS6N7STIMDLMCDL.jpg,Fear
814,tt0082010,An American Werewolf in London,1981,7.4,"Comedy, Horror",Two American tourists in England are attacked by a werewolf that none of the locals will admit exists.,/irEKwh8006t02o41Xw7G5tIUF3r.jpg,Fear
259693,tt3065204,The Conjuring 2,2016,7.3,"Horror, Thriller",Lorraine and Ed Warren travel to north London to help a single mother raising four children alone in a house plagued by malicious spirits.,/zEqyD0SBt6HL7W9JQoWwtd5Do1T.jpg,Fear
229,tt0026138,The Bride of Frankenstein,1935,7.5,"Drama, Horror, Science Fiction","After recovering from injuries sustained in the mob attack upon himself and his creation, Dr. Frankenstein falls under the control of his former mentor, Dr. Pretorius, who insists the now-chastened doctor resume his experiments in creating new life. Meanwhile, the Monster remains on the run from those who wish to destroy him without understanding that his intentions are generally good despite his lack of socialization and self-control.",/5241zUwe7rC17MNc2QpCBKKdp1N.jpg,Fear
993,tt0069281,Sleuth,1972,7.7,"Comedy, Crime, Mystery, Thriller",A mystery novelist devises an insurance scam with his wife's lover – but things aren't exactly as they seem.,/jAREYLUnYGwPjbQr0vs1s38QLkH.jpg,Fear
497582,tt7846844,Enola Holmes,2020,7.3,"Adventure, Comedy, Crime, Mystery","While searching for her missing mother, intrepid teen Enola Holmes uses her sleuthing skills to outsmart big brother Sherlock and help a runaway lord.",/riYInlsq2kf1AWoGm80JQW5dLKp.jpg,Fear
14919,tt0106364,Batman: Mask of the Phantasm,1993,7.5,"Action, Animation, Crime, Mystery","When a powerful criminal, who is connected to Bruce Wayne's ex-girlfriend, blames the Dark Knight for killing a crime lord, Batman decides to fight against him.",/l4jaQjkgznu2Rz05X18f24UjPNW.jpg,Fear
476299,tt6195094,Ghostland,2018,7.3,"Horror, Mystery, Thriller","A mother of two inherits a home from her aunt. On the first night in the new home she is confronted with murderous intruders and fights for her daughters’ lives. Sixteen years later the daughters reunite at the house, and that is when things get strange . . .",/rMOEWekwTpsqsdsz1k8HobBNFPq.jpg,Fear
763,tt0103873,Braindead,1992,7.4,"Comedy, Horror","When a Sumatran rat-monkey bites Lionel Cosgrove's mother, she's transformed into a zombie and begins killing (and transforming) the entire town while Lionel races to keep things under control.",/pa39D8TQs6aNw3hiUs4jLjHVUB0.jpg,Fear
764,tt0083907,The Evil Dead,1981,7.3,Horror,Five vacationing college students unwittingly resurrect demonic spirits through the Book of the Dead. Now there is no escape. The guilty must be punished.,/uYxQ6xhP3WjqPZtxyAOnZQWnZqn.jpg,Fear
493922,tt7784604,Hereditary,2018,7.3,"Horror, Mystery, Thriller","When Ellen, the matriarch of the Graham family, passes away, her daughter's family begins to unravel cryptic and increasingly terrifying secrets about their ancestry.",/p9fmuz2Oj3HtEJEqbIwkFGUhVXD.jpg,Fear
11549,tt0049366,Invasion of the Body Snatchers,1956,7.5,"Horror, Science Fiction",A small-town doctor learns that the population of his community is being replaced by emotionless alien duplicates.,/8BrMQmgwGzIHSyBjCDOLOdi79fJ.jpg,Fear
2666,tt0118929,Dark City,1998,7.3,"Mystery, Science Fiction","A man struggles with memories of his past, including a wife he cannot remember, in a nightmarish world with no sun and run by beings with telekinetic powers who seek the souls of humans.",/eudlRpBPNQQKezaHxEavNecvc1X.jpg,Fear
546121,tt8633478,Run,2020,7.3,"Drama, Horror, Thriller","Chloe, a teenager who is confined to a wheelchair, is homeschooled by her mother, Diane. Chloe soon becomes suspicious of her mother and begins to suspect that she may be harboring a dark secret.",/ilHG4EayOVoYeKqslspY3pR4wzC.jpg,Fear
843906,tt14903892,Straight Outta Nowhere: Scooby-Doo! Meets Courage the Cowardly Dog,2021,7.9,"Animation, Comedy, Family, Fantasy, Mystery","With Mystery, Inc. on the tail of a strange object in Nowhere, Kansas, the strange hometown of Eustice, Muriel, and Courage, the gang soon find themselves contending with a giant cicada monster and her winged warriors.",/rlQJnQfPgaSGQtyMw35VOIqoIsj.jpg,Fear
4771,tt0452623,Gone Baby Gone,2007,7.3,"Crime, Drama, Mystery","When 4 year old Amanda McCready disappears from her home and the police make little headway in solving the case, the girl's aunt, Beatrice McCready hires two private detectives, Patrick Kenzie and Angie Gennaro. The detectives freely admit that they have little experience with this type of case, but the family wants them for two reasons—they're not cops and they know the tough neighborhood in which they all live.",/rm3Dl8DWYGO3UQ3w2kju62L9rkn.jpg,Fear
7340,tt0074285,Carrie,1976,7.3,"Horror, Thriller","Carrie White, a shy and troubled teenage girl who is tormented by her high school peers and her fanatically religious mother, begins to use her powers of telekinesis to exact revenge upon them.",/uc3OvgmbnYaS5Y0BOjSmC1EmSz1.jpg,Fear
346364,tt1396484,It,2017,7.2,"Fantasy, Horror","In a small town in Maine, seven children known as The Losers Club come face to face with life problems, bullies and a monster that takes the shape of a clown called Pennywise.",/9E2y5Q7WlCVNEhP5GiVTjhEhx1o.jpg,Fear
768362,tt10855768,Missing,2023,7.5,"Mystery, Thriller","When her mother disappears while on vacation in Colombia with her new boyfriend, June’s search for answers is hindered by international red tape. Stuck thousands of miles away in Los Angeles, June creatively uses all the latest technology at her fingertips to try and find her before it’s too late. But as she digs deeper, her digital sleuthing raises more questions than answers... and when June unravels secrets about her mom, she discovers that she never really knew her at all.",/wEOUYSU5Uf8J7152PT6jdb5233Y.jpg,Fear
10787,tt0024184,The Invisible Man,1933,7.5,"Horror, Science Fiction","Working in Dr. Cranley's laboratory, scientist Jack Griffin was always given the latitude to conduct some of his own experiments. His sudden departure, however, has Cranley's daughter Flora worried about him. Griffin has taken a room at the nearby Lion's Head Inn, hoping to reverse an experiment he conducted on himself that made him invisible. But the experimental drug has also warped his mind, making him aggressive and dangerous. He's prepared to do whatever it takes to restore his appearance.",/a8WoUk92OLHnU5sODmdGaOi5iaH.jpg,Fear
940,tt0030341,The Lady Vanishes,1938,7.5,"Comedy, Mystery, Thriller","On a train headed for England a group of travelers is delayed by an avalanche. Holed up in a hotel in a fictional European country, young Iris befriends elderly Miss Froy. When the train resumes, Iris suffers a bout of unconsciousness and wakes to find the old woman has disappeared. The other passengers ominously deny Miss Froy ever existed, so Iris begins to investigate with another traveler and, as the pair sleuth, romantic sparks fly.",/c1t9LB76LvEARPanfEzXmkm7fwY.jpg,Fear
1923,tt0105665,Twin Peaks: Fire Walk with Me,1992,7.3,"Drama, Horror, Mystery","In the questionable town of Deer Meadow, Washington, FBI Agent Desmond inexplicably disappears while hunting for the man who murdered a teen girl. The killer is never apprehended, and, after experiencing dark visions and supernatural encounters, Agent Dale Cooper chillingly predicts that the culprit will claim another life. Meanwhile, in the more cozy town of Twin Peaks, hedonistic beauty Laura Palmer hangs with lowlifes and seems destined for a grisly fate.",/mxsGXqetGnirf99qapYd5MMY1VL.jpg,Fear
30497,tt0072271,The Texas Chain Saw Massacre,1974,7.3,Horror,"When Sally hears that her grandfather's grave may have been vandalized, she and her paraplegic brother, Franklin, set out with their friends to investigate. After a detour to their family's old farmhouse, they discover a group of crazed, murderous outcasts living next door. As the group is attacked one by one by the chainsaw-wielding Leatherface, who wears a mask of human skin, the survivors must do everything they can to escape.",/kvaLXaC4RX8KLYkJkWWJCyMsEw3.jpg,Fear
2291,tt0099871,Jacob's Ladder,1990,7.4,"Drama, Horror, Mystery","After returning home from the Vietnam War, veteran Jacob Singer struggles to maintain his sanity. Plagued by hallucinations and flashbacks, Singer rapidly falls apart as the world and people around him morph and twist into disturbing images. His girlfriend, Jezzie, and ex-wife, Sarah, try to help, but to little avail. Even Singer's chiropractor friend, Louis, fails to reach him as he descends into madness.",/4GY4FsM0ZOtbSTeMpY0g4WkEuBW.jpg,Fear
1052,tt0060176,Blow-Up,1966,7.4,"Drama, Mystery, Thriller","A successful mod photographer in London whose world is bounded by fashion, pop music, marijuana, and easy sex, feels his life is boring and despairing. But in the course of a single day he unknowingly captures a death on film.",/tiq3QOrJqlVlN8q6bJqVsTzKyrb.jpg,Fear
11481,tt0059646,Repulsion,1965,7.4,"Drama, Horror, Thriller","Beautiful young manicurist Carole suffers from androphobia (the pathological fear of interaction with men). When her sister and roommate, Helen, leaves their London flat to go on an Italian holiday with her married boyfriend, Carole withdraws into her apartment. She begins to experience frightful hallucinations, her fear gradually mutating into madness.",/dtyCKEPLqv9wxyVazL4b843vtUb.jpg,Fear
9504,tt0104348,Glengarry Glen Ross,1992,7.4,"Crime, Drama, Mystery","When an office full of Chicago real estate salesmen is given the news that all but the top two will be fired at the end of the week, the atmosphere begins to heat up. Shelley Levene, who has a sick daughter, does everything in his power to get better leads from his boss, John Williamson, but to no avail. When his coworker Dave Moss comes up with a plan to steal the leads, things get complicated for the tough-talking salesmen.",/zcaEDx8KlVfh4vKfMNLhiSi5Oz4.jpg,Fear
766,tt0106308,Army of Darkness,1992,7.3,"Comedy, Fantasy, Horror","Ash, a handsome, shotgun-toting, chainsaw-armed department store clerk, is time warped backwards into England's Dark Ages, where he romances a beauty and faces legions of the undead.",/xsgTuAtR2zSH8Umg3jWZcZjlDpe.jpg,Fear
11901,tt0068699,High Plains Drifter,1973,7.4,"Drama, Mystery, Western","A gunfighting stranger comes to the small settlement of Lago. After gunning down three gunmen who tried to kill him, the townsfolk decide to hire the Stranger to hold off three outlaws who are on their way.",/4hDSqJAdDaJfSHoJZ6pR8q5f3wZ.jpg,Fear
16307,tt0070917,The Wicker Man,1973,7.4,Horror,"Police sergeant Neil Howie is called to an island village in search of a missing girl whom the locals claim never existed. Stranger still, however, are the rituals that take place there.",/wwtrXRL8SiOWxhwLEvw7iBgYh0g.jpg,Fear
837,tt0086541,Videodrome,1983,7.3,"Horror, Mystery, Science Fiction","As the president of a trashy TV channel, Max Renn is desperate for new programming to attract viewers. When he happens upon ""Videodrome,"" a TV show dedicated to gratuitous torture and punishment, Max sees a potential hit and broadcasts the show on his channel. However, after his girlfriend auditions for the show and never returns, Max investigates the truth behind Videodrome and discovers that the graphic violence may not be as fake as he thought.",/qqqkiZSU9EBGZ1KiDmfn07S7qvv.jpg,Fear
10528,tt0988045,Sherlock Holmes,2009,7.2,"Action, Adventure, Crime, Mystery",Eccentric consulting detective Sherlock Holmes and Doctor John Watson battle to bring down a new nemesis and unravel a deadly plot that could destroy England.,/momkKuWburNTqKBF6ez7rvhYVhE.jpg,Fear
11644,tt0082085,Blow Out,1981,7.3,"Crime, Mystery, Thriller","Jack Terry is a master sound recordist who works on grade-B horror movies. Late one evening, he is recording sounds for use in his movies when he hears something unexpected through his sound equipment and records it. Curiosity gets the better of him when the media become involved, and he begins to unravel the pieces of a nefarious conspiracy. As he struggles to survive against his shadowy enemies and expose the truth, he does not know whom he can trust.",/weMW1wLzeagP3tw6BfmYf1iL7dz.jpg,Fear
170,tt0289043,28 Days Later,2002,7.2,"Horror, Science Fiction, Thriller","Twenty-eight days after a killer virus was accidentally unleashed from a British research facility, a small group of London survivors are caught in a desperate struggle to protect themselves from the infected. Carried by animals and humans, the virus turns those it infects into homicidal maniacs -- and it's absolutely impossible to contain.",/sQckQRt17VaWbo39GIu0TMOiszq.jpg,Fear
251,tt0099653,Ghost,1990,7.2,"Drama, Fantasy, Mystery, Romance, Thriller","Sam Wheat is a banker, Molly Jensen is an artist, and the two are madly in love. However, when Sam is murdered by his friend and corrupt business partner Carl Bruner over a shady business deal, he is left to roam the earth as a powerless spirit. When he learns of Carl's betrayal, Sam must seek the help of psychic Oda Mae Brown to set things right and protect Molly from Carl and his goons.",/w9RaPHov8oM5cnzeE27isnFMsvS.jpg,Fear
51876,tt1219289,Limitless,2011,7.2,"Mystery, Science Fiction, Thriller","A paranoia-fueled action thriller about an unsuccessful writer whose life is transformed by a top-secret ""smart drug"" that allows him to use 100% of his brain and become a perfect version of himself. His enhanced abilities soon attract shadowy forces that threaten his new life in this darkly comic and provocative film.",/hv5JMCrMVLvV6HKPf9FcBuyk2MG.jpg,Fear
13885,tt0408236,Sweeney Todd: The Demon Barber of Fleet Street,2007,7.2,"Drama, Horror","The infamous story of Benjamin Barker, a.k.a Sweeney Todd, who sets up a barber shop down in London which is the basis for a sinister partnership with his fellow tenant, Mrs. Lovett. Based on the hit Broadway musical.",/gAW4J1bkRjZKmFsJsIiOBASeoAp.jpg,Fear
198663,tt1790864,The Maze Runner,2014,7.2,"Action, Mystery, Science Fiction, Thriller","Set in a post-apocalyptic world, young Thomas is deposited in a community of boys after his memory is erased, soon learning they're all trapped in a maze that will require him to join forces with fellow “runners” for a shot at escape.",/ode14q7WtDugFDp78fo9lCsmay9.jpg,Fear
381,tt0048728,To Catch a Thief,1955,7.3,"Comedy, Crime, Mystery, Romance, Thriller","An ex-thief is accused of enacting a new crime spree, so to clear his name he sets off to catch the new thief, who’s imitating his signature style.",/cbMRkBGBgo3aLJK2M4MyicvkPLQ.jpg,Fear
536554,tt8760708,M3GAN,2022,7.2,"Horror, Science Fiction","A brilliant toy company roboticist uses artificial intelligence to develop M3GAN, a life-like doll programmed to emotionally bond with her newly orphaned niece. But when the doll's programming works too well, she becomes overprotective of her new friend with terrifying results.",/d9nBoowhjiiYc4FBNtQkPY7c11H.jpg,Fear
11167,tt0054167,Peeping Tom,1960,7.4,"Drama, Horror, Thriller","Loner Mark Lewis works at a film studio during the day and, at night, takes racy photographs of women. Also he's making a documentary on fear, which involves recording the reactions of victims as he murders them. He befriends Helen, the daughter of the family living in the apartment below his, and he tells her vaguely about the movie he is making.",/rrjg1LQ0C6yBfdguQuTPTWuSP6.jpg,Fear
4174,tt0038109,Spellbound,1945,7.4,"Drama, Mystery, Romance, Thriller","When Dr. Anthony Edwardes arrives at a Vermont mental hospital to replace the outgoing hospital director, Dr. Constance Peterson, a psychoanalyst, discovers Edwardes is actually an impostor. The man confesses that the real Dr. Edwardes is dead and fears he may have killed him, but cannot recall anything. Dr. Peterson, however is convinced his impostor is innocent of the man's murder, and joins him on a quest to unravel his amnesia through psychoanalysis.",/dPAox7jGScLBvxKLeRptJIBF7v.jpg,Fear
17057,tt0042593,In a Lonely Place,1950,7.5,"Crime, Drama, Mystery, Romance, Thriller",An aspiring actress begins to suspect that her temperamental and mentally impaired boyfriend is a murderer.,/mR72XsO7EQu3uH8TeqPxMd9V8mW.jpg,Fear
736073,tt14324650,"Batman: The Long Halloween, Part One",2021,7.5,"Action, Animation, Crime, Mystery","Following a brutal series of murders taking place on Halloween, Thanksgiving, and Christmas, Gotham City's young vigilante known as the Batman sets out to pursue the mysterious serial killer alongside police officer James Gordon and district attorney Harvey Dent.",/sR7gppb0YGjwLvE6Vnj6wYv5MnW.jpg,Fear
593643,tt9764362,The Menu,2022,7.2,"Comedy, Horror, Thriller","A young couple travels to a remote island to eat at an exclusive restaurant where the chef has prepared a lavish menu, with some shocking surprises.",/v31MsWhF9WFh7Qooq6xSBbmJxoG.jpg,Fear
260,tt0026029,The 39 Steps,1935,7.4,"Mystery, Thriller","Richard Hanney has a rude awakening when a glamorous female spy falls into his bed - with a knife in her back. Having a bit of trouble explaining it all to Scotland Yard, he heads for the hills of Scotland to try to clear his name by locating the spy ring known as The 39 Steps.",/paI9Tmqm2cZG6xy4Tnjw3Ydjuw5.jpg,Fear
2668,tt0162661,Sleepy Hollow,1999,7.2,"Drama, Fantasy, Horror, Mystery, Thriller",New York detective Ichabod Crane is sent to Sleepy Hollow to investigate a series of mysterious deaths in which the victims are found beheaded. Locals believe the culprit to be none other than the legendary Headless Horseman.,/1GuK965FLJxqUw9fd1pmvjbFAlv.jpg,Fear
406990,tt1536537,What Happened to Monday,2017,7.2,"Action, Drama, Mystery, Science Fiction, Thriller","In a world where families are limited to one child due to overpopulation, a set of identical septuplets must avoid being put to a long sleep by the government and dangerous infighting while investigating the disappearance of one of their own.",/atOgZMJpMrTdpqvPiHVPfBhR61l.jpg,Fear
27327,tt0071994,Phantom of the Paradise,1974,7.5,"Comedy, Horror, Music","Fledgling singer-songwriter Winslow Leach finds himself double-crossed by the nefarious music producer Swan, who steals both his music and the girl Winslow wants to sing it, Phoenix, for the grand opening of his rock palace, the Paradise. After Swan has Winslow sent to prison for trespassing, Winslow endures a freak accident that leaves him disfigured, after which he seeks revenge on both Swan and the Paradise.",/qDOtGWeSQNwB3dG7Amt1K0JW0az.jpg,Fear
530385,tt8772262,Midsommar,2019,7.2,"Drama, Horror, Mystery","Several friends travel to Sweden to study as anthropologists a summer festival that is held every ninety years in the remote hometown of one of them. What begins as a dream vacation in a place where the sun never sets, gradually turns into a dark nightmare as the mysterious inhabitants invite them to participate in their disturbing festive activities.",/7LEI8ulZzO5gy9Ww2NVCrKmHeDZ.jpg,Fear
2832,tt0309698,Identity,2003,7.2,"Mystery, Thriller","Complete strangers stranded at a remote desert motel during a raging storm soon find themselves the target of a deranged murderer. As their numbers thin out, the travelers begin to turn on each other, as each tries to figure out who the killer is.",/bnidwEvWNAVJ3Uco9wWtuzWAfrx.jpg,Fear
591274,tt9701940,Fear Street: 1978,2021,7.2,"Horror, Mystery","In 1978, two rival groups at Camp Nightwing must band together to solve a terrifying mystery when horrors from their towns' history come alive.",/5dNTxhoGDTHHGqUTdxcr4H1dqlU.jpg,Fear
27040,tt0036154,Meshes of the Afternoon,1943,7.7,Horror,"A woman returning home falls asleep and has vivid dreams that may or may not be happening in reality. Through repetitive images and complete mismatching of the objective view of time and space, her dark inner desires play out on-screen.",/yHjEjRU81RcxKFNU5hhiPYMzlsu.jpg,Fear
302528,tt3704050,Remember,2015,7.4,"Drama, Mystery, Thriller","With the aid of a fellow Auschwitz survivor and a hand-written letter, an elderly man with dementia goes in search of the person responsible for the death of his family.",/x496Ip0weJYfsEX23eNyzG4MjXV.jpg,Fear
9741,tt0217869,Unbreakable,2000,7.1,"Drama, Mystery, Thriller","An ordinary man makes an extraordinary discovery when a train accident leaves his fellow passengers dead — and him unscathed. The answer to this mystery could lie with the mysterious Elijah Price, a man who suffers from a disease that renders his bones as fragile as glass.",/mLuehrGLiK5zFCyRmDDOH6gbfPf.jpg,Fear
11963,tt0073802,Three Days of the Condor,1975,7.3,"Mystery, Thriller","A bookish CIA researcher finds all his co-workers dead, and must outwit those responsible until he figures out who he can really trust.",/zinwtZqdb7gnc4zMu8dfkK1fMN3.jpg,Fear
501170,tt5606664,Doctor Sleep,2019,7.2,"Fantasy, Horror, Thriller","Still irrevocably scarred by the trauma he endured as a child at the Overlook, Dan Torrance has fought to find some semblance of peace. But that peace is shattered when he encounters Abra, a courageous teenager with her own powerful extrasensory gift, known as the 'shine'. Instinctively recognising that Dan shares her power, Abra has sought him out, desperate for his help against the merciless Rose the Hat and her followers.",/p69QzIBbN06aTYqRRiCOY1emNBh.jpg,Fear
949423,tt18925334,Pearl,2022,7.3,"Drama, Horror","Trapped on her family’s isolated farm, Pearl must tend to her ailing father under the bitter and overbearing watch of her devout mother. Lusting for a glamorous life like she’s seen in the movies, Pearl’s ambitions, temptations, and repressions collide.",/ulBLIBqvdnf4H6JBt0OpMCU1ECn.jpg,Fear
58574,tt1515091,Sherlock Holmes: A Game of Shadows,2011,7.1,"Action, Adventure, Crime, Mystery","There is a new criminal mastermind at large (Professor Moriarty) and not only is he Holmes’ intellectual equal, but his capacity for evil and lack of conscience may give him an advantage over the  detective.",/y1MYZkwhZK6L0Jy4YMuPktzDOfn.jpg,Fear
5236,tt0373469,Kiss Kiss Bang Bang,2005,7.2,"Comedy, Crime, Mystery, Thriller",A petty thief posing as an actor is brought to Los Angeles for an unlikely audition and finds himself in the middle of a murder investigation along with his high school dream girl and a detective who's been training him for his upcoming role...,/aWfjIkpENFX6Uw82pET7EQ6jnrd.jpg,Fear
167,tt0272152,K-PAX,2001,7.2,"Drama, Mystery, Science Fiction","Prot is a patient at a mental hospital who claims to be from a far away planet. His psychiatrist tries to help him, only to begin to doubt his own explanations.",/zHkZBcZvB89CblAY6wViAK9Sryf.jpg,Fear
934433,tt17663992,Scream VI,2023,7.2,"Crime, Horror, Thriller","Following the latest Ghostface killings, the four survivors leave Woodsboro behind and start a fresh chapter.",/wDWwtvkRRlgTiUr6TyLSMX8FCuZ.jpg,Fear
15196,tt0088930,Clue,1985,7.2,"Comedy, Crime, Mystery, Thriller","Clue finds six colorful dinner guests gathered at the mansion of their host, Mr. Boddy -- who turns up dead after his secret is exposed: He was blackmailing all of them. With the killer among them, the guests and Boddy's chatty butler must suss out the culprit before the body count rises.",/aRxbYOYHS8T73nzR8hsLousoplR.jpg,Fear
570670,tt1051906,The Invisible Man,2020,7.1,"Horror, Science Fiction, Thriller","When Cecilia's abusive ex takes his own life and leaves her his fortune, she suspects his death was a hoax. As a series of coincidences turn lethal, Cecilia works to prove that she is being hunted by someone nobody can see.",/5EufsDwXdY2CVttYOk2WtYhgKpa.jpg,Fear
2654,tt0113409,In the Mouth of Madness,1995,7.2,"Horror, Mystery, Thriller",An insurance investigator begins discovering that the impact a horror writer's books have on his fans is more than inspirational.,/msh4tEUzbnEqlHcFOUH4O0Zti8r.jpg,Fear
1847,tt0070334,The Long Goodbye,1973,7.4,"Crime, Mystery","In 1970s Hollywood, Detective Philip Marlowe tries to help a friend who is accused of murdering his wife.",/oBhUK54yBJ0aH6u9zCzSV5iV7OP.jpg,Fear
3529,tt0025878,The Thin Man,1934,7.5,"Comedy, Crime, Mystery",A husband and wife detective team takes on the search for a missing inventor and almost get killed for their efforts.,/6cL89ok9t8xEKboOjOVga2W66jj.jpg,Fear
3766,tt0040525,The Lady from Shanghai,1947,7.4,"Crime, Drama, Mystery, Thriller",A romantic drifter gets caught between a corrupt tycoon and his voluptuous wife.,/vDN6ue4RF85raOeU2aannFGfxlA.jpg,Fear
10440,tt0107507,Manhattan Murder Mystery,1993,7.3,"Comedy, Mystery",A middle-aged couple suspects foul play when their neighbor's wife suddenly drops dead.,/zrzBIlMyAP7Ac9W5qAy5ssAUdK4.jpg,Fear
398173,tt4003440,The House That Jack Built,2018,7.2,"Crime, Drama, Horror, Thriller","Failed architect, engineer and vicious murderer Jack narrates the details of some of his most elaborately orchestrated crimes, each of them a towering piece of art that defines his life's work as a serial killer for twelve years.",/bMUGNkPaHOurcBK9g3XpJx3fxuO.jpg,Fear
84287,tt1966604,The Imposter,2012,7.3,"Documentary, Mystery","In 1994 a 13-year-old boy disappeared without a trace from his home in San Antonio, Texas. Three-and-a-half years later he is found alive thousands of miles away in a village in southern Spain with a horrifying story of kidnap and torture. His family is overjoyed to bring him home. But all is not quite as it seems.",/mH1gbte3UeIOXtoTrpZqjfMIoo.jpg,Fear
13528,tt0036855,Gaslight,1944,7.5,"Crime, Drama, Mystery, Thriller",A newlywed fears she's going mad when strange things start happening at the family mansion.,/gXKszCl5Q1KrgWRWpPcqn94CP58.jpg,Fear
609,tt0084516,Poltergeist,1982,7.1,Horror,"Steve Freeling lives with his wife, Diane, and their three children, Dana, Robbie, and Carol Anne, in Southern California where he sells houses for the company that built the neighborhood. It starts with just a few odd occurrences, such as broken dishes and furniture moving around by itself. However, when he realizes that something truly evil haunts his home, Steve calls in a team of parapsychologists led by Dr. Lesh to help before it's too late.",/xPazCcKp62IshnLVf9BLAjf9vgC.jpg,Fear
635910,tt1001520,The Last Voyage of the Demeter,2023,7.3,"Horror, Thriller",The crew of the merchant ship Demeter attempts to survive the ocean voyage from Carpathia to London as they are stalked each night by a merciless presence onboard the ship.,/nrtbv6Cew7qC7k9GsYSf5uSmuKh.jpg,Fear
736074,tt14402926,"Batman: The Long Halloween, Part Two",2021,7.5,"Action, Animation, Crime, Mystery","As Gotham City's young vigilante, the Batman, struggles to pursue a brutal serial killer, district attorney Harvey Dent gets caught in a feud involving the criminal family of the Falcones.",/f46QMSo2wAVY1ywrNc9yZv0rkNy.jpg,Fear
16372,tt0055018,The Innocents,1961,7.4,"Horror, Mystery",A young governess for two children becomes convinced that the house and grounds are haunted by ghosts and that the children are being possessed.,/idqvLBmlEHUITMnQ0EJ6Yb5TpVw.jpg,Fear
31682,tt0050539,The Incredible Shrinking Man,1957,7.5,"Drama, Horror, Science Fiction","A dangerous combination of radiation and insecticide causes the unfortunate Scott Carey to shrink, slowly but surely, until he is only a few inches tall. His home becomes a wilderness where he must survive everything from spiders living in the cellar to his beloved cat.",/1Tl2aeOhvUmEHSGHGH5SfmN19vQ.jpg,Fear
927,tt0087363,Gremlins,1984,7.1,"Comedy, Fantasy, Horror","When Billy Peltzer is given a strange but adorable pet named Gizmo for Christmas, he inadvertently breaks the three important rules of caring for a Mogwai, unleashing a horde of mischievous gremlins on a small town.",/3iUgvvtB01BuTntPOBcG64kYk6y.jpg,Fear
758323,tt13375076,The Pope's Exorcist,2023,7.1,"Horror, Thriller","Father Gabriele Amorth, Chief Exorcist of the Vatican, investigates a young boy's terrifying possession and ends up uncovering a centuries-old conspiracy the Vatican has desperately tried to keep hidden.",/jFC4LS5qTAT3PinzdEzINfu1CV9.jpg,Fear
7485,tt0822854,Shooter,2007,7.1,"Action, Crime, Drama, Mystery, Thriller","A top Marine sniper, Bob Lee Swagger, leaves the military after a mission goes horribly awry and disappears, living in seclusion. He is coaxed back into service after a high-profile government official convinces him to help thwart a plot to kill the President of the United States. Ultimately double-crossed and framed for the attempt, Swagger becomes the target of a nationwide manhunt. He goes on the run to track the real killer and find out who exactly set him up, and why, eventually seeking revenge against some of the most powerful and corrupt leaders in the free world.",/tyRP8JedrDkPPvH3JxKYsdP2esu.jpg,Fear
3009,tt0057427,The Trial,1962,7.5,"Crime, Drama, Mystery","Josef K wakes up in the morning and finds the police in his room. They tell him that he is on trial but nobody tells him what he is accused of. In order to find out about the reason for this accusation and to protest his innocence, he tries to look behind the façade of the judicial system. But since this remains fruitless, there seems to be no chance for him to escape from this Kafkaesque nightmare.",/2o1oe54a4doiwB4uJq9Kx1RHal0.jpg,Fear
11450,tt0110932,Quiz Show,1994,7.3,"Drama, History, Mystery","Lawyer Richard Goodwin discovers that 'Twenty-One', a successful TV quiz show, is rigged and decides to expose the team behind the show.",/yoGJo1h3Hl2exXPVcG9UXWDENtX.jpg,Fear
591275,tt9701942,Fear Street: 1666,2021,7.2,"Horror, Mystery","In 1666, a colonial town is gripped by a hysterical witch-hunt that has deadly consequences for centuries to come, and it's up to teenagers in 1994 to finally put an end to their town's curse, before it's too late.",/rmEPtz3Ufzol2VWUAZYzOFaBio3.jpg,Fear
482373,tt6246322,Don't Breathe 2,2021,7.1,"Horror, Thriller","The Blind Man has been hiding out for several years in an isolated cabin and has taken in and raised a young girl orphaned from a devastating house fire. Their quiet life together is shattered when a group of criminals kidnap the girl, forcing the Blind Man to leave his safe haven to save her.",/r7HEBkkRN93d3eFBZgPJfRaob5p.jpg,Fear
483980,tt6878820,Z-O-M-B-I-E-S,2018,7.3,"Comedy, Fantasy, Horror, Music, Romance, TV Movie","Two star-crossed freshmen – a zombie, Zed and a cheerleader, Addison – each outsiders in their unique ways, befriend each other and work together to show their high school and the Seabrook community what they can achieve when they embrace their differences.",/6S9O5U7Ietqh6zTtZhGbhbA3Pze.jpg,Fear
1008042,tt10638522,Talk to Me,2023,7.2,"Horror, Thriller","When a group of friends discover how to conjure spirits using an embalmed hand, they become hooked on the new thrill, until one of them goes too far and unleashes terrifying supernatural forces.",/kdPMUMJzyYAc4roD52qavX0nLIC.jpg,Fear
10925,tt0089907,The Return of the Living Dead,1985,7.1,"Comedy, Horror","When foreman Frank shows new employee Freddy a secret military experiment in a supply warehouse in Louisville, Kentucky, the two klutzes accidentally release a gas that reanimates corpses into flesh-eating zombies. As the epidemic spreads throughout the town, and the creatures satisfy their hunger in gory and outlandish ways, Frank and Freddy fight to survive with the help of their boss and a mysterious mortician.",/qVTFBabgnWz4jZ8wOQRYZI5EITF.jpg,Fear
561,tt0360486,Constantine,2005,7.1,"Action, Fantasy, Horror","John Constantine has literally been to Hell and back. When he teams up with a policewoman to solve the mysterious suicide of her twin sister, their investigation takes them through the world of demons and angels that exists beneath the landscape of contemporary Los Angeles.",/vPYgvd2MwHlxTamAOjwVQp4qs1W.jpg,Fear
13008,tt0802948,An American Crime,2007,7.3,"Crime, Drama, Horror","The true story of suburban housewife Gertrude Baniszewski, who kept a teenage girl locked in the basement of her Indiana home during the 1960s.",/aGATXFPK09klLs0JmxLKtCSyg24.jpg,Fear
473,tt0138704,Pi,1998,7.1,"Drama, Mystery, Thriller","A mathematical genius discovers a link between numbers and reality, and thus believes he can predict the future.",/dET9ULtaMJEUnfylQE1n5LC9gr7.jpg,Fear
743601,tt12987894,American Murder: The Family Next Door,2020,7.3,"Crime, Documentary, Mystery","Using raw, firsthand footage, this documentary examines the disappearance of Shanann Watts and her children, and the terrible events that followed.",/jjs3hE3mQlVGTX3u5ZH2EJBJpf3.jpg,Fear
138,tt0021814,Dracula,1931,7.2,"Drama, Fantasy, Horror","British estate agent Renfield travels to Transylvania to meet with the mysterious Count Dracula, who is interested in leasing a castle in London and is, unbeknownst to Renfield, a vampire. After Dracula enslaves Renfield and drives him to insanity, the pair sail to London together, and as Dracula begins preying on London socialites, the two become the subject of study for a supernaturalist professor, Abraham Van Helsing.",/ueVSPt7vAba0XScHWTDWS5tNxYX.jpg,Fear
661374,tt11564570,Glass Onion: A Knives Out Mystery,2022,7.1,"Comedy, Crime, Mystery",World-famous detective Benoit Blanc heads to Greece to peel back the layers of a mystery surrounding a tech billionaire and his eclectic crew of friends.,/vDGr1YdrlfbU9wxTOdpf3zChmv9.jpg,Fear
11850,tt0077745,Invasion of the Body Snatchers,1978,7.2,"Horror, Science Fiction","Matthew Bennell notices that several of his friends are complaining that their close relatives are in some way different. When questioned later they themselves seem changed, as they deny everything or make lame excuses. As the invaders increase in number they become more open and Bennell, who has by now witnessed an attempted 'replacement', realises that he and his friends must escape or suffer the same fate.",/fBxvhc18MAvsw73o5mMjq8AqvaK.jpg,Fear
328387,tt3531824,Nerve,2016,7.0,"Adventure, Crime, Mystery","Industrious high school senior Vee Delmonico has had it with living life on the sidelines. When pressured by friends to join the popular online game Nerve, Vee decides to sign up for just one dare in what seems like harmless fun. But as she finds herself caught up in the thrill of the adrenaline-fueled competition partnered with a mysterious stranger, the game begins to take a sinister turn with increasingly dangerous acts, leading her into a high stakes finale that will determine her entire future.",/qmSpHC0CSNyNll9WhlwWYuwoQ28.jpg,Fear
567609,tt7798634,Ready or Not,2019,7.1,"Comedy, Horror, Thriller",A bride's wedding night takes a sinister turn when her eccentric new in-laws force her to take part in a terrifying game.,/vOl6shtL0wknjaIs6JdKCpcHvg8.jpg,Fear
20558,tt0480461,Scooby-Doo! in Where's My Mummy?,2005,7.5,"Adventure, Animation, Comedy, Family, Fantasy, Mystery",Scooby-Doo and the Mystery Inc. gang become involved in a supernatural mystery in Egypt.,/svtAzhRb4ueCLXZX8r3whHrE5x3.jpg,Fear
4176,tt0071877,Murder on the Orient Express,1974,7.1,"Drama, Mystery, Thriller","In 1935, when his train is stopped by deep snow, detective Hercule Poirot is called on to solve a murder that occurred in his car the night before.",/6tHXXo9kciCKGp3kF0ffY9mjuOA.jpg,Fear
385103,tt3152592,Scoob!,2020,7.1,"Animation, Comedy, Family, Mystery","In Scooby-Doo’s greatest adventure yet, see the never-before told story of how lifelong friends Scooby and Shaggy first met and how they joined forces with young detectives Fred, Velma, and Daphne to form the famous Mystery Inc. Now, with hundreds of cases solved, Scooby and the gang face their biggest, toughest mystery ever: an evil plot to unleash the ghost dog Cerberus upon the world. As they race to stop this global “dogpocalypse,” the gang discovers that Scooby has a secret legacy and an epic destiny greater than anyone ever imagined.",/jHo2M1OiH9Re33jYtUQdfzPeUkx.jpg,Fear
411728,tt5932728,The Professor and the Madman,2019,7.2,"Drama, History, Mystery, Thriller","Professor James Murray begins work compiling words for the first edition of the Oxford English Dictionary in the mid 19th century, and receives over 10,000 entries from a patient at Broadmoor Criminal Lunatic Asylum, Dr. William Minor.",/gtGCDLhfjW96qVarwctnuTpGOtD.jpg,Fear
11929,tt0109642,Dolores Claiborne,1995,7.2,"Crime, Drama, Mystery","Dolores Claiborne was accused of killing her abusive husband twenty years ago, but the court's findings were inconclusive and she was allowed to walk free. Now she has been accused of killing her employer, Vera Donovan, and this time there is a witness who can place her at the scene of the crime. Things look bad for Dolores when her daughter Selena, a successful Manhattan magazine writer, returns to cover the story.",/gfCh3TEQNEoro8lq21y4zYIic4D.jpg,Fear
506,tt0058329,Marnie,1964,7.2,"Crime, Drama, Mystery, Romance, Thriller","Marnie is a thief, a liar, and a cheat. When her new boss, Mark Rutland, catches on to her routine kleptomania, she finds herself being blackmailed.",/nRRy4VO2A3Py7wiZBPz11PAlogp.jpg,Fear
635,tt0092563,Angel Heart,1987,7.1,"Horror, Mystery","New York private detective Harry Angel is hired by the mysterious Louis Cyphre to find a missing person. His routine failure soon leads to a bloody spar with himself, as he goes on a supernatural journey into his own soul.",/h5v3wjJQNB7q2RntEnKDLhKtTFE.jpg,Fear
11868,tt0051554,Dracula,1958,7.3,Horror,"After Jonathan Harker attacks Dracula at his castle, the vampire travels to a nearby city, where he preys on the family of Harker's fiancée. The only one who may be able to protect them is Dr. van Helsing, Harker's friend and fellow-student of vampires, who is determined to destroy Dracula, whatever the cost.",/1L45hwUu1P4NRhbRRrE5d9oHamm.jpg,Fear
924,tt0363547,Dawn of the Dead,2004,7.0,"Action, Horror","A group of survivors take refuge in a shopping mall after the world is taken over by aggressive, flesh-eating zombies.",/ttquyxStEEctzghtA2f4PUGprDr.jpg,Fear
13012,tt1117385,Felon,2008,7.2,"Action, Crime, Drama, Mystery",A family man convicted of killing an intruder must cope with life afterward in the violent penal system.,/1eYGh6DETJFXQt5PWjV8lp8YZvx.jpg,Fear
324560,tt1895315,Brimstone,2016,7.1,"Drama, Mystery, Thriller, Western","In the menacing inferno of the old North-American West, Liz is a genuine survivor who is hunted by a vengeful preacher for a crime she didn’t commit.",/aNxU4eZrfiChOgCEtyKWSCExdEi.jpg,Fear
6037,tt0074937,Murder by Death,1976,7.2,"Comedy, Crime, Mystery, Thriller","Lionel Twain invites the world's five greatest detectives to a 'dinner and murder'. Included are a blind butler, a deaf-mute maid, screams, spinning rooms, secret passages, false identities and more plot turns and twists than are decently allowed.",/9HlvA3JUn0yuUvWUXJTfMJB1Vge.jpg,Fear
10403,tt0105151,The Player,1992,7.2,"Comedy, Drama, Mystery, Thriller",A Hollywood studio executive is being sent death threats by a writer whose script he rejected - but which one?,/pOOTEr4c5Rk7s4YSQ6Uii2T6rr6.jpg,Fear
300669,tt4160708,Don't Breathe,2016,7.0,"Horror, Thriller",A group of teens break into a blind man's home thinking they'll get away with the perfect crime. They're wrong.,/8fIgsHFQtg47xxN7SBwZkg0tZJn.jpg,Fear
537056,tt8752440,Batman: Hush,2019,7.2,"Action, Animation, Crime, Mystery","A mysterious new villain known only as Hush uses a gallery of villains to destroy Batman's crime-fighting career as well as Bruce Wayne's personal life, which has been further complicated by a relationship with Selina Kyle/Catwoman.",/eiVQORVyVuNNZHPAELuWtlXoQsD.jpg,Fear
12902,tt0418141,Scooby-Doo! and the Loch Ness Monster,2004,7.4,"Adventure, Animation, Comedy, Family, Fantasy, Mystery","While the gang travel to Scotland to visit Daphne's cousin and witness the annual Highland Games, they find themselves terrorized by the legendary Loch Ness Monster.",/hmeJnofknkSnczzN3J7Wvfn7OGI.jpg,Fear
11020,tt0073540,Picnic at Hanging Rock,1975,7.2,"Drama, Mystery","In the early 1900s, Miranda attends a girls boarding school in Australia. One Valentine's Day, the school's typically strict headmistress treats the girls to a picnic field trip to an unusual but scenic volcanic formation called Hanging Rock. Despite rules against it, Miranda and several other girls venture off. It's not until the end of the day that the faculty realizes the girls and one of the teachers have disappeared mysteriously.",/7BAXwmFN4pZDNb9N6kzmAAwdssi.jpg,Fear
17681,tt0196931,Scooby-Doo! and the Witch's Ghost,1999,7.4,"Animation, Comedy, Family, Fantasy, Mystery","Scooby-Doo and the Mystery Gang visit Oakhaven, Massachusetts to seek strange goings on involving a famous horror novelist and his ancestor who is rumored be a witch.",/ljEEGImypBFGoXU7eZSTo4vE9nC.jpg,Fear
381283,tt5109784,mother!,2017,7.0,"Drama, Horror, Thriller","A couple's relationship is tested when uninvited guests arrive at their home, disrupting their tranquil existence.",/2yOKarmL8B4oXaLXUdHu882SUbu.jpg,Fear
755,tt0116367,From Dusk Till Dawn,1996,7.0,"Action, Crime, Horror, Thriller","Seth Gecko and his younger brother Richard are on the run after a bloody bank robbery in Texas. They escape across the border into Mexico and will be home-free the next morning, when they pay off the local kingpin. They just have to survive 'from dusk till dawn' at the rendezvous point, which turns out to be a Hell of a strip joint.",/sV3kIAmvJ9tPz4Lq5fuf9LLMxte.jpg,Fear
399057,tt5715874,The Killing of a Sacred Deer,2017,7.0,"Drama, Mystery, Thriller","Dr. Steven Murphy is a renowned cardiovascular surgeon who presides over a spotless household with his wife and two children. Lurking at the margins of his idyllic suburban existence is Martin, a fatherless teen who insinuates himself into the doctor's life in gradually unsettling ways.",/e4DGlsc9g0h5AyoyvvAuIRnofN7.jpg,Fear
21208,tt1148204,Orphan,2009,7.0,"Horror, Mystery, Thriller","After losing their baby, a married couple adopt 9-year old Esther, who may not be as innocent as she seems.",/lCGpOgoTOGLtZnBiGY9HRg5Xnjd.jpg,Fear
836225,tt10362566,The Exorcism of God,2022,7.1,Horror,"An American priest working in Mexico is considered a saint by many local parishioners. However, due to a botched exorcism, he carries a secret that’s eating him alive until he gets an opportunity to face his demon one final time.",/hangTmbxpSV4gpHG7MgSlCWSSFa.jpg,Fear
14638,tt0038669,The Killers,1946,7.4,"Crime, Mystery, Thriller","Two hit men walk into a diner asking for a man called ""the Swede"". When the killers find the Swede, he's expecting them and doesn't put up a fight. Since the Swede had a life insurance policy, an investigator, on a hunch, decides to look into the murder. As the Swede's past is laid bare, it comes to light that he was in love with a beautiful woman who may have lured him into pulling off a bank robbery overseen by another man.",/uXnuc6pW01s1MDwb6QwBWg2JQeX.jpg,Fear
602223,tt10327252,The Forever Purge,2021,7.0,"Action, Horror, Thriller",All the rules are broken as a sect of lawless marauders decides that the annual Purge does not stop at daybreak and instead should never end as they chase a group of immigrants who they want to punish because of their harsh historical past.,/lB068qa6bQ0QKYKyC2xnYGvYjl7.jpg,Fear
1594,tt0058586,A Shot in the Dark,1964,7.3,"Comedy, Crime, Mystery","When rich Mr. Benjamin Ballon’s Spanish driver is found shot dead, Inspector Jacques Clouseau is the first official on the scene. All evidence suggests Maria Gambrelli, the maid, to be the murderer. But Clouseau, being attracted to the beautiful girl, is convinced that she is hiding something. So, he has her released from jail and secretly tries to follow her. Things do not work out the way the inspector wants and people keep ending up murdered, and every time, innocent Maria seems to be the killer. But with someone important wanting Clouseau and nobody else to cover this case, his tolerance-challenged boss Charles Dreyfus is close to losing his mind when casualties keep turning up. And Clouseau keeps on causing trouble without knowing it…",/pR6tNqNLYIbRRYC5TFKWVWaVvvK.jpg,Fear
333371,tt1179933,10 Cloverfield Lane,2016,7.0,"Drama, Horror, Science Fiction, Thriller","After getting in a car accident, a woman is held in a shelter with two men, who claim the outside world is affected by a widespread chemical attack.",/84Dhwz93vCin6T1PX6ctSvWEuNE.jpg,Fear
524251,tt6079516,I See You,2019,7.1,"Horror, Thriller","When a 12-year-old boy goes missing, lead investigator Greg Harper struggles to balance the pressure of the investigation and troubles with his wife, Jackie. Facing a recent affair, great strain is put on the family that slowly gnaws away at Jackie's grip on reality. But after a malicious presence manifests itself in their home and puts their son, Connor, in mortal danger, the cold, hard truth about evil in the Harper household is finally uncovered.",/2LwamrHAmxqEHsT9JViFJxT08Ek.jpg,Fear
64720,tt1675192,Take Shelter,2011,7.0,"Drama, Horror, Thriller","Plagued by a series of apocalyptic visions, a young husband and father questions whether to shelter his family from a coming storm, or from himself.",/zLZQv7cN8ckBEa7HvjYkm2wx7F9.jpg,Fear
458723,tt6857112,Us,2019,7.0,"Horror, Mystery, Thriller","Husband and wife Gabe and Adelaide Wilson take their kids to their beach house expecting to unplug and unwind with friends. But as night descends, their serenity turns to tension and chaos when some shocking visitors arrive uninvited.",/ux2dU1jQ2ACIMShzB3yP93Udpzc.jpg,Fear
9994,tt0091149,The Great Mouse Detective,1986,7.0,"Adventure, Animation, Family, Mystery","When the diabolical Professor Ratigan kidnaps London's master toymaker, the brilliant master of disguise Basil of Baker Street and his trusted sidekick Dawson try to elude the ultimate trap and foil the perfect crime.",/9uDr7vfjCFr39KGCcqrk44Cg7fQ.jpg,Fear
713704,tt13345606,Evil Dead Rise,2023,7.0,"Horror, Thriller","A reunion between two estranged sisters gets cut short by the rise of flesh-possessing demons, thrusting them into a primal battle for survival as they face the most nightmarish version of family imaginable.",/5ik4ATKmNtmJU6AYD0bLm56BCVM.jpg,Fear
15392,tt0090888,Crossroads,1986,7.3,"Drama, Music, Mystery, Romance","A wanna-be blues guitar virtuoso seeks a long-lost song by legendary musician, Robert Johnson.",/2sMo7gwZ8L7KttiW210T0ueJ2eX.jpg,Fear
4192,tt0077413,Death on the Nile,1978,7.1,Mystery,"As Hercule Poirot enjoys a luxurious cruise down the Nile, a newlywed heiress is found murdered on board. Can Poirot identify the killer before the ship reaches the end of its journey?",/hHjv5ZsVMSBkKZ3sembgoLqmg1O.jpg,Fear
573,tt0068611,Frenzy,1972,7.1,"Comedy, Crime, Horror, Thriller","After a serial killer strangles several women with a necktie, London police identify a suspect—but he claims vehemently to be the wrong man.",/4SFvqrlSigAt9tnhXFSMyKeJWQk.jpg,Fear
2044,tt0410297,The Lake House,2006,7.0,"Drama, Mystery, Romance","A lonely doctor who once occupied an unusual lakeside home begins exchanging love letters with its former resident, a frustrated architect. They must try to unravel the mystery behind their extraordinary romance before it's too late.",/tHpc1118dYWLnHZleGhwZxRbpae.jpg,Fear
9540,tt0094964,Dead Ringers,1988,7.1,"Horror, Thriller","Elliot, a successful gynecologist, works at the same practice as his identical twin, Beverly. Elliot is attracted to many of his patients and has affairs with them. When he inevitably loses interest, he will give the woman over to Beverly, the meeker of the two, without the woman knowing the difference. Beverly falls hard for one of the patients, Claire, but when she inadvertently deceives him, he slips into a state of madness.",/ofXwDfM8uYAaftD7cBPcIWdCpMn.jpg,Fear
338967,tt1560220,Zombieland: Double Tap,2019,7.0,"Comedy, Horror","Columbus, Tallahassee, Wichita, and Little Rock move to the American heartland as they face off against evolved zombies, fellow survivors, and the growing pains of the snarky makeshift family.",/dtRbVsUb5O12WWO54SRpiMtHKC0.jpg,Fear
397837,tt1691916,Before I Fall,2017,7.0,"Drama, Fantasy, Mystery, Thriller","Samantha Kingston has everything. Then, everything changes. After one fateful night, she wakes up with no future at all. Trapped into reliving the same day over and over, she begins to question just how perfect her life really was.",/eowzonDJMCuNXoJGVkP9Z7oCmiM.jpg,Fear
1694,tt0089885,Re-Animator,1985,7.0,"Comedy, Horror, Science Fiction",A dedicated student at a medical college and his girlfriend become involved in bizarre experiments centering around the re-animation of dead tissue when an odd new student arrives on campus.,/1hY6AUl92cL9GdZx031UWFiGETt.jpg,Fear
1547,tt0093437,The Lost Boys,1987,7.0,"Comedy, Horror, Thriller",A mother and her two teenage sons move to a seemingly nice and quiet small coastal California town yet soon find out that it's overrun by bike gangs and vampires. A couple of teenage friends take it upon themselves to hunt down the vampires that they suspect of a few mysterious murders and restore peace and calm to their town.,/nH1lvyQvfbL5GKScTtT6zkIvDEn.jpg,Fear
49018,tt1591095,Insidious,2011,6.9,"Horror, Thriller","A family discovers that dark spirits have invaded their home after their son inexplicably falls into an endless sleep. When they reach out to a professional for help, they learn things are a lot more personal than they thought.",/tmlDFIUpGRKiuWm9Ixc6CYDk4y0.jpg,Fear
8408,tt0088993,Day of the Dead,1985,7.0,"Drama, Horror, Mystery","Trapped in a missile silo, a small team of scientists, civilians, and trigger-happy soldiers battle desperately to ensure the survival of the human race. However, the tension inside the base is reaching a breaking point, and the zombies are gathering outside.",/yJ2emwXWwQc6VHW3fO4GZr0hXBt.jpg,Fear
11797,tt0089175,Fright Night,1985,7.0,"Comedy, Horror","Charley Brewster, a high school student, accidentally discovers the true and creepy nature of Jerry Dandrige, his dashing and enigmatic new neighbor; but no one seems willing to believe him.",/upVMb3s1RugX4J0O40zfERjPE5N.jpg,Fear
