song_id,title,artist,mood,year,valence,energy,youtube_id
0KEvBxQwwUOvnu3nHwPhSf,Hopeful,Kat McDowell,Happy,2014,0.871,0.663,
5wVpFjQXpHN3wfvUnq4Lvc,Can't Get Enough,Matias,Happy,2019,0.568,0.861,
1bEgupxa2S7hZ4kRrwer4s,G.O.A.T,CRO$$FADE,Happy,2020,0.84,0.86,
14meM6DoShP6zl7Ns982V5,Just Above Midtown,Sweet Billy Pilgrim,Happy,2015,0.903,0.768,
5uUYopMa3JLNZS4yIFiOKf,High Hopes,Rationale,Happy,2018,0.597,0.748,
5vQv2yfSgJDSTBCdy96wUQ,Hardest Years,Max Norton,Happy,2017,0.626,0.902,
50UACyUXDak9HgBftxpUKq,Breaking Bones,Trevor and the Joneses,Happy,2017,0.79,0.89,
77y0GwW7naWn0NVESERNXM,The Storm Won't Come,Richard Thompson,Happy,2018,0.646,0.78,
10P7US7L1dpr10RMQBUsmF,Change,Tater Family Travelling Circus,Happy,2012,0.946,0.875,
2BBpJEcOQv7COhoTUU4Nxf,Lola Rasta Khmer,Dub Addiction,Happy,2013,0.791,0.653,
4jSZOgQBajkSLclHiZL0lO,Racial Treason,Kaos Krew,Happy,2020,0.772,0.693,
4DbvDAT6sWG7bwnn88VUXq,Born Under a Bad Sign,Gary Hoey,Happy,2013,0.678,0.82,
3qRIV0PVeFySEwsXHfxI8z,Oil in My Lamp,Sing n Play,Happy,2013,0.799,0.621,
4Q2vfkCeYQTFcLlCQtFrmk,Polaroid,The Band Of Heathens,Happy,2016,0.717,0.592,
0HmQXYM2MIq9WyyNhEQx4Q,Until Our Ashes Are Gone,Ulrich Ellison and Tribe,Happy,2016,0.586,0.55,
42sWJGsXNIh3RfjklT7FKg,Cutlass,Haiti Babii,Happy,2020,0.55,0.609,
0rjBm2wscUuPoXh6PzE2Fk,Ultimo Recurso,Raymundo,Happy,2012,0.578,0.573,
4VyGYi89EWHtq3aWxgzfJ8,Los Angeles,28 North,Happy,2014,0.567,0.783,
3VKkHJ2Cw3yoM8ij7yekSw,A Change,Aretha Franklin,Happy,2014,0.893,0.748,
2FdhxOSvLzaMsyfGPkaDJb,"Butterfly - Phil Asher's restless soul Vocal Mix, Mixed",Osunlade,Happy,2016,0.66,0.75,
7JzGaCfof3YGgtbjGI4ezZ,Tell It to Me,The New Southern Ramblers,Happy,2012,0.929,0.566,
5KGEEEzWzFCYDbQz4N34IR,La Doncella,Gaspar OM,Happy,2016,0.789,0.582,
2XqarxlEHWxvroG6WUmRKU,Never Bring Me Down,Chingaso,Happy,2014,0.858,0.85,
6CFm7kWSNIESqqOxKbou3Y,Calor,Nolo Y Phade,Happy,2014,0.888,0.869,
0VL9eMAAmEGORYXPrH5spu,Over the Shoulder,Ministry,Happy,2018,0.612,0.986,
0kA8wm9ZXl5WKSHXUxqqdh,Quantum Romanticum,Mosquitos,Happy,2017,0.746,0.659,
6FsEfGldsSpdccUgZldRcE,I Got All You Need (Live),Joe Bonamassa,Happy,2014,0.563,0.633,
42MPJVsasDm96UhPCdYHKo,You Got It,Stephen Melton,Happy,2015,0.553,0.561,
2m2kZQV68y5fdYlGtsGdxm,Formica Hearts,Sugarplum Fairies,Happy,2018,0.666,0.614,
3WNWH6Lrncb6ocShFDEYsW,Explosive,Jipsta,Happy,2017,0.809,0.983,
7DrLATgWtwxdvJk6sLckEc,Hold Ya Head,Joe Cash Mahall,Happy,2020,0.657,0.656,
5lRjq21DUOxkq0GSxFOpWr,Out On the Highway,The Porter Draw,Happy,2014,0.587,0.805,
47aTQo7jVQFffwoPb2Qh7j,Six Beauties On a Rooftop,Nils Landgren Funk Unit,Happy,2014,0.895,0.741,
4kfEy7h6bWBS5OaDpccTap,Marvelous Day (feat. Lil Uzi Vert & Gunna),Kap G,Happy,2017,0.581,0.651,
6pUAdZhsLRkeYM0bZgKOzR,Island Breeze,Noah Archangel,Happy,2015,0.667,0.75,
2JwFfbptcRmWdgHfifeBUP,"3 Sheets to the Wind, Pt. 2",Barleyjuice,Happy,2013,0.953,0.862,
7xHwhQSKOoSokUc4JDKS0c,Bodyguard,Betty Wright,Happy,2014,0.608,0.652,
0DwndJCTTyGidd4ZXEzuk6,All That's Left (feat. The Time Jumpers),Miranda Lambert,Happy,2014,0.909,0.667,
78ldF1std64iC5Nu06EFtC,Dideldideldei,DoG,Happy,2014,0.574,0.57,
6G9dvcuAhtmQk8NGs3p7y2,Hohner and Steel,Mark Cook,Happy,2012,0.924,0.842,
0FFeA7T9WfCofBwh5mRY9N,Hash,Lugatti & 9ine,Happy,2019,0.607,0.56,
3KeDetngdR6T4mFZTMb00j,(The Dance Of The) Three Jacks,Pavlo,Happy,2014,0.863,0.754,
2B8xFSlDNwBhzYzDQqzAMj,Let It Go,Deville,Happy,2013,0.604,0.931,
4gKYVByx8MeUJNyK1Hucvj,Paraphrased,Parquet Courts,Happy,2016,0.715,0.837,
6r8o1uuDuXsP18QXlLHqKL,Tarde o Temprano,Banda Santa Cecilia,Happy,2016,0.986,0.757,
4Njc3AkF30hWb1WOPX55uf,Wrong Side of the Bed,Bluesville Station,Happy,2015,0.744,0.905,
01JUcLq2sF6zmjq8zZDUcW,Follow Me,Uncle Kracker,Happy,2018,0.966,0.581,
4ngWfYlbumkU1p17oYX51k,Atmen - Single Version,Pohlmann.,Happy,2013,0.746,0.751,
1vSntiBs9gwnBkHe3hVYnV,The Human Beings - KPM Studio Demo,Adam & The Ants,Happy,2016,0.554,0.886,
5VHjcs3w2y8PDapRhwwXGO,Shecky Don't Like It,Kevin Smith,Happy,2019,0.903,0.707,
3PwjPMvC09P4M79ZIiiPrg,Mean Jean,Andre Williams,Happy,2013,0.918,0.551,
5OPVqrGIeApluCWv3i6lmt,Under the Shadow,Siamgda,Happy,2015,0.965,0.993,
0s091HgpUkpAxPuhmJ8b9B,What About Us,Romarzs,Happy,2017,0.658,0.82,
0vKiBmy2RNqiVR8ArvPdyl,Tú Quieres,J Alvarez,Happy,2018,0.803,0.79,
3QYGGqYm77Xy7bkjTPfyHu,The Gram (feat. Eric Biddines),Kill the Motherboard,Happy,2019,0.852,0.867,
2pDbGE65VdtTqE2dttxXBa,Not Like Me,Betty Wright,Happy,2014,0.619,0.655,
1q951cu95yyk62a35BOYLH,like i do,Rupa & the April Fishes,Happy,2012,0.895,0.683,
4yJH9kBPIqCNqbm3u0NMEC,Cowgirl Kiss,The Papers,Happy,2017,0.791,0.82,
1HQlCCa3tbPkx4hYPZBwbg,Roam,ODeath,Happy,2014,0.566,0.675,
4r1VhlFyX10yZaXwNYMbc7,Smooth Flow,Mark Cook,Happy,2014,0.855,0.71,
4kUrW7v7jUkcUlCkDqdspw,Cat Got Your Tongue,Demons Sing of the End,Happy,2018,0.557,0.974,
7HSEQpHEBUIejCz9Puc5cY,Silent Night,Nick Lowe,Happy,2013,0.864,0.722,
41V0tI6buDbdIUYdYsQMz2,The Mechanical Arm - Hippopotamomus,Momus,Happy,2018,0.679,0.555,
00u8eJtfBuzQ6dgD1j7d2P,Lost in Time,Survive Said The Prophet,Happy,2017,0.568,0.909,
293y2X1qWe54Sh01Y95eps,Betrayal,Munich Syndrome,Happy,2019,0.659,0.741,
2dYW2CTgpZbYrr27oBLWVf,Doctor Doctor,Travis Haddix,Happy,2013,0.759,0.809,
3VNdkCwerxfEg5VaAuoI0B,¿Cómo te quiero? (feat. Martina La Peligrosa),Sandoval,Happy,2017,0.86,0.847,
6782vyVZb6FgCJv4igeyFm,I Got Troubles,Bill Watkins,Happy,2012,0.96,0.619,
4qVDM3Tql0Isb2OG17Gi21,Writing's on the Wall,Tre Main,Happy,2018,0.68,0.762,
69Im9FsukfVorG11mOaZp6,"Deeper in Love - 12""",Tavares,Happy,2014,0.808,0.596,
6kbXE0HpsxYKa7OtppPWkB,Blackish Gray,Eliza Neals,Happy,2019,0.787,0.637,
20VkVOjmQ3RAQq3d6iSMr3,Crossed Over,Stefeeze,Happy,2020,0.677,0.817,
28u9JaFwO7GX2YNARkq37P,TTG (feat. Kevin Gates),YoungBoy Never Broke Again,Happy,2018,0.665,0.699,
7HAXq6OFwsmzdKIzBaYeEi,Money Is King,Van Dyke Parks,Happy,2013,0.833,0.634,
44c4XnMd53q7iJDbOUVHcv,Rien,ISHA,Happy,2018,0.714,0.718,
2GBeMrfzMsqLt6blXv4IwN,Lonely Life,Dick Diver,Happy,2014,0.855,0.853,
550YSGcu5pUrfxpuDj24E2,Mysterious (Unknown Entry Remix),Joe Vitale Jr,Happy,2012,0.668,0.871,
3e6A45hgnAN5sxetwQYlFV,Torn in Two,A Covenant of Thorns,Happy,2018,0.881,0.855,
1lHWIVmI2XiW0sM8qIOT9f,Get the Dogs,Lil B,Happy,2020,0.704,0.597,
3GGW7lFWBfi4v54ejxJQnP,Solitude Cola,Tim Presley,Happy,2016,0.803,0.568,
0hgGH0pkbzyvxSbB9dla1L,Leave Me,Tinsley Ellis,Happy,2015,0.898,0.938,
07xdyh0aIQqrQhkAzIEMpo,Не учи меня как жить,Anacondaz,Happy,2014,0.89,0.674,
6XaLau3J27sYoDnMEZWzhi,Caught Her Looking,Curren$y,Happy,2019,0.599,0.55,
1RuOBUtHIRV6ihsDFNBfMb,Dr. Seuss,Jonathan Sprout,Happy,2014,0.895,0.723,
3dXWkZk0IxdTTURJJSUWY0,We Look Good,Crayon Jones,Happy,2018,0.796,0.573,
5ZZq89R5JpXRIOD6WWEFwV,You Want It All,When Particles Collide,Happy,2014,0.684,0.946,
1Rk9TO61bMjJFhDD46TOe0,SLINGSHOT,GAWVI,Happy,2018,0.641,0.676,
621yo2vtUSnmTfmENTKoNm,Power,Marshmello,Happy,2018,0.97,0.895,
4N2G3mXfhjGobwTez071rz,The First Time,K.I.N.E.T.I.K.,Happy,2020,0.669,0.646,
07wbk15oNiLiQRcEteQQ2u,In Disguise,The Woolen Men,Happy,2017,0.915,0.713,
1di7hnkLMvMg5Cu7ldAxWC,Yal,Reggaeton Latino Band,Happy,2012,0.566,0.782,
4vGvDy8AWKwjihnPHIIYM0,Tough in These Streets,Rondarb,Happy,2020,0.633,0.777,
1TWGgHBLl1hOb2Y4BUQCqi,Funky Guitar Lessons,Dj Real,Happy,2016,0.703,0.802,
6d4HR3IAYqL959SgwfD5pB,Spanish Moon,Valerie Carter,Happy,2018,0.612,0.751,
5XeNOdf1X5iwunIJCtNbzb,Slip Slidn' Thang,The 44s With Special Guest Kid Ramos,Happy,2012,0.722,0.836,
7cSi7K9B4swi7814BG58jE,Hurt The Same,Chris Brown,Happy,2017,0.592,0.692,
12eGKe0qhmNyd3teJGKpSY,Roadtrip,Uroyan,Happy,2015,0.92,0.651,
4wbJ6wjZEby4LOya5yvu3c,Spend the Love,Vök,Happy,2018,0.561,0.574,
1twgMPX6KRG9A6B3Gyz7qu,We Built This City,Starship,Happy,2014,0.69,0.739,
5k06NOShiGa9ZxXHtavS2p,PAPÁS,Mau y Ricky,Happy,2020,0.929,0.852,
5ofR6qZd2NWWeCBgCfr4xb,L.W.A. (feat. Lil Eazy-E),Mr. Criminal,Happy,2016,0.55,0.59,
7j96poe09y4W3KpXChrfKe,Love Come Down,Rob Halligan,Happy,2014,0.941,0.777,
0VqyXjSbbT6GhYTY4R6dxD,Cumbias Colombianas: Carola / Mete y Saca / La Suavecita / Las Brujas,Los Tokes,Happy,2015,0.586,0.583,
37uJTLLfyxu6WLXOWNBdcx,Missin' My Niggas,Lil Face,Happy,2016,0.728,0.802,
4644ePHA9EZWnENHzitNml,I March Alone,Acerus,Happy,2016,0.673,0.859,
6GkjM364m0eMzWNNBJNjOw,"North Vallejo (feat. Yhung T.O., Slimmy B, DaBoii & Lul G)",SOB X RBE,Happy,2018,0.784,0.725,
6yMnYjs5ofAKjCDZpvpc9l,The Time It Takes,The Show Ponies,Happy,2017,0.714,0.897,
3fMVxxLfykr0S80F9H3aLF,Gorilla (Live),Project Grand Slam,Happy,2017,0.627,0.753,
7fNRv5bnXgOztViNG6EXrC,Argyle,The Bouncing Souls,Happy,2020,0.861,0.89,
4fHybXTebIFuiomAp2yMvH,Hooked on a Feeling (Ooga Chaka),Bo Donaldson & The Heywoods,Happy,2020,0.963,0.639,
4Z2Wn1YHy8jTSjl59jVk6d,Closer - Faustix & Imanos Remix,Tegan and Sara,Happy,2014,0.57,0.893,
07EPUI09mrg9KFF1spm451,Band of the Hawk (All Night Long),The Band of the Hawk,Happy,2013,0.712,0.725,
1PpJHhKQGF1dDDp39krHXZ,You're the Only Woman I Want,Daylon Wear,Happy,2019,0.553,0.898,
3KdztsdQrCZocS27EoZwwV,Respirator,Human Impact,Happy,2020,0.564,0.731,
5GfXKT8zyJDcrzTDqaVhd5,Giardinetto City Blues,Rizza Band,Happy,2020,0.863,0.678,
4RaEcOyOiHSJVIMgH3SZ9i,Last of a Dying Breed,Blaze N Kane,Happy,2015,0.827,0.913,
337wY2d0aJG01xqP4phna0,How In The Devil,Sean Costello,Happy,2014,0.849,0.898,
5SyHnpl5dpJLvMSMf1hEo5,Give Me Your Love - Instrumental,A.C. Jones & the Atomic Aces,Happy,2016,0.966,0.731,
3DvMkf0eGSV2gtHcBcSqqx,Don't Come Back,Simi Stone,Happy,2015,0.843,0.836,
3VltG5exYfaxGbNoE2gNcS,Devoted To U - Session Victim Extended Remix (Mixed),Folamour,Happy,2018,0.654,0.88,
2aOnaUJcVJRsS2bxdFlGBz,Lonely Days,Future Bible Heroes,Happy,2013,0.694,0.818,
54x2HpYzJbLdME7BV50wTM,Cansei de Você - Ao Vivo,Romero Ferro,Happy,2020,0.759,0.85,
7mQwiuZbzDZYhfbhL42umO,Rebirth,Brian Jasper Hull,Happy,2015,0.609,0.553,
2GjgQmEf9xML04dBXtrBpy,Pegel Ballert,Zensery,Happy,2019,0.677,0.715,
0DYWohYolUuBVrCG0fr2yG,Right Now,Mr. Vegas,Happy,2014,0.884,0.799,
43P4nXjOhL26pQmPB2Bpr5,N2u,David Gerald,Happy,2018,0.793,0.573,
6JhoktgM6ehpOZnOhzQ8gD,10 ans,Alizée,Happy,2013,0.661,0.78,
1rx3QYb2LqNJJSw1ZyGijV,What You Want,Nappy Nina,Happy,2019,0.661,0.738,
6nmdS4qDUUA6KQuczEY6s8,13 Fast Food Service - Alternative Version (Live),Plasmatics,Happy,2018,0.596,0.598,
3MjTKfIhl6XC7rTu6Rgo0d,Fadeaway,Bodeans,Happy,2018,0.964,0.887,
5JD92iArZNGvG9hmkKyyjL,One Is Just a Number,Alex Arrowsmith,Happy,2016,0.682,0.644,
6Cox0hL92HzsHIJVTyXItd,Think,Aretha Franklin,Happy,2014,0.836,0.838,
6zE4ETWodCN8AeZD4FHO3E,Redemption,Voy Dureezzo,Happy,2020,0.574,0.728,
3dpomoBtUTOshmM17QXmHD,World Is a Jungle,Legendary Boss,Happy,2017,0.701,0.676,
3Hg7Q7YQEwKMmWwUGmjRGB,The Luxury,Michael Antoniou,Happy,2012,0.74,0.984,
3sWL8y2vS23Yro5jiogocW,Ein König ohne Königin,Al & Chris,Happy,2014,0.576,0.702,
4SCzMJgGTdm98UKetTRmHj,Walking Blues,The Cash Box Kings,Happy,2013,0.759,0.568,
1f9PKVS21PhY1PFz4Ubvie,Ray's Dancing Maze,Them Moose Rush,Happy,2020,0.592,0.784,
2dSNiriDWc2O0H7AInmLew,Analog Man,Orleans,Happy,2018,0.668,0.571,
6bFfk6s8v54kIxGjugf1I1,I'm in Love with You - Victor Dinaire/Bissen Remix,Tony Moran,Happy,2018,0.565,0.808,
5JAJOSrKxRL7RLm3KV1I35,Recipe,$avage,Happy,2020,0.791,0.786,
3Yt2ph8Ko0JBANpdawzSF2,Major,Young Dolph,Happy,2018,0.637,0.651,
0LLOsZD7fdsQCQ6wPjBRPL,Take It Off,Rashaun Will,Happy,2015,0.77,0.788,
6ACbH22xAKMEaX4TzZwCcY,Heartbreaker -Instrumental-,FlowBack,Happy,2016,0.961,0.781,
5ilvy3K0k1bIrcsTt40CPo,Flat Busted,Project Grand Slam,Happy,2015,0.912,0.632,
00Fao7b2flX7tg8fI5DT51,Wir sind die Welt,Eva Luginger,Happy,2016,0.643,0.8,
0XTE0T8fcUPPrl6Y52mSs3,Full Circle,Kipori Baby Wolf Woods,Happy,2012,0.718,0.868,
0oGknPQnHc7Z7TjgJnUzEW,You Don't Love Me,Willie Cobbs,Happy,2014,0.788,0.83,
3HVBhSW7uP0PxbxlCS2rtj,You Dig,Nils Landgren Funk Unit,Happy,2014,0.779,0.699,
5QBmJaX3G4bG1h2thkzEmP,Darlin',Tom Zanetti,Happy,2015,0.906,0.778,
1NWvVuOgX99BR0RZKvIdIP,El Bele Bele,La Maxima 79,Happy,2019,0.962,0.758,
2aUVH0ZbHKOhZbK5Z8ChN1,Becoming - 2014 Remaster,Pantera,Happy,2014,0.673,0.947,
4hJcAdkaiExVfwT7qHCJyT,Bag Talk,JoviDaGod,Happy,2020,0.899,0.733,
5d0XvXuM81lWc5XQxGBZ7e,"Moving Out, Movin' On (Radio Edit)",Ray Nelson,Happy,2018,0.915,0.704,
2di7fEZ6PHsR7lhKAeQCnl,All I Do,B5,Happy,2018,0.56,0.555,
1H5luDLVyBcRqfqsOs5kvq,Guava,cherrygrove,Happy,2020,0.949,0.587,
2lAxhE5s3x7OS9sfhsgT1F,Regular - Korean Version,NCT 127,Happy,2018,0.878,0.801,
2MqZdSwOrOlyayuie6HqRb,Please Don't Send Me Fruitcake,The Wissmann Family,Happy,2015,0.861,0.595,
3RwtRt7tlNVp52JqbDddIf,Raising the Serpent,Richard Lloyd,Happy,2017,0.785,0.761,
3D8sT8D3f5egWSQnF0fbqu,Chicken Tenders,Dominic Fike,Happy,2020,0.72,0.741,
53d1tlSLNunnKIQAHpHRSO,Way 2 Rare,LUCKI,Happy,2019,0.699,0.678,
427qTMNUSrhYjNGEHySLwl,Beijing Baby,Jaguar Jonze,Happy,2020,0.668,0.686,
2yCbRPxitrniQ4QBBK75RW,Red Solo Cup - Johnny Mac Remix,Toby Keith,Happy,2012,0.715,0.786,
6cK1xlk27PDb1SkKez3ZNa,Change - Live,Killing Joke,Happy,2020,0.638,0.817,
2PXeCxg47XlG3Vj4FXBPLU,So Bad,Emarosa,Happy,2019,0.751,0.872,
5b7HOBcrxJeSUTZOG5JJv3,Promise,The Novel Ideas,Happy,2012,0.759,0.68,
48EpjVexQTeEUi9CiFiqsa,Up to Me,Cosmonaut on Vacation,Happy,2013,0.742,0.827,
4oEz9p44ONNVuJwfkakxVZ,27. Billy In The Low Ground,Mutt Poston,Happy,2015,0.981,0.736,
0ymWu5tPmy4Vk1SsHs8aHh,Astral Climax,Perkxsoundlabs,Happy,2013,0.633,0.983,
5LTu7EzFnXcwtYpknC8Ghf,Eight Bit Squish,Knova,Happy,2018,0.702,0.579,
5WPsE00gOzlioLPsFKEYM4,BLAST,Tokyo Machine,Happy,2017,0.56,0.937,
0wA37W8ZxH6QujBdA1fsOx,Reason,Scott Garred,Happy,2017,0.589,0.805,
43iqajDUuAE85Sd8OVIYXV,Mi Lupita,Marimba Maderas Chapinas,Happy,2016,0.962,0.67,
1IFlmojE8VeE1tulWoYZXh,Idiots and the Rich (Redux 2 Version) - dEk101 Remix,LorD and Master,Happy,2019,0.969,0.851,
6j3RQcsISqCiCFb9lq28qC,Love Attack,Bad Company,Happy,2018,0.656,0.771,
5jKZkqMgKgUA6iM5MnLEBj,RideWit Me,Skippa Da Flippa,Happy,2020,0.961,0.657,
1ixFz100Tmg66MB5eTKZcV,How Ya Move Out Here,JT Money,Happy,2020,0.771,0.674,
5AHy3VTDY722q6mEl37y1e,Don't Cross Me,Seaning,Happy,2019,0.892,0.67,
69iVrK1wLeoLmx6jurknun,Five Pointed Star to Warrior II,Emaney,Happy,2016,0.726,0.684,
6oc0e25nyni5MhT0wwylAC,I Got Into My Spaceship,Mike Noble,Happy,2013,0.913,0.583,
2tLefqCDFtKGk0MwGNNiOw,Nuclear Love [Vintage Mix],Pepper Coyote,Happy,2020,0.832,0.816,
68488Clvn8ErQXLmi1q9gS,Re-Elect That,The Bad Plus,Happy,2012,0.734,0.568,
7qrqQjdaJalneb5T62e21z,rapid life シンドローム,LiSA,Happy,2015,0.698,0.979,
3RM8WMOuZKQEsTqWHdgh3a,Crasher-Vania (Karaoke Version),Starbomb,Happy,2013,0.972,0.965,
5xX0k4G5h9OpmqUIBOxmPC,Peacock,7 Minutes Dead,Happy,2014,0.896,0.948,
44gz3bzhdcGUFgA5oc1wSu,Holiday,Little Mix,Happy,2020,0.648,0.676,
2laXBM3lazD5qbyZlzhf0y,Gems of Wisdom,Wordsmith,Happy,2015,0.556,0.768,
2SVVSPafsLNtdoFKzkeHat,Sign of Life,Shoes,Happy,2012,0.607,0.779,
7CLpmpjetxU80TLRwbU1R1,Straight Flow (Instrumental),The Legion,Happy,2014,0.622,0.814,
1ilPzowoTuhDH4YnXCsowI,She Wants It,Nick Moss Band,Happy,2014,0.744,0.604,
6wAW3EmUU730td3gEwXh0v,I Like What You Did,Roosevelt Sykes,Happy,2013,0.676,0.563,
1AFbk5pUg9yyAQphhEtFMQ,希望の路 (2019 Bob Ludwig Remastering),YELLOW MAGIC ORCHESTRA,Happy,2019,0.627,0.95,
7drasWv8zUPQDkgwNE4OnN,If I Hock My Guitar,Delbert McClinton,Happy,2019,0.859,0.899,
55qSB7GmgzwgkC91vrIyrp,Handprint (feat. Amina Ya Heard) [Aeroplane Remix],Detroits Filthiest,Happy,2018,0.893,0.611,
55zck3jlMBQEAHnf6PRljL,American Dreams,From Indian Lakes,Happy,2016,0.735,0.823,
1YhS2P2FUBhbHLIFhbi3lr,Kung Fu Grip,Vinnie Moore,Happy,2019,0.839,0.936,
321xN4PkyAlaNYmszvTVjO,Wheel of Fortune,Jennifer Cuttings Ocean Orchestra,Happy,2017,0.926,0.663,
6nVuejGRkasDi6g8NWt9aZ,No Room for Love,Ina Forsman,Happy,2017,0.834,0.577,
3UwH7oeAYueDTdVpmVTHc0,C'est ton destin,Les Inconnus,Happy,2015,0.56,0.895,
3Oevx9kwpDeO3vZUYqhVNO,Biggie Freestyle,Stretch And Bobbito,Happy,2020,0.618,0.726,
41u5tkvkeG9svJ8PulfIB4,3.000,Blues Etílicos,Happy,2019,0.869,0.781,
1GIvCuDEDhSXuvjibL1qdN,Merengues Diferentes # 2: El Gallo / La Chica Fresa - En Vivo,Marimba Orquesta Hermanos Tistoj,Happy,2015,0.728,0.766,
0t4E542wTrxdq9ufYsLFje,Diamond Sun,Glass Tiger,Happy,2018,0.644,0.775,
3MggRBjuywRzekimTvrjOm,Lauren (feat. JAY1),Deno,Happy,2019,0.633,0.596,
3wQxUfquHLpgHoU6fo8Z50,No Scrubs,Weezer,Happy,2019,0.645,0.798,
1hPMjqL7OMP7g8mNPnze4C,Host Body,Chad VanGaalen,Happy,2017,0.775,0.88,
3JVFR6J85eB6eE9SboSBwv,Narcissistic Cannibal (feat. Skrillex & Kill the Noise) - Andre Giant Remix [Andre Giant Remix],Korn,Happy,2012,0.566,0.676,
2gK0bMTD1bjIC58S3gIS9z,Land of Sunshine,Bart Graft,Happy,2019,0.849,0.993,
1k9LPf9mhdVs18a5fd6GYG,Holding On (Letting Go),Another Lost Year,Happy,2016,0.606,0.872,
6boRfbwUxFSZG2Gml7eS7X,Unknown,MATCH,Happy,2017,0.821,0.756,
36Z5xP9cq6mHwC3Bf6zgE3,Когда она проходит мимо,Thomas Mraz,Happy,2017,0.753,0.774,
2l1iTVn5t6IBd2BtUsMGie,For Us,112,Happy,2020,0.611,0.686,
2JvWxgNhkLX5vspaP6nMbC,Seven Words,KAIS,Happy,2013,0.818,0.856,
0uduEoP9ElLWHFgrKgNl2d,Can't Tell No One,Pig Destroyer,Happy,2012,0.906,0.98,
1vZ965pVZOiUGMEZ3wmoSu,Mersey Like Wine,Badge Mack,Happy,2020,0.83,0.699,
0lZ0xzCrpYY06CJYjp7SZj,No Veneers (feat. Brenforprez),Mister CR,Happy,2020,0.572,0.63,
4Kuh9qHDRtbhgVv1Iofsjc,Popopop !! (Freestyle),Suprême NTM,Happy,2018,0.589,0.928,
6FERoo2xrkXp6Z5ZpAkGFg,Diving (Xlarve Dubmix R2),Xlarve,Happy,2012,0.745,0.915,
4hZ0t4NRzs9UAChO4ZgOFw,Hermosa Historia,Montez de Durango,Happy,2016,0.698,0.724,
7feGWADXk1mtYL8bzqc5ka,Dead Poets Make Me Smile,Bubblegum Lemonade,Happy,2013,0.88,0.659,
10yO1es1QSClcPreNbVq34,Shake It Break It,Peter Stampfel & The Ether Frolic Mob,Happy,2013,0.654,0.662,
4vOacY1arOuUoXGMyn1U8B,Troubled Times (ft. Mack Wilds),Torae,Happy,2016,0.677,0.955,
3Ev2e42PKYN7fDhfS6lsXo,Shine the Ladies,Rim Kwaku Obeng,Happy,2015,0.886,0.756,
66xzmiEJjvJg6M87pBXy2H,Whut - Hardfloor Remix,Psilodump,Happy,2013,0.948,0.928,
7feNblkR0A56vttsAGTyzK,Carmín (feat. Juan Luis Guerra),Romeo Santos,Happy,2017,0.753,0.675,
3jbt65qdKeXNhRjWVVXbcS,パラレルスペック - funky ver.,Gesu No Kiwami Otome,Happy,2015,0.695,0.958,
2Y4VSQOGlEwH6EJoRB5iZb,4 finger pressure point,Rahiem Supreme,Happy,2020,0.851,0.732,
49FDYiUzZPbWkGLt5lQDhW,Get To Love,Leeroy Stagger,Happy,2019,0.821,0.658,
0WbpxgoNyLCigRibC7GG8r,Kept In the Dark,Xentrix,Happy,2020,0.573,0.742,
0R7dGTYlLdMZTVsTJO2gO1,Nosediving Plane,Zula,Happy,2018,0.633,0.789,
1tlFocrMoY5tKmegYivNHd,#Cinco Disparos,Mr Alien,Happy,2019,0.709,0.9,
1DB6mmtyhiSI2XbRGDYIV9,Lighten Up,Champaign,Happy,2014,0.962,0.779,
01G3uECLTaLdfblHMvQxPX,XYZT,Zombi,Happy,2020,0.568,0.783,
6hAZKd8OQ1cf0pVhAUTt1B,Keen and Peachy,Hank Mobley Quintet,Happy,2012,0.779,0.696,
2L3lkdGnlca4aB4vuZhNPS,Invasion,Rob Vicious,Happy,2020,0.683,0.684,
3IKJOVuJnbKS9fIM5hL38b,Pour Some Sugar On Me,On The Rocks,Happy,2012,0.633,0.717,
2vYQt52ut7v6EpL21lUdlH,You Bring the Sun,Annie Keating,Happy,2016,0.742,0.731,
5yLAd7UW47GZJrymvKUXl3,Cuando un Cariño Se Va,La Gran Familia de Guatemala,Happy,2012,0.812,0.679,
5CnfEsG2WubB3541m5wAZW,Radikult - Fixhead Remix,Morbid Angel,Happy,2012,0.593,0.935,
4TOlcylpq3DzE91iti2bdZ,Get Up,Niki J Crawford,Happy,2015,0.861,0.903,
2MVQ0T9eognvuIczE7x6wH,Past Tense,Lil Keke,Happy,2012,0.687,0.778,
1HLzJsyA00Y7FuBQJtXvYv,ハイハイあかちゃん,CHAI,Happy,2017,0.661,0.884,
1p8wPgQ0AiA4rWxJaufZrE,Thank God,Wale,Happy,2017,0.555,0.729,
3ukWQzkKdMHSeGDaSnK23c,I Love You More Than Tacos - Instrumental,Carne Cruda,Happy,2016,0.962,0.59,
0ksn45NhLxZ5tnExC7iqQq,La Mano Se Te Fue,D.OZI,Happy,2014,0.813,0.817,
0y3N8torKeDzzA5TTCSKdZ,Combs and Carter,Ali Bey,Happy,2020,0.71,0.714,
14D8EaSuS0OwHvpkyw14DY,Queasy,Chime,Happy,2020,0.736,0.852,
2E3pvNCmzzF5PzhXNZncNT,"For The Real (feat. Termanology, Slaine, Singapore Kane & Reks)",Big Shug,Happy,2012,0.596,0.846,
00sIEQEqMFXguUR12RqxKs,Woman Don't Lie (feat. Sugaray Rayford),Walter Trout,Happy,2019,0.74,0.914,
2B0Irib6WOYvfdDSVlXuix,New Frontier,Donald Fagen,Happy,2019,0.886,0.679,
3O6hx10kYKGt6WYeLDfnOz,METAL,Thouxanbanfauni,Happy,2020,0.584,0.71,
7laFE2lGZXiNyazgwv7Z9E,Further,WESTSIDE BOOGIE,Happy,2015,0.553,0.556,
0uPpmgSTgKqUVJ4Fsqsyro,Amy,Widowspeak,Happy,2020,0.878,0.556,
4xYIRtYhuOjsAm8iI2v1Yj,Orange Blossom Special,Johnny Cash,Happy,2020,0.8,0.634,
77CQ4qF5GmWQCrNDVGxCIU,Charanga Costena,La Luz Roja De San Marcos,Happy,2012,0.962,0.86,
4Zd1c2RpTd38jSFTNezgoN,Ooh La La,Faces,Happy,2018,0.8,0.574,
2s9tKZWciORT9LBnz1pAbh,Tropicumbias 2009: Estos Celos / El Chofer / Baila Cachibombo,Internacionales Conejos,Happy,2015,0.785,0.683,
42gokOGxxInN6n43Xekxqk,Chotto Matteyo,never young beach,Happy,2015,0.838,0.728,
6qdQKFzkAOa59NkBx6o2Oe,Get It On (Live),Jo Blues,Happy,2017,0.733,0.902,
0DTLwAomf9VRAlQtxbqD6p,Whisper In the Dark,Dionne Warwick,Happy,2016,0.625,0.663,
2IVMSiifHirxvLqNLvvY8f,Heartbeat,ILL DOOTS,Happy,2020,0.688,0.814,
2jUwFf98E7Zd67OrbLxae4,All Along the Watchtower (Live),Halden Wofford and the Hi-Beams,Happy,2012,0.64,0.862,
1CW2XRJLDUadraYrnhi4dg,It's So Easy,Garry Bonner,Happy,2018,0.701,0.748,
5vzc3JlbRHT1NR9rxKVEuF,Werk - Mistic Trap,Ceresia,Happy,2012,0.963,0.869,
0Z4joaa6vInMGWXEfJ9vs5,Quebraditas Pegajosas 2: Devuélveme a Mi Chica / Cruz de Navajas / Clavado en un Bar,Marimba Orquesta La Pegajosa,Happy,2016,0.77,0.743,
41wSagNq0OKvxPPnlOa98p,Killer Heels,Marie-Claire Berreen,Happy,2012,0.623,0.803,
2kwzRSpUjA2QPRPxCVoU1P,There's That HOE,Nick Money Meyer,Happy,2020,0.655,0.56,
6JusK3sx0nKmojV6Abel3n,Wonder Drug,Bizarre Noir,Happy,2017,0.625,0.918,
02xq8Q9VXKp94j5YIgfcBh,Flip Side,Barry Levenson,Happy,2015,0.733,0.883,
7xPEqN2G1Ny0AVaaIzZMfv,Earl Scheib,Babe Miller,Happy,2018,0.973,0.866,
2McmMtSKN39EZj4xmBIhWO,Joe Six-Pack,Montgomery Gentry,Happy,2019,0.907,0.733,
3dRtiBG544GzYNxHLs5zjO,Costa Alegre,Marimba Maderas Chapinas,Happy,2016,0.881,0.803,
0fWDcO5GU88za7e1KyZLSq,Fiesta Gitana,Ricao,Happy,2013,0.934,0.863,
2NIN70lvKdXMRQdj3qcw64,My Angel,Young Soulja The Realest,Happy,2017,0.671,0.814,
5dacukGIaK5vYruwkDKWAr,Love After,C-Rena,Happy,2016,0.735,0.566,
0HxjMDPkC9ipk5pHqKTHsh,Chips n Dip (Bonus),Trev Rich,Happy,2020,0.838,0.58,
3bT1w7bdKcbPqNUwm0FCxU,Don't Walk Away,Love N Revenge,Happy,2017,0.57,0.748,
6QpWjZqpolfCwOmkfcJ1kI,L.O.V.,Shordie Shordie,Happy,2020,0.679,0.696,
1yefIz1Tf1tRGG0kGFkd9X,My Clinch Mountain Home,James Wall,Happy,2015,0.965,0.753,
49Wz7szRKARkXVPYs9cuHw,Alegria,El General Paz & La Triple Frontera,Happy,2013,0.937,0.904,
68HGNvhRB1BJwRQ3bJHhD5,Accordion,Neneh Cherry,Happy,2012,0.682,0.554,
3lbntcksNeukpOaLlHKAtA,Weihnachtszeit Herzkuschelzeit,Ellen Krenz,Happy,2013,0.593,0.616,
5zBNgZo56VOsQrz93SSefR,Wrong Way Home,Matt Keating,Happy,2012,0.734,0.655,
2Po82AqHJoJugvLQNRssME,Hiteishita Mirai,Keyakizaka46,Happy,2019,0.738,0.796,
0sZeUjn1cIvRg5OLwSuUFT,Xbox Live,Keyze AriZona,Happy,2020,0.735,0.878,
5kOGBhOXaGQ5Z045fCsIOv,Bodegah Flow,Lil B,Happy,2020,0.958,0.622,
24YSwYBwfjC25Svlr83wmM,Iscence,Ozric Tentacles,Happy,2013,0.915,0.646,
605QpdRp3wvWIJugh1CeU1,Physician Poet,Ciro Hurtado,Happy,2014,0.835,0.648,
2kVACL2fimdI8islM87qyU,Comme Des Garçons (Like The Boys),Rina Sawayama,Happy,2020,0.65,0.714,
5XGAstxRPRDPXxdFhUIgzQ,Sleep Deprived,LÉON,Happy,2017,0.666,0.728,
6nNTw5cIeTHwvcTrIMkBx0,Jazz Cruise,Nils,Happy,2014,0.826,0.772,
6AQO9c6H6f08XsfG1Dfm5s,Hollywood Heckle and Jive,England Dan,Happy,2019,0.736,0.696,
4cW2Uc7pdQ6qsdZ3BkQ6TG,They Can't Love Jesus More Than Me,Junior Sisk,Happy,2013,0.846,0.555,
5fCC8o4RbPWJfX6Mh6F3hq,Give It To Ya Raw (SD50 Remix) - 2020 Remaster,Ol Dirty Bastard,Happy,2020,0.558,0.744,
6kqbETFrwMj3FP6pusprmo,Blown Away,Jim Keaveny,Happy,2017,0.595,0.699,
1YcrJu139koql37c7fXtNq,City Lights,King of Foxes,Happy,2016,0.715,0.792,
0l9YITUaLf5fXiElJ93InP,Pack Up,Eliza Doolittle,Happy,2017,0.88,0.809,
6bZH6JRkvofGwpeGNVKepm,£75 Fine,Pons Aelius,Happy,2017,0.65,0.574,
0UDov9S0RWDtWmjRLiX1yb,Good Thang,Mr. Cas,Happy,2012,0.872,0.858,
28iLsNVLGP1llZjG0IzLSY,De Bar En Bar,Adrian Brizz,Happy,2016,0.786,0.867,
5V8ftrn0eMfhXMNYe2bOtn,My Pain,Sero.Overdose,Happy,2005,0.92,0.71,
3s96HGBIgLA3xYHjHqxkjG,Bloody Bodies,Sick Animation,Happy,2010,0.675,0.688,
2cel9Cq6uJCLf8mwvLZ0es,Gospel Song - Jesus,Titjikala,Happy,2004,0.683,0.805,
60GwNZiajjDXEFhhINjWCu,沒有什麼可以阻止我們,Tracy Huang,Happy,1989,0.782,0.554,
3C9lwJ0n6ZrDSnIvV1NzEi,Hot Porno Star,Dirty Rig,Happy,2006,0.776,0.916,
5oQYw4mTDHcFqi6gxvzrbC,Controluce,Stardom,Happy,2010,0.657,0.846,
3hxYLQTyR5IRXZxkp4NAA5,I Want Her She Wants Me,The Chrysanthemums,Happy,1991,0.621,0.569,
7DKfDaIyCibn2DJwk1dlbP,"""BabyRock"" Rock",Clorofila,Happy,2010,0.951,0.9,
4xa8fWt920VsnPEkM1G3yg,"Raver - Live At The Tote, Melbourne, Aug 1983",Scientists,Happy,1985,0.672,0.854,
3r02ZhY1tN1pbcJmp2Uh4a,Camp Fire Song,Eight Ball Down,Happy,2007,0.565,0.855,
34dLXQ3H3MKEMZ5xj5U4UY,Circumstances,Studebaker John & The Hawks,Happy,1995,0.928,0.796,
4nueWRW1yDz6P30pHUg9GC,Bye Bye Baby,Bay City Rollers,Happy,2005,0.661,0.659,
1Dbgh8DZpD2k9jBa8xQOYf,Deflect It,The Old Haunts,Happy,2005,0.867,0.889,
3jnb6Gb3ubxzs1wQLd23Nk,Tidal Wave,The Mutineers,Happy,2008,0.61,0.559,
3Hgy6SLnpktKL72rTzllRk,Robot Vs. The Aztec Mummy,Jad Fair,Happy,1995,0.567,0.955,
6I58eVQkcKe3Bihurg2cRZ,Platz Back,Ksounds,Happy,2011,0.894,0.898,
01w6Mtzueznf69FnYz2Uqz,Love Power (with Jeffrey Osborne),Dionne Warwick,Happy,2003,0.62,0.607,
36PDF5k7MzslkMYiNECWsa,Aloha Oe,The Hit Crew,Happy,2007,0.677,0.618,
5bsl1ndSYfWC3ohlrxMRcU,Temperance Reel/Lowdown Hoedown,House Red,Happy,2006,0.852,0.576,
5QXkxdYUYPOZNUIWDQIei8,My Last Girlfriend,Ben Sures,Happy,2008,0.886,0.566,
2gzvZeOvgFzc95HVGmkPQi,The Cannibal Ed,Lauren Hoffman,Happy,1997,0.919,0.857,
3hWdCPZ9Kb4Hp2WLwZiK5i,2-0-1-2,Orixa,Happy,1999,0.718,0.926,
73YDwhfBD8V3eG5y4xs5Aw,Highest Common Denominator,Andy Warren,Happy,2004,0.699,0.647,
4loibzJKYOvtfZlIhWL1LA,Lacassine Special - Take 2,Savoir Faire,Happy,1999,0.956,0.884,
1nz34nDjN9htCBqhoerAza,Intro,Icke & Er,Happy,2007,0.748,0.621,
08NUhxoKfurPuEyoy8Uysx,Peaceful River,Leah Morise,Happy,2006,0.679,0.557,
1efCORUnQ6vW6EULVix6K7,愛情蝙蝠俠,郭小霖,Happy,2006,0.921,0.838,
3gtNV6x8w8IEz4TF7QRVdO,Rose of Washington Square,Harry Allen,Happy,2009,0.681,0.565,
0De8RkZGP43wqIOA48hjKe,Crawling Towards Bethlehem,Pearls Before Swine,Happy,2004,0.687,0.56,
0n5siz4Wu8YE1HCv5dEVOr,His Short Quip When Eddie's Bothered,Make Believe,Happy,1965,0.959,0.682,
5SDf7tMJKrgO0fVOZsag0M,Broken Crown,Strawfoot,Happy,2009,0.944,0.947,
6W04EMrXtUum6yhcxkUGJJ,When the Lights Go Out - Radio Edit,Five,Happy,2001,0.95,0.819,
1FMauivFxza95qGmtXbxyK,Save Me A Seat,The Hellboys,Happy,2008,0.719,0.574,
0nnOxHOyD7lqFWrm7K4Qdy,Broken Hands,Mick Taylor,Happy,1979,0.643,0.703,
3GWV7iTDKcYRwTyTWc3qeC,Lord Of The Dance,Barley Bree,Happy,2005,0.966,0.556,
5HQr7yUc33tqhGTMRalSOi,Parando En Seco,Desechos,Happy,2003,0.961,0.952,
7EeGnwPZH3888crcYcrAVp,Groß in Kagran (Big in Japan),Wolfgang Ambros,Happy,2000,0.706,0.791,
13g6dkI7LA0PfmsmDslo8K,Meshugeneh Mambo,Yiddishe Cup Klezmer Band,Happy,2004,0.711,0.774,
4CVuUjP1FdgbA6uOmQXHoj,Elegy for Himeself,32crash,Happy,2011,0.624,0.777,
7nXnPSyanzUfLPdJzIj2hV,Go Now April,The 63 Crayons,Happy,2004,0.56,0.573,
3vBioSFGDQ6Og26C4n5Xls,The Man Who Sailed Round His Soul,Rubén Blades,Happy,1995,0.705,0.635,
5o4is9m6KrZbOiIVySbrQt,Streeter,The Shutdowns,Happy,2000,0.78,0.984,
5tKfj7jlZ5Yw32xRPAfKEO,Driving Wheel,Rita Chiarelli,Happy,2011,0.661,0.583,
6vOBzAbViYXN0vF4zKhb5r,Pirando Todo Mundo,Latino,Happy,2007,0.965,0.827,
3tT93QRRRsqjoadB1JKCC7,In Human Form - Chuck's Riff Tape - 1992,Death,Happy,2011,0.637,0.812,
0MGHlfe30ountZL0K0wGjN,Negra Paloma,Marco Antonio Muñiz,Happy,2002,0.966,0.694,
1x4kCgnYJIbPIoTUIETekJ,I'll Fly (Gritty D.B. Mix) [feat. Jo Coker],The Urbanists,Happy,2010,0.759,0.608,
6dBu98sueJVXrPMvllW5kh,Help Me Make It Through The Night,Midnight Special,Happy,1999,0.869,0.551,
1nJinohdv1pmaumQHWqOvH,I Won't Fall,Mackintosh Braun,Happy,2008,0.69,0.674,
0QaLf51inyMsp3Jn5oNw0P,Dreamin',Sweet Female Attitude,Happy,2000,0.718,0.884,
6GNuIUBjjQiNaQpm7wQvkh,From Russia With Love,Milemarker,Happy,1999,0.819,0.563,
5rM5UaTD3n93gVF7hcfIuG,Pride,Odyssey,Happy,1978,0.716,0.635,
5SFsPrdSPxr9Rpa3YbUtDG,My Wife and My Dead Wife,Robyn Hitchcock,Happy,2008,0.611,0.924,
3aQ2fYWNhiovsTZZF20APn,Babylon (Radio Remix),Naked Rhythm,Happy,2008,0.582,0.749,
6RLoS6isl9ChxOx5XixEuo,I'm Gonna Live It Up,Buck Owens,Happy,1997,0.855,0.832,
5LdB3PxuK6Zfx3sxNucVOk,Espinas,Niña Pastori,Happy,2004,0.741,0.738,
6mBqVcxMaIjEjJeznLwGV5,Die friesische Nacht,Klaus & Klaus,Happy,2000,0.862,0.838,
1kzvCclyELuvI7QQXgjUCr,Joanna,Japhia Life,Happy,2006,0.72,0.711,
6ldwfK0yWgTAlmIfuQkTYN,I'm a Slave 4 U,Britney Spears,Happy,2001,0.963,0.843,
0hpDnEc7IlBrP0dBTZUdv8,The Omega Point,Isadar,Happy,2008,0.843,0.688,
5j8GfKVh2JiCFL8x6EbELh,E Ma Se Lo,Chief Commander Ebenezer Obey,Happy,2006,0.807,0.677,
6naMtrRYFQPDleFcBOtqY4,Represent,Retic,Happy,2009,0.865,0.651,
5YfGUi9nV5GUylKHaOK3t6,Far Away,Bobby Raikes,Happy,2004,0.936,0.834,
57QeyKk41SrBLF3cWQRRhW,I'm Coming Out,Diana Ross,Happy,1971,0.764,0.903,
0uzuK7FqfTOhjReGfWeSnI,It Is Well With My Soul,Jars Of Clay,Happy,2005,0.88,0.768,
24oyznxVeky7XLA6SaZwH0,Medley - G. Scott Skinner,Jean Carnigan,Happy,2006,0.966,0.766,
2QLNkLmgpvKmv0kqXEYx4i,White Lightning,Silkworm,Happy,2002,0.817,0.64,
1hTrxaAVWdF2O3diYMR5k1,Vision 215,Syrian,Happy,2003,0.9,0.992,
35wqVHUrAVwobtWmMlCtFI,Not Like All the Others,Foundation Movement,Happy,2006,0.85,0.799,
5ldg0vWUQiIYMMS02VTKab,Set The Record Straight,Petey Pablo,Happy,2009,0.63,0.615,
6aUcuEwvqxXqqzCtIEbPwB,Painkiller Principle,Elemental,Happy,2006,0.802,0.916,
5lpph03FfUgZ8FP5tzukKw,The Bonnie Blue Flag,Derek Warfield,Happy,2009,0.961,0.834,
1GGNgiVgsmVj9xOQtyzOM9,Hush Hush Julio,Mumbo Gumbo,Happy,2009,0.976,0.945,
2utnsGC8hsRAAr02UrsDmu,Witchy Ways,Thunderbird Motel,Happy,2009,0.571,0.603,
6tkglKaEfJnYkprKjXvGXC,International Remix Intro,Terrance Simien,Happy,2006,0.859,0.688,
52gbxOsleSX2yYzA3JJp3F,"Move, Sucker",Daniel Caine Orchestra,Happy,1984,0.619,0.769,
3NlnfOHspluVdP6TcDCqoQ,One Particular Harbour - Live,Jimmy Buffett,Happy,2006,0.625,0.879,
57xk9HwlRUAusvoDWhz6I1,Cranes Vs Pygmies,12000 Miles,Happy,2009,0.77,0.942,
5rdojj6sU8HG8dOFPDA4I1,Folsom Prison Blues,Dutch Mason,Happy,1992,0.82,0.573,
2gO5BhWjxCa8VWzOZfhlG4,Mambo Como No,El Zorro,Happy,2010,0.974,0.731,
32a3rXttwoOh0zbIEd7M4U,Blue Eyes,Once a Pawn,Happy,2008,0.568,0.658,
1f6A5F5aa9r1uX3IZbWShg,Wooden Ships,Joe Perry,Happy,2009,0.638,0.886,
7qJDUCOdonaJirElObHLhF,Plagues (Bio Terrorism),Hanna,Happy,2001,0.562,0.909,
4Ia9vIhHkVbmqBfTam7uDd,How Do You Tell A Woman You're In Love With Her?,Marc Gunn,Happy,2008,0.693,0.782,
4kEdOAZlGaIzQwv6Bg7oSD,Baby You Crazy,Nick Curran and the Lowlifes,Happy,2010,0.923,0.942,
1mnWdYIC4W8E9DLCNpykRU,Futures & Folly,Blitzen Trapper,Happy,2007,0.923,0.66,
3Imydmng3x1UyBeN436Y15,Candy,Dennis Nelson,Happy,2010,0.806,0.719,
7oegcNw3LG3DQsMx2kqfG3,I'll Be Coming Home,U.P. Wilson,Happy,1999,0.876,0.594,
67VeyFPLHvkMtsJFSO4dyV,Slut - Live at Lafayette's Music Room,Big Star,Happy,2009,0.582,0.822,
7rsEe10ZPM46ekavcSBuy5,Chop Me Up,Smooth Jazz All Stars,Happy,2007,0.588,0.703,
1PwC2TZWdcW9gz6D9gLycA,He Drives On,Dog Named David,Happy,2005,0.702,0.594,
4J5eHg4qKZaD1iq8aWx3PE,Almost Saturday Night - Alternate Mix,Ricky Nelson,Happy,1993,0.792,0.566,
34aDtIUbYnMZI5d8FetZgZ,Mess,Martha and the Muffins,Happy,2010,0.845,0.888,
0gebJXBKcksHM3nuEyV9gf,I Took A Chance,Vinyl Kings,Happy,2002,0.735,0.642,
12NGAGzglMCgGnL5qJ2D7p,Para No Decirte Adiós,La Quinta Estacion,Happy,2006,0.82,0.837,
6wRRsXCmiwWDK1zsGHBHRp,Sip of the Vine,Policy Gang,Happy,2005,0.866,0.726,
4CmYkMfs8y54aBnQlINBKJ,Mr. Rainmaker,Warrant,Happy,1990,0.768,0.833,
2Blmqj6pNA5IeukbJdKKFU,Solo Tu Cariño,Jerry Galante,Happy,2006,0.915,0.955,
2Uu7nOCfYnnCNznHyA1tzj,Dixie Hoedown,Stevie Barr,Happy,2007,0.964,0.789,
1zWYWT0WsEJjRrYkjNvlTA,I Get Mixed Up,Pete Krebs,Happy,2002,0.922,0.688,
00JbTJUCzQJDhwhhRNndFF,My Funny Valentine,Barry Manilow,Sad,2020,0.157,0.184,
5hT6XA6I8FStodwRVf9xuP,Minnesota 1945,Eddie From Ohio,Sad,2017,0.331,0.217,
7bD4oczHpW3FITPTbK3mCe,Not My Father's Son,Billy Porter,Sad,2013,0.225,0.131,
1ezqT8mFWe2SAL6yrbwE1A,And When the Sky Was Opened,Trent Reznor and Atticus Ross,Sad,2016,0.056,0.048,
5V1TdrNcdYhmA7KeCm8tys,Yhtä vaille kaksi,BEHM,Sad,2020,0.35,0.415,
3z9sAf9ptrSLpyRWR4jRiX,Adore,Savages,Sad,2016,0.08,0.402,
0cja13Q4QGBvX8yGgEAvCc,One Morning in May,Harry Allen,Sad,2013,0.125,0.178,
1XXsnXhknTVMKYbu0HRGeF,Bleed,Jenn Champion,Sad,2018,0.134,0.212,
1omPnaRo4fZeCwZgJEzMYY,Afford to Pretend,Vanessa Peters,Sad,2015,0.212,0.305,
6ABfBf8MM6F32FMY1JSjyL,Poison in My Mind,Michelle Gurevich,Sad,2019,0.275,0.389,
720hgRsGHIzxELwN7peIGC,La sera,Respiro,Sad,2019,0.377,0.426,
1KyZqfCyhFNFt1twG6TCS7,Mir ist ummaten leyde (I am grieved beyond all measure) (arr. M. Lewon for voice and vielle en luth),Marc Lewon,Sad,2014,0.131,0.088,
1QXlmMr5O1fQTRMDzsbHh7,Shimmy Shimmy Ya - 2020 Remaster,Ol Dirty Bastard,Sad,2020,0.221,0.445,
1tyNHBK5pYkVmLl2WxHWmq,Nightwatch,New Sound Authority,Sad,2014,0.309,0.223,
31FLLom6SlY3qiEQOxCiie,"Keyboard Sonata in B Minor, Wq. 49 No. 6 ""Wurttemberg No. 6"": I. Moderato",Carl Philipp Emanuel Bach,Sad,2018,0.36,0.072,
5ES700IU7bGZwh9QUKrneS,Escape - Acoustic Version,KONGOS,Sad,2015,0.271,0.381,
2ZpyPd7Ap9mtX7Q4tGaoJ1,Thou Art God,Lionel Bourne,Sad,2015,0.094,0.152,
3Jr0EqDUFiwzIGyZOb6CV0,"String Quartet No. 16 in B-Flat Major ""Celtic"": II. Shule Agra: Adagio",Alfred Hill,Sad,2015,0.083,0.091,
2Pto4mLfI6A8SHH4a2YhUz,RUNESCAPER,NOLANBEROLLIN,Sad,2019,0.237,0.382,
0KAMmq4ayGYevDGHEGR3IN,"Violin Concerto No. 3 in C Major, Op. 7: III. Rondo: Alla polacca",Louis Spohr,Sad,2013,0.252,0.068,
4yvwcMlkthfSnFTNgR3uO0,"Leyendas, ""An Andean Walkabout"" (version for string quartet): III. Himno de Zamponas",Gabriela Lena Frank,Sad,2013,0.039,0.078,
5TWlcJr6pHd0AoaPsH1Lut,"Nun komm, der Heiden Heiland, BWV 62: Recitative: So geht aus Gottes Herrlichkeit und Thron (Bass)",Johann Sebastian Bach,Sad,2014,0.331,0.191,
0uvG7esMXUCJevDW0h8BrV,Till There Was You,Richard Evans,Sad,2013,0.127,0.102,
0bmjxMhbgGwQ0XyHYZ6sWc,Sheep To The Horizon,Joel McNeely,Sad,2014,0.182,0.29,
7GVmNXA26B1mVLSMN13wrk,Out of Time,Trevor James Tillery,Sad,2016,0.196,0.421,
5OyACEb3XB5nYVdLAEk7lQ,Mid-Winter Songs: No. 3. She Tells Her Love While Half Asleep,Morten Lauridsen,Sad,2014,0.039,0.029,
6in07s2pWLtiOm14A6OFEu,I Remember Bill Evans,David Benoit,Sad,2017,0.037,0.102,
4ginjg3U8OoxqG8RKauSvp,"Symphony No. 6 in E-Flat Minor, Op. 111: II. Largo",Sergei Prokofiev,Sad,2016,0.038,0.127,
0stoE4XaQrhaJZsdSaoBgS,Thugainn a Bhlàrag,Kathleen MacInnes,Sad,2012,0.394,0.224,
6Iu7PNirh73fqLBooRgwnC,Pathos! - Prologo,Argine,Sad,2018,0.15,0.431,
0fH3tgmBQhWvnhv4KeLa0i,"4 Intermèdes et divertissement, VB 27, Pt. 1 ""Intermède I"" (1787 Version): No. 2d, Alcmène, jouit du bonheur",Joseph Martin Kraus,Sad,2019,0.167,0.078,
1dN1NBjLUO2JbgKf4rr87m,Savannah (Early Version),Andrew Gold,Sad,2020,0.406,0.269,
5dvi8TiZjjZOiuAA6YbvNq,Lonely City,Nuala Kennedy,Sad,2012,0.402,0.404,
5ybzN7aPtkDPiVOiMt1XPQ,Taverner: Missa Corona spinea - 04. Et incarnatus est,John Taverner,Sad,2015,0.04,0.149,
7eYZaNJ4Ft2eqc2FtovLBb,Which Way Are You Going?,Skaarl,Sad,2018,0.096,0.383,
5wf4PQuEiQ6fCGJ0YqSAlz,Fragment,Pillow,Sad,2012,0.048,0.26,
33UanIxcyPn2941YYgJ5fY,"Reminders, Remind",Mark Northfield,Sad,2012,0.103,0.241,
3Lrw5NAloFXNkG2YHXBbUu,難得一遇,Phil Lam,Sad,2017,0.224,0.344,
2OYS7SGdmrGt9azy3boRvN,Something Really Mean,Nicki Bluhm,Sad,2018,0.264,0.311,
3O3T8mG2IglzuPB1Kfsh6S,Bit Ratio,Gideon Freudmann,Sad,2012,0.241,0.143,
6QancnLYUMblmAZJbZsNer,West Texas,Thirteen of Everything,Sad,2019,0.034,0.292,
17JHCpiNc4XkjmqVC86CHh,"Anacréon, Scene 6: Gavottes 1 & 2 pour les Égipans et les Bacchantes",Jean-Philippe Rameau,Sad,2015,0.396,0.104,
3Oev9h52ekn1bPP1CciTZP,Awakening,David Darling,Sad,2014,0.132,0.033,
2UscVSLpODlPpZ4064AfJW,Piazzolla: Le Grand Tango,Astor Piazzolla,Sad,2019,0.192,0.123,
0SbEbV7fUBbaXOune3IZfb,"Cello Concerto, C65: III. Variation 2: Risoluto tempo giusto - Brioso - Variation 3: Allegro molto -",William Walton,Sad,2015,0.305,0.134,
09LIijrZtldj0jDk7WOSMA,Electric Sun,Jerome Sabbagh,Sad,2014,0.42,0.213,
0fqYfPP17mhY3ugm1P9qvo,Cures & Wounds,Wilma Archer,Sad,2020,0.124,0.142,
4uIF8AvLCSXynJILuTwiR8,Letting You Go,Jason Isbell and the 400 Unit,Sad,2020,0.37,0.319,
4gJWOPtNwTZOZNbAMMAK4m,Mellohi,C418,Sad,2013,0.165,0.181,
4BzmjfJLAhgNuXWc66QYlo,"The Colorado Trail, Op. 28 ""Fantaisie for Harp""",Marcel Grandjany,Sad,2017,0.037,0.068,
0yt0xl9SrLgqYyKLe0r3oG,Trophy,Kasher Quon,Sad,2020,0.235,0.445,
4Wm7hMXfzxQCfLgqzr8obK,Beast,Lil Reek,Sad,2020,0.121,0.419,
3iQu0Q4PLid2FYhajDKZ9r,All I'd Ask,Kevin Lee Florence,Sad,2014,0.251,0.311,
0CWI33AnRoDotr6JWa2ExU,Sons of Horus,Displacer,Sad,2014,0.11,0.394,
1m1CcpIFXd24w54BDKOHFp,Here Comes the Night,Theta Wave Orchestra,Sad,2018,0.035,0.174,
5ZB0ZNSREVjKKirEI2Upfe,April im Oktober,Stephan Mathieu,Sad,2015,0.046,0.301,
0x5MvLKZRVyMtSCbNooroT,Never Gonna Say Goodbye,Dawes,Sad,2018,0.356,0.319,
7BUPll33LlSPnyrGD7gn5b,Loves Light,Mpho Sebina,Sad,2017,0.199,0.416,
7IAwlbW81kZPB3lFpyR75D,Carnaval: III. Unicorns,Roberto Sierra,Sad,2013,0.028,0.068,
3eCIkYq99PZxSV7joG6ZG7,Snails (Live),The Format,Sad,2020,0.385,0.353,
7dK0NFL7pi3OUcn5MmL43s,Ebb,Steel Cranes,Sad,2016,0.118,0.279,
5zo4uLD2EEvMASSfmnNWo3,"Die Kunst der Fuge (The Art of Fugue), BWV 1080: Contrapunctus V",Johann Sebastian Bach,Sad,2012,0.342,0.141,
7G8C2ixjKi9009EmZKszMh,"Violin Sonata in E Major, Op. 5 No. 11: III. Adagio",Arcangelo Corelli,Sad,2016,0.381,0.031,
4c1ncmox28RfTi3rsLCDOt,Head Up High - with Radioactive Man,Lali Puna,Sad,2017,0.114,0.38,
7wz9mgc0zrbT3CI2QvCUm3,Araw Gabi,Regine Velasquez,Sad,2017,0.126,0.44,
5HpxSTflQSx3xeYIyRdSJI,Where or When: My Funny Valentine,Duke Ellington,Sad,2014,0.088,0.145,
64MSsySA8cHjqItdrKuuzZ,Wonderful Tonight,Tennessee River Authority,Sad,2013,0.38,0.301,
6nbr8zc1SaBkkncBNcMDos,Island Lights,Birdy,Sad,2020,0.371,0.119,
63sSlkmMinjsT6SCknAnOk,Hickory Wind,Emmylou Harris,Sad,2014,0.318,0.092,
2KtXu3FOh4qbWuQJQug5iP,"Variations on an Original Theme, Op. 36 ""Enigma"": Var. 9, Nimrod (Arr. W.H. Harris for Organ)",Edward Elgar,Sad,2016,0.037,0.029,
6Cv10aSG7auibPsuIKlRT4,Piano Concerto #1 - Larghetto,Dan Gibsons Solitudes,Sad,2013,0.163,0.334,
0JwC1oBEKQqqne3AZ02PXf,Tell Me What I'm Supposed to Do,Petra Haden,Sad,2016,0.186,0.43,
2Ww4ibhpgXDhHTogEKvmUN,Salve Regina,Petr Eben,Sad,2013,0.13,0.08,
0jRCrhxFO43PPHOmlLXvEh,Malaika (feat. Vusi Mahlasela),Mango Groove,Sad,2016,0.401,0.391,
7CCPSW5T0wjXFTZuqxXe6H,Thaïs: Méditation,Jules Massenet,Sad,2020,0.038,0.043,
2YhetOPnmkN8h19hZO0Cx3,"12 Gedichte aus Pierrot Lunaire, Op. 4: No. 5. Moquerie",Max Kowalski,Sad,2016,0.166,0.02,
6qsnd0nAfvfAzzfu8xkmEC,Lucid,Amarante,Sad,2014,0.12,0.298,
7bqwoXQaynpzHvpcDPUWr3,Don't Trust You,Airplane Music,Sad,2020,0.188,0.373,
3W3zEwExTGls3jaKPfn9NY,Now And Then I Think About You,Jacob Collier,Sad,2016,0.148,0.443,
6FlbPRpFDUtSxK6Y9sTLLW,Letter - Words on Bathroom Walls,Andrew Hollander,Sad,2020,0.109,0.191,
4yfnl4U1cqIUtyiktiUsie,Counting Rain Drops,Memorex Memories,Sad,2020,0.033,0.245,
1n4jxj0IqBNvwxvkg2CUsc,Wake You Up,Steve Poltz,Sad,2016,0.248,0.083,
3Ny0RWhkTv6tFFoo2er5N7,Roman's Farewell,Brock Zeman,Sad,2013,0.184,0.273,
1NhenYgJpyzKnJ3fESyo2u,Helpless,Ida Sand,Sad,2015,0.298,0.271,
6k2IABfeENXhaeo6QBideU,House of Broken Dreams,Crosby,Sad,2019,0.167,0.223,
7eLxhRmURZBayvTeXtL74R,Fallen,Leo Perez,Sad,2019,0.036,0.104,
5WXbQEwMGr1u7XbFgrai1H,Sea-Shell Necklace,jérôme chassagnard,Sad,2014,0.04,0.304,
1USsqWEMdSZ9380vRlXOIn,I'll Be Home For Christmas (Glee Cast Version),Glee Cast,Sad,2012,0.214,0.409,
3BN4HUf299nv5QAHPFjaFd,You,MALMØ,Sad,2018,0.384,0.388,
55uNJevfcJN0QqEkbpZF59,I Started a Joke,Roan Yellowthorn,Sad,2020,0.176,0.384,
2pnVpMouvKfs4lGwYUv2lK,Illusory,Jarboe,Sad,2020,0.033,0.2,
7tuXx4b7D9ELHhO8Fn9ou7,Prendila come un gioco,Barbino il Menestrello Apocalittico,Sad,2018,0.355,0.43,
7dUeLo9X8DG1x1u7mzHJaw,"An die ferne Geliebte, Op. 98: I. Auf dem Hügel sitz ich spähend",Ludwig van Beethoven,Sad,2019,0.129,0.05,
08DSnHB1OR4yS5vJfwdUsh,All These Moments,Lexlabs,Sad,2012,0.284,0.254,
6XXKaYDxidMfhuKItQpzku,Sagittarian Skies,Distant Earth,Sad,2014,0.129,0.172,
2Oc9qdxnW68ixQOTCPo69V,Whither I Am Compelled,Sutratma,Sad,2012,0.183,0.358,
3QLDQcJlSCtE0gcfXB053M,Steppers,LEXX BANKO,Sad,2020,0.191,0.425,
5AQIrUyRAxzOw3L9GtPlgG,New South Wales,Jason Isbell,Sad,2013,0.256,0.312,
2mJ74z5IVedi7DiUXF0N2Q,"String Quartet in B Minor, Op. 33 No. 1, Hob. III:37: IV. Finale. Presto",Franz Joseph Haydn,Sad,2020,0.364,0.192,
769kJDAFsS5scjujFRsFQW,"String Quintet No. 1 in F Major, Op. 88 ""Spring"": I. Allegro non troppo ma con brio",Johannes Brahms,Sad,2019,0.083,0.04,
3DQDB4TCEFD5GV9z6CZrAK,"Sonata for Violin & Piano, JW VII/7: IV. Adagio",Leoš Janáček,Sad,2016,0.058,0.047,
21az0cyq0WxlN6WNw90nNc,"8 Variations on ""Tändeln und Scherzen"", WoO 76: Var. 7, Adagio molto ed espressivo",Ludwig van Beethoven,Sad,2020,0.154,0.028,
3lLmP0HCukLLvL7HeskqP6,Es ist das Heil uns kommen her: Septimus et ultimus Versus,Matthias Weckmann,Sad,2014,0.144,0.412,
6XVk4hv7OHZma6RGLcfqoE,Lady Luck,Libby Koch,Sad,2016,0.253,0.269,
3gz6yTl5TZX6dJZ6NaFpac,Transmissions,Mourning Beloveth,Sad,2013,0.033,0.293,
4IyQMJKEE2FaePNtaKSnP9,Le martyre de St. Sebastien: Fragments symphoniques: No. 3. La Passion (from Act III),Claude Debussy,Sad,2012,0.026,0.016,
3QNXJrOAjlN95CPmZvQ4x2,Teardrops (feat. Mugun),IAMDDB,Sad,2017,0.139,0.398,
1p8h4jP6ddFmS6z0DZieH3,Punch Drunk,Matt Creer,Sad,2018,0.04,0.268,
5S6uM92FTjU3NqIX8h3If5,Space Landing,Sun Ra & His Arkestra,Sad,2018,0.32,0.357,
6qPoxxugrzEKZRf6emfR2P,Foie-gras,Joseph Horovitz,Sad,2017,0.132,0.14,
6QmY2Msf7XsPk5az3F0GSt,"String Quartet No. 15 in A Minor, Op. 132 ""Heiliger Dankgesang"": II. Allegro ma non tanto",Ludwig van Beethoven,Sad,2020,0.242,0.035,
0vkh0tThd9XiJjmTuqOuH3,DAKOTA FANNING,Dwn2earth,Sad,2020,0.391,0.379,
4tJX7rDpl2L6BoBtYX8raK,Too Much to Ask,Moonchild,Sad,2019,0.194,0.27,
5R1j7HTSOYI7Xys3RGFrqX,"Suite aus ""Jonny spielt auf"": Szene 3. Tempo di Tango - Arr. für Saxophon, Violine, Cello und Klavier",Ernst Krenek,Sad,2020,0.076,0.016,
4dveOU9hgVqxwz2G46r7M9,When I Walk,Jackson Simpson and His Band,Sad,2018,0.21,0.225,
71D1xdUeHRCJW3P2xbMswC,The Beauty of Dark,Bleeding Fingers,Sad,2020,0.034,0.245,
71LqpWaT7dcyD62XWXD4j9,Christmas Time,Kristoffer Modig,Sad,2018,0.345,0.002,
0g4xJRh1Cdcr9knCZ2Ekuu,Finding Myself,Haley Klinkhammer,Sad,2013,0.138,0.21,
0WhOFhrHBnCyCSZ3NB1QJa,"Mass in G Major, BWV 236: V. Quoniam",Johann Sebastian Bach,Sad,2018,0.059,0.017,
5Z1ImQ2CEvb3dm6P96Bqzt,"9.10PM Session, Pt. 03 - Live at Volksbühne, Berlin",Tangerine Dream,Sad,2018,0.07,0.286,
1y0r5yeWLezAXCXrbWY7Il,"The Zaporozhy Cossacks, Op. 64",Reinhold Glière,Sad,2015,0.224,0.181,
3TkzKiu6KB7bK2TUMCIjQA,Into Her Eyes,Marcela Bovio,Sad,2018,0.136,0.151,
5g67NruMotbOYeXhVcgYJA,The House on 18th Avenue,Adam Hendey,Sad,2016,0.339,0.186,
3p4Fymbc1AtyWcp1y7CUXn,"Roméo et Juliette, Op. 17, H 79, Pt. 2: IIIb. Scène d'amour",Hector Berlioz,Sad,2019,0.036,0.042,
3guHoMz62ryopumPeLU95P,Tropic Affair,John Sharp,Sad,2015,0.128,0.3,
2PBMNdm8cVlHaccyyyHSjT,A Long Way to Go,East Road,Sad,2012,0.078,0.219,
5Yff962joizoPKeu3xVpuT,Down to the Water,Beso Negro,Sad,2013,0.195,0.391,
1tV2NIz7NAEEr9GLtrYmsy,Satellite,Twelve Titans Music,Sad,2019,0.11,0.331,
4RzQMMRNL4vw8OgbTPk2sg,Pur nel sonno almen tal'ora: Recitativo: Pria dall'aurora,Domenico Scarlatti,Sad,2012,0.097,0.091,
3hSznBg8yRrG4zKUD62igr,Tea for Two,Jim Clayton,Sad,2013,0.386,0.439,
4T4NgWxtfSLpvfTTxQFfpe,Opening - Sarah's Theme,Marco Beltrami,Sad,2019,0.033,0.095,
6EUfdYQAdhTopBQsvXJUP5,My Cutie,Ariel Pink,Sad,2014,0.218,0.39,
6ATV4DwAz6DdXaocI0aZJs,Welcome to New York,Piano Tribute Players,Sad,2015,0.157,0.264,
2OXwpgcBLIYTs0EZuOJTSb,Three,Imran Ahmed Trio,Sad,2017,0.202,0.135,
4G4HuUghrKnLv56pZkkyKg,release,Ryuichi Sakamoto,Sad,2019,0.039,0.268,
2P250hogYh2jkUl9xCQFnx,What Are You Doing New Years Eve?,Peter Asplund,Sad,2013,0.15,0.322,
7MtPZG7vQQm4yhbmLUwLye,Teddy Bär,Puhdys,Sad,2019,0.408,0.321,
1Yb1nph7ZHdH2Ic5W7C02X,Symbiotic Talk,Wasteland Hop,Sad,2015,0.374,0.247,
7CmqhRg0Iu9usQgPmgoWNw,Maybe,Trookers,Sad,2018,0.039,0.253,
5QYwulAWRpgFqrZPTkiA2B,Just Passing Through,Richard Leo Johnson,Sad,2014,0.073,0.36,
7iP36yhvYMPnThCrsukPkU,Kabinett V,Emile Parisien,Sad,2017,0.038,0.398,
6MMtOgmfmC71UWgUes48ZE,'I'm Gonna Close with This Song...',Suzanne Vega,Sad,2020,0.0,0.164,
2XdWYfoI9KADmdAjPdKLUq,The Bremen,Jens-Uwe Beyer,Sad,2015,0.21,0.439,
6IuNZnqdTjQcZdX2vyPmXu,We Are Human Too,Sleep Maps,Sad,2020,0.04,0.356,
43NYEyueYLYgECzyFtdR7d,IV. Allegro mosso,Sergei Rachmaninoff,Sad,2013,0.099,0.076,
65h2wQo3iowcGVU1bPJ2hV,Grilling with Grello,Goodman-Bordenave Quintet,Sad,2015,0.291,0.226,
4B33STUQ7hmtFEGoOWpFmi,Movement I: Heroes,Philip Glass,Sad,2014,0.037,0.093,
06WPrAhL3f18VTFRhRMH9h,The End,Christina Marie Magenta,Sad,2017,0.0,0.316,
1FuSFg60xV0CIuYZbIOwXJ,I Took Your Hand,Judy Wexler,Sad,2019,0.234,0.436,
0nYuyrZjErSvRPEOlLokfC,Can't Make Up My Mind,Ayla Brown,Sad,2012,0.286,0.258,
3xGjGUc0PFIBMHGQGLnSDI,Hollow,Precious Child,Sad,2018,0.037,0.208,
6t2SDAEfgUNPSPNggnf7UC,Airport Revelations,Austin Wintory,Sad,2017,0.065,0.21,
0BsAPfT2tYDWKoYz4qLPPv,Can't Cuddle,Monroe Flow,Sad,2020,0.34,0.414,
1sIfyN8pu6mMDYfTk5JkDq,Uncharted,Kevin Bluemel,Sad,2013,0.153,0.448,
7dOciiXoq4Wh883WAEN6Y6,Ring Around The Rosie,Bill Wells,Sad,2015,0.064,0.187,
1Ei8anfL8u5xeX4ZcoV6ex,Howells' Clavichord (Version for Harpsichord): No. 18. Julian's Dream,Herbert Howells,Sad,2016,0.314,0.024,
3rmfu1SBnbuCwHl2RY9CjF,Stratospheric Flying,GJ Marshall,Sad,2013,0.064,0.045,
30C50B1Gq0C7Kv3HKOKbIz,Old Man - Live,Neil Young,Sad,2019,0.44,0.334,
0C2f23xgL1WPUdiWEFwaWV,Christmas 1914,Keegan McInroe,Sad,2017,0.137,0.148,
5qOSxnUpGWvmtYGtPAUNNa,Black Velvet Band,Marooned,Sad,2014,0.402,0.105,
3xS0e4LKPqBz7X7tdmd12h,Exotic Delight,José Jesus de Azevedo Souza,Sad,2018,0.267,0.004,
07RMlUHvvI3ZAmEaOKfcIV,Sea Rapture,Eric Coates,Sad,2019,0.078,0.092,
0oxlp2zUuqLoygXgk9kCNq,Awaken Love (Remixed) [feat. Jenn Johnson],Sean Feucht,Sad,2016,0.152,0.386,
2fpjCuHcToRraq8czH4YKT,"String Quintet No. 10 in F Minor, Op. 32: III. Menuetto. Allegro impetuoso",George Onslow,Sad,2017,0.316,0.143,
4TU0kW7qmq5ko2mBboPDE9,Ain't No Way,Aretha Franklin,Sad,2019,0.231,0.283,
3RWZqLiJOUx9rgkKUjCDX5,Prayer,William Parker,Sad,2018,0.194,0.313,
6KzohF65SdQvgLmncZNtGV,Repose,The Design Abstract,Sad,2017,0.097,0.422,
282H2DZqUyHj1IeSzvS8FS,Take A Bite Of My Heart,Sianoa,Sad,2014,0.385,0.39,
7t2JFTm9xL88zKE3jdH5SK,Give It to Me,Sarana Verlin & Billy Brandt,Sad,2013,0.408,0.432,
2YFJ55NC5u86O8CwVnuRmw,"Kinderszenen “Scenes from Childhood”, Op. 15: Kuriose Geschichte “A Curious Story”",Robert Schumann,Sad,2019,0.351,0.061,
4pSAi16GdNSXzMM8BoIX6v,HOPE YOU'LL STAY,Lorn,Sad,2019,0.053,0.216,
7sofkyTvxeFlhtfwLZkxfm,"König Stephan, Op. 117: No. 2, Auf dunkelm Irrweg in finstern Hainen",Ludwig van Beethoven,Sad,2020,0.0,0.094,
1H5fNwNNB7Abu08GOMsJQm,"Leo: Andromaca, Act 1: ""Prendi quel ferro, o barbaro!"" (Andromaca)",Leonardo Leo,Sad,2016,0.079,0.215,
5bZCdPf7eRVIFMp26uyLOe,Close Your Eyes,Dan Gibsons Solitudes,Sad,2013,0.081,0.036,
2WlV1DObPh7Jnb6tIVUbfI,Warm Breeze,Tom Hambleton,Sad,2014,0.229,0.36,
0WOPP0xA8yyrvjQikTwTYj,Solo de Concours: III. Final,Theo Charlier,Sad,2016,0.449,0.302,
1MmfoWhwNnnh77oElLoaGD,"Etudes, Vol. 1: No. 8, —",Philip Glass,Sad,2015,0.037,0.037,
0bWzI7LtDTB1QsnkDmj8lL,Night,Oakland Elementary School Arkestra,Sad,2018,0.09,0.077,
20z51sF5PpigOtjssOyi5o,I'm Going Home (feat. Kieran Kane),Go Jane Go,Sad,2013,0.353,0.194,
0YaFPRbewwlOY2NhEKht3m,Taboo,Micah Jasper,Sad,2016,0.1,0.374,
7oZ0tRDGkAulSYLfylNwyo,"Symphony No. 7 in C-Sharp Minor, Op. 131: II. Allegretto",Sergei Prokofiev,Sad,2015,0.06,0.113,
5D0YEdCGcRLCme9HxTuxq5,Sinking,Lexie Hofer,Sad,2017,0.04,0.3,
2lxSkPf3DBQBoakMk48TB6,"24 Préludes, Op. 28: No. 18 in F Minor. Allegro Molto",Frédéric Chopin,Sad,2014,0.113,0.133,
4iApGhZHsH71gudr1Vt8y9,Wrestler,Lotte Kestner,Sad,2013,0.038,0.217,
7Hmu2OnopOe7shS8LUolvG,Cry 4 Me,Roderick Porter,Sad,2019,0.258,0.432,
7sqHgzTQKgli6iSQs6JDmi,Same Old Lang Syne,Dan Fogelberg,Sad,2019,0.337,0.288,
6vdyi50iTmw1fur93NXpAv,Slow Waves,Kane Ikin,Sad,2012,0.037,0.184,
3FI3ypjcwqL0Nn0X6kB6KF,Jawnuta: Taniec cygański (Gypsy Dance),Stanisław Moniuszko,Sad,2017,0.352,0.284,
47dlfz93LebFUEktlkOmqO,Just When I Needed You Most,Tony Wilson,Sad,2019,0.438,0.226,
4HRRnh3moZc9NbxXnCOweH,"Keyboard Sonata in D Major, Op. 37 No. 3, Hob. XVI:42: I. Andante con espressione",Franz Joseph Haydn,Sad,2013,0.248,0.086,
3Mlsyx54m4oV3x73ZNLuSr,How Marvelous (I Stand Amazed),Mike Kendrick,Sad,2016,0.11,0.204,
1UxBOeogkRzj9yBAhiYHFO,"Sonata No. 1, in F minor, Op. 2 No. 1:",Ludwig van Beethoven,Sad,2012,0.231,0.012,
4lp7g7sQzd1MMzTJfDghN9,"String Quartet No. 15 in G Major, Op. 161, D. 887: IV. Allegro assai",Franz Schubert,Sad,2017,0.224,0.045,
0a9KuXApg4mtpbWLpc6KNn,Isaac Albéniz,Tor Rivera,Sad,2016,0.039,0.105,
19VJZRx49i5Zb9Vglu1Kq7,Firefly,Eri Yamamoto Trio,Sad,2013,0.234,0.137,
5zZY5LXTgeTmuPMR0bTgJW,Epilogue,mell-ø,Sad,2020,0.268,0.084,
70cEQ0ArQfGQZBcmLt1uO5,Pain Relief (part 6),Steven Halpern,Sad,2017,0.04,0.02,
0hBmLRQbLHyJkSczMPVaUT,STAR TREK BORG: Goldsmith Has Been Assimilated,Dominik Hauser,Sad,2013,0.164,0.099,
6oij47Tq0c1vBhFPUexMTa,Land of Shadows,Audiomachine,Sad,2012,0.165,0.335,
5KeibvfmGXL2q64tvEgWtR,In The Memory Lane,Moz5a,Sad,2016,0.062,0.225,
4HoaATxCm9CMESRtXnOC9h,Raindrops in the Night,The Morning Shift,Sad,2020,0.311,0.194,
3z0PxNEJpHJ0b03MFyodI7,Be Band Keshide Shodane Zahak Dar Koohe Damavand Tavasite Fereydoon,Shahram Nazeri,Sad,2016,0.274,0.427,
2YyQem2l3ZxCHawwGGTTml,Ampersand,Belle Jewel,Sad,2018,0.068,0.306,
0JOZApimenoJDE0HLkjNZO,Daddy's Gun,Black Dice,Sad,2015,0.18,0.336,
45YRXophlDKAWtHPHzfsRA,Medley: The Beatles - Golden Slumbers - Carry That Weight - The End,Peter Breiner,Sad,2019,0.275,0.315,
1rnmRyfhdLdGzD2mf9MvRS,Prelude in C Minor,Felix Mendelssohn,Sad,2014,0.085,0.001,
4a6BnJzs4HRYPMkAh65yW1,Aquatic Ambience,insaneintherainmusic,Sad,2016,0.338,0.4,
3NcNsvfiO4KlEMtsiRZo72,"Violin Sonata No.6 in A Major, Op. 30 No.1: II. Adagio molto espressivo",Ludwig van Beethoven,Sad,2017,0.071,0.157,
5G12f4qrKsP1iy3asIYb3x,Lord Fix Me First 2,Deborah Brown,Sad,2015,0.224,0.265,
7JZo7JkgQI2egPTkXynlOQ,"Symphony No. 8 in E Minor, Op. 48: III. Molto vivo",Kurt Atterberg,Sad,2014,0.276,0.086,
1lqp1CZgt51DJuUpATtLca,Moonlit Meadows,Dan Gibsons Solitudes,Sad,2013,0.258,0.106,
0M2kBgQCtrZnCTPEWSdAco,N°111,relaxdaily,Sad,2020,0.067,0.173,
5443wqJfy8goBqvlovKDOV,"Piano Trio No. 3 in G Minor, Op. 110: IV. Kräftig, mit Humor",Robert Schumann,Sad,2014,0.262,0.067,
5P6yrOJgNS8u0HwEE2VHJ2,"There's a Sweet, Sweet Spirit",Cyrus Chestnut,Sad,2017,0.04,0.007,
5uFSXnzJP7VEBTdxb5JTBg,Il fanatico burlato: Overture,Domenico Cimarosa,Sad,2016,0.255,0.126,
3UkcCzhObfPbJVEC3HwPYp,A04/ Lighthouse,Superposition,Sad,2019,0.072,0.03,
6LVt9J5KQYGp8mAXWNgoRP,"Piano Concerto in C Minor, Op. 185: I. Allegro",Joachim Raff,Sad,2017,0.097,0.079,
0xmudjNYG85icLRdLWMDLL,"Les euménides, Op. 41, Act I: Act I: Vous dormez la-dedans (Ghost of Clytemnestra, Chorus, Clytemnestra)",Darius Milhaud,Sad,2014,0.101,0.18,
3YOSREsaibDgv4EdQ0AeAQ,Plan & Elevation: V. The Beech Tree,Caroline Shaw,Sad,2019,0.043,0.19,
5N88wPeKhdkkJO8xEYZ8m8,No Games,2Ru3,Sad,2018,0.287,0.287,
7m9XNCP3QX0Lvda2ERnDhc,Das Lied von der Erde (Arr. for Voice & Chamber Ensemble): V. Der Trunkene im Frühling (The Drunkard in Spring),Arnold Schoenberg,Sad,2016,0.149,0.166,
35ZuOlpqllJdh3ztA5sGcx,Industrious Insects,Jacob Shea,Sad,2016,0.038,0.276,
5UU3tGYRAV5u21S0MzCKFv,Dirge for the Living,Tom Day,Sad,2018,0.034,0.338,
2efMv1tzHLmZ3HAlcNkDpw,Nightclub Jitters - 2020 Remaster,The Replacements,Sad,2020,0.329,0.281,
2KDplTtvmGoFhriMjJ4xof,"Componimento drammatico, Overture: II. Andantino",Domenico Cimarosa,Sad,2016,0.225,0.013,
2Ee6LsCt7ovWvwu61K6voM,Seem to Freeze,Dirtwire,Sad,2019,0.112,0.234,
2wRB0wMC9XbWVqC19jlMss,"Konzertmusik, Op. 50 ""Bostoner Sinfonie"": Pt. 1, Mäßig schnell, mit Kraft - Sehr breit, aber stets fließend",Paul Hindemith,Sad,2018,0.04,0.19,
2C3za3jadgRRulFc2KmhZO,Supersonic Struttin',William Castleman,Sad,2019,0.392,0.076,
2oKQj1dPkx0zXD0WXNHnq5,Grind on Me,Twan G.,Sad,2017,0.038,0.445,
5hgmE2BFUKoq0vBdOEsz9y,Billy's Blues,Mark Winkler,Sad,2013,0.15,0.037,
4vKD0wWXACxyDYFigVNRga,Spirales,Deuter,Sad,2016,0.334,0.209,
3EUlDy3rBz6eJleveUVOEa,"Ode for St Cecilia’s Day, HWV 76: Ode for St Cecilia’s Day, HWV 76: XIV. Accompagnato. But Bright Cecilia Rais’d the Wonder",George Frideric Handel,Sad,2018,0.068,0.055,
6zSswIM9UIsdHyZYQKzsLh,Dialogues sur trame noize mélodia & le contrôle des vagues,vromb,Sad,2018,0.101,0.232,
2iU0zN6T9DfHX99poQiP5n,Lucid Dreams - Instrumental,Piano Dreamers,Sad,2018,0.203,0.247,
3Kj15Dh5RhL4mnEY3ulQBH,Flowers,Aso,Sad,2018,0.307,0.081,
4RGE0lNVhMaYqcQHYqfFAc,On Your Balcony,Cyd Smith,Sad,2012,0.242,0.226,
5yF6SAbCrPmEqhfAhRw6P8,Anastasia,Annie Potter,Sad,2020,0.272,0.397,
3Qo2fApYY4JKuztgMjs1yC,Gemini,Dustin Koykas,Sad,2020,0.088,0.157,
6btXWq0TbOmOL8xhfe4pZN,"Symphony No. 6 in A Minor ""Tragic"": IV. Finale. Allegro moderato - Allegro energico",Gustav Mahler,Sad,2017,0.072,0.165,
4ahDCsB4dkBeS36tgsFaBv,Crash,Nathan Barr,Sad,2017,0.03,0.223,
7IfoExHODVI6KZwJyg83zk,Vulnerable,La Beriso,Sad,2019,0.301,0.201,
6sIa2pxEvAqrkQ78luqvv4,Dark Sky (arr. G. Garcia for violin and guitar),Traditional,Sad,2016,0.343,0.096,
50EuaphjaoIaSDTofRmNby,God's Dark Heaven,Those Poor Bastards,Sad,2012,0.079,0.197,
0kThcKpUJNYjHCQTPfqAsH,"Spell for piano trio (version for violin, cello and piano)",Per Nørgård,Sad,2013,0.036,0.111,
35JONQzNr6qk5OYow0C1cB,Three,Sleeping At Last,Sad,2019,0.259,0.182,
48b8Bc2zSJijZJi4qwNr6L,Pirates Party,Lil B,Sad,2020,0.424,0.298,
4AxYWV1wcnOVofYABXZYBn,Lay Next 2 U,Dan DLion,Sad,2020,0.224,0.171,
5dssXWtIezM4am9h6URjhO,The Earth Song,Classico Latino,Sad,2013,0.202,0.34,
2wmpMYpZXZqsSZFMOqKhUG,"Lamentation faite sur la très douloreuse Mort de sa Majesté Impériale, Ferdinand le Troisiesme",Johann Jakob Froberger,Sad,2016,0.307,0.072,
3VsIYLMMTe6jcCRQG1p8It,"Concerto grosso in F Major, Op. 6 No. 2, HWV 320: III. Largo",George Frideric Handel,Sad,2019,0.12,0.043,
4agxlnZbiQi6AJa4TTqArg,Circuits (Ambient),The American Dollar,Sad,2013,0.051,0.388,
3XS8jZ2lpV4DJj2hIPGpnF,Drowning,Tracksonix,Sad,2015,0.04,0.086,
1IUgY3o1JAo9gAPNaw1TV5,"7 Clavierstucke in Fughettenform, Op. 126: No. 1. Nicht schnell, leise vorzutragen",Robert Schumann,Sad,2013,0.164,0.014,
4lfksGk2VVifbOANXbW7c1,Good Night,Matthew Emery,Sad,2014,0.039,0.05,
7n5WfKr9qEnx55nb3bV6gU,Forever Distant,Chuck van Zyl,Sad,2012,0.035,0.275,
1rMkX4tjGIW5FAsa43PNkC,Monsters,Lenka,Sad,2013,0.069,0.25,
5v79dtoqYHWhDWJzbz6oKP,Muzak from the Hive Mind Part II,Black Lung,Sad,2015,0.086,0.269,
023JJQjIcHyGtJ6OztUWsY,Nascita di un menestrello,Barbino il Menestrello Apocalittico,Sad,2018,0.343,0.36,
3LiDoNmr3uUnGacQN8vcy5,I'll Be Home for Christmas,Ingrid Michaelson,Sad,2018,0.167,0.199,
2mDfziyWvHtCOe9Ghd8noA,A Bend In The River,Kelly David,Sad,2019,0.039,0.283,
75yIkloUrYCC9KVsjIeUHu,There's No You,Sam Taylor Quartet,Sad,2017,0.391,0.189,
3IIN8p4YXfXj0wml0sCBYP,"Symphony No. 11 ""Sinfonia Piccola"": III. Conclusione. Adagio",Hans Eklund,Sad,2020,0.034,0.073,
6vp8Xwbkpgzm1bSDLWtxWj,I Will Come to You in the Silence / You Are Mine,Hopeful Blues,Sad,2015,0.185,0.262,
0JIuaw0WUgJwqGGIdA4SUV,Everything I Have Is Yours,Joe Castro,Sad,2015,0.358,0.258,
6NnbCXTvEE8bsOGNOBJboG,"Dear, if You Change, I'll Never Choose Again",John Dowland,Sad,2018,0.241,0.019,
2moaNR2y8Me3y1T9HRAh9D,Tempering,Laszlo Gardony,Sad,2013,0.046,0.014,
2GTr0XSKaj9rhAMBw8Wauj,"Piano Sonata No. 17 in D Minor, Op. 31 No. 2 ""Tempest""",Ludwig van Beethoven,Sad,2012,0.172,0.084,
7GknANLATyQRu8FF3ePnGI,Cold Black Hammer,Joe Ely,Sad,2015,0.383,0.342,
4mI6z22M5uiRHQMiEklt0L,Vanya's Orchestra II,Jeff Russo,Sad,2019,0.322,0.365,
5RIe73NFmC0wr8nhjwgV9y,"Suite in C Major, FbWV 612: I. Lamento",Johann Jakob Froberger,Sad,2019,0.235,0.135,
4QtgtB1DZuPCfQ5v8O77Sq,Break Up Song - Acoustic Version,Little Mix,Sad,2020,0.444,0.418,
771K7RBQa9h5mUGyILKHOP,Oh My God,Raleigh Holmes,Sad,2016,0.101,0.051,
4p8UF8Av3g4ozkE5SvZiFP,The One You're Waiting For,Lynn Miles,Sad,2015,0.384,0.39,
3zWhSdHoJN76Fa8iAbh2YP,Concerto for 2 Pianos in C Major: IIIb. Finale alla tedesca,Ralph Vaughan Williams,Sad,2017,0.039,0.038,
0hTLoBrTCyctmBg2Ah5zSk,Também Sonhar,Slow J,Sad,2019,0.318,0.309,
709r1XoJcxDiQWyVsXgECp,Icaro del Silbido (Whistling Icaro),Silvia Nakkach With Christopher Eickmann,Sad,2012,0.079,0.02,
4FUtQp2UGlQW1ZUBjkeKBA,Bótanlle Leña,SES,Sad,2016,0.15,0.366,
6YNrp0Y6BicHLP1nGqa5nK,Mother's Park,Carl Solomon,Sad,2012,0.447,0.159,
1QV4zwvz8zwvmqzVFKg6sY,Past My Limit,Close Cash,Sad,2019,0.229,0.325,
4lZjPEntb4fhRUdL4AAn2X,"Capriccio in B-Flat Major, BWV 992 ""On the Departure of a Beloved Brother"": III. The Friends' Lament",Johann Sebastian Bach,Sad,2020,0.142,0.118,
6lujQrhUtgyWs2AA415kyP,The Himalayas,Jacob Shea,Sad,2016,0.259,0.177,
7hEvLP6lcG8XeI9CIOHeoE,Mud and Stones,Hilary Woods,Sad,2020,0.033,0.231,
6DGpOELEwanOhTOHTgS73v,Can't Have You Now,Jenny Van West,Sad,2018,0.186,0.371,
5s5wbQ2IyBEkdBpyyOvMNc,Main Title,Dennis McCarthy,Sad,2019,0.0,0.092,
5xRMnRcWlF0aZBgGuhdCAc,"Castrovalva Suite (From ""Castrovalva"")",Paddy Kingsland,Sad,2013,0.075,0.121,
4FbL7Xwyzb6Mgfyb58pwKi,"December 13, 2017: Geminid Meteor Shower",Sleeping At Last,Sad,2017,0.15,0.21,
2KhfNoXvaBwL0PVA4XEzLh,Because You First Loved Me,Tyde Moore,Sad,2012,0.275,0.283,
3OlXaGRgxsEvrOJGZIzEvM,Trumpet Sonata in B-Flat Major: II. Massig bewegt,Paul Hindemith,Sad,2015,0.183,0.138,
15KXx2QbOPrWlwJYSFafvT,Pua Onaona,The Rose Ensemble,Sad,2014,0.177,0.132,
2IJmygG3Tk9D4gjda1UJNG,初醒,易烊千璽,Sad,2020,0.105,0.331,
00Ucw5J4iGBsBITPKAcXEc,I Don't Wanna Live Forever,Cimorelli,Sad,2017,0.323,0.357,
3mK4Z0QdQUnbi1gl1L2WJi,Hypnotized: I. Entrance,Gary Schocker,Sad,2015,0.072,0.039,
3Rg3f71tMH1ms49JpQQ4Ad,Rakkauden hyvät ja huonot puolet,Mitra,Sad,2015,0.219,0.399,
7MTdMcoj9EoMRxpodHFbYY,Adi Shakti Meditation,Matthew Schoening,Sad,2014,0.263,0.202,
1hLAWv8kBgBBGAOe6m0pL8,Red Is the New Black,Bleeding Fingers,Sad,2020,0.038,0.224,
5cetFC0DPLBoehETSLF9TH,Lies,Martin George Selwood,Sad,2020,0.156,0.163,
6USEIhh0Ai9kkUAwiwIn86,Sing a Little Lullaby,Simon Joyner,Sad,2012,0.142,0.118,
4RpDADJMfCiUiTaQGWlMUW,"24 Preludes & Fugues, Op. 87: Fugue No. 24 in D Minor. Moderato",Dmitri Shostakovich,Sad,2017,0.076,0.178,
5Yo9wYT0W1bH6DqZ8oTleb,The End of the Affair,Jack Tempchin,Sad,2015,0.366,0.305,
6MZF0jrxCFnA8IeYjuFG6G,"Piano Trio No. 7 in B-Flat Major, Op. 97 ""Archduke"": IV. Allegro moderato - Presto",Ludwig van Beethoven,Sad,2017,0.322,0.148,
7E4oasfaTFF14nNYzqdIFk,"Amen, Alleluia",State Symphony Capella of Russia,Sad,2007,0.028,0.279,
680PWIZWK1blDixP7xXRon,"St. Matthew Passion, BWV 244: Part II: Aria: Erbarme dich (Alto)",Johann Sebastian Bach,Sad,2010,0.146,0.063,
7GkzY4rX5ChjsHM8JeBnU5,A Lady,Tally Hall,Sad,2011,0.096,0.183,
3oy4sC4nIvCMC2DidkPGcH,Trail of Tears,Lady Jane Grey,Sad,2000,0.386,0.428,
10dEACBmo7NgYNSh1uPbR2,From The Beginning,Marilynn Seits,Sad,2006,0.037,0.037,
1CNPY0F8PGutF5ytfeNSOq,Hodie (This Day): Pastoral: The shepherds sing,Ralph Vaughan Williams,Sad,2007,0.152,0.184,
6TzBZxGLFVW1zK2JgmR0zT,"3 Romanzen, Op. 94 (Arr. F. Kreisler): Romance, Op. 94, No. 2 (Arr. F. Kreisler For Violin And Piano)",Takako Nishizaki,Sad,2002,0.259,0.109,
6cDEfv5HESUJqLuN5s8agk,The Lake Charles Waltz,Phil Cunningham,Sad,2011,0.171,0.398,
2acgCAOJLa0Ez5q4Ladug0,Ten Mile Stilts,The Wailin Jennys,Sad,2004,0.215,0.152,
553u4L2TPrMDYWYC2j9TgQ,Too Late,Vitamin String Quartet,Sad,2005,0.066,0.311,
4iykPMYOPGgIRu3G8oicHo,The Blizzard,Camera Obscura,Sad,2009,0.33,0.256,
44402O8dc1KnfqVj4OUhiB,Arrival of the Queen of Sheba,Canadian Brass,Sad,2008,0.397,0.173,
5gjE7vciGfmspeOgulHIo1,Grotteschi The Red,S. J. Tucker,Sad,2008,0.364,0.311,
5VUXzBsdgcdX79krOOXCU1,Muiste Mere Laulud (Songs of the Ancient Sea),Veljo Tormis,Sad,2006,0.039,0.099,
46ylj6Y3yVJjxiAFhSEHmj,Seifenblasen,Suchtrupp,Sad,1999,0.034,0.214,
2QuFExWnf6OzE2H3rLh56t,The Reunion (live in NC),Edensong,Sad,2010,0.131,0.446,
3aPXAo90jPO7uL3p2vq1S6,I'm Home,Emily Bear,Sad,2010,0.077,0.154,
2LBfc6a0aJqyldDT5Qpatb,Stargazer,David S. Ware,Sad,2005,0.326,0.443,
3ALbXupo4qvkBIqo7hHfdA,"Sinfonia dello zodiaco, Partita No. 1, ""Spring"": I. Andante",Gian Francesco Malipiero,Sad,2010,0.038,0.058,
39NtiQGxKSZnoSoPCUBSlb,"Scenes historiques I, Op. 25: I. All'Overtura",Jean Sibelius,Sad,1997,0.038,0.126,
0DZMM8OD3n2evG8wEOS8iG,Variations on a March from Bellini's I Puritani,Frédéric Chopin,Sad,2000,0.038,0.003,
78UQNUTZP39iuN1j1Ju3k8,Push It Away,Saeta,Sad,1999,0.048,0.197,
6HPMbcDi8GcEFm8qLKn0XL,Prisoner of Time,Midnight Syndicate,Sad,2006,0.037,0.146,
05lJu2sfn54ilRJLZbtwy8,"Piano Quintet in A Major, Op. 114, D. 667, ""Die Forelle"" (The Trout): I. Allegro vivace",Franz Schubert,Sad,1992,0.171,0.137,
6giJIeO3oZTib5Y8snkMez,All The Pretty Little Horses,The Von Trapp Children,Sad,2005,0.398,0.031,
1yo33vgFqArJCqfh99tdle,Armageddon,Phil Cohran and The Artistic Heritage Ensemble,Sad,2010,0.076,0.414,
0WywUYs4beoVRm8KfytvFN,Canticle of the Sun: Praised be my Lord for our mother the Earth …,Leo Sowerby,Sad,2011,0.037,0.1,
5HeKnSNgWCKbVy6iWfKPx5,Petitò,Albert Pla,Sad,2011,0.074,0.19,
00Ph8gadjQBgUfhwrnhhIF,"Overture No. 3 in D Major, BWV 1068: II. Air",Johann Sebastian Bach,Sad,1995,0.117,0.197,
0us42HjQBzzkVjmdLrwWlg,Charlie's Feedback,Inocentes MC,Sad,2000,0.346,0.084,
3p3A4yeaYra6nAhVgBw4vh,Tiki's Take,Triorganico,Sad,2009,0.312,0.31,
0dskL3pcbvaKi8Cb9GGJau,Blue Station,Tortoise,Sad,2006,0.199,0.122,
7eBKKyBieUqicwFOmYQcsb,I Won't If You Won't,Patrick Doyle,Sad,1994,0.043,0.056,
6FueJcl9vC9flXNAfnZdyO,Heliotrope Bouquet: A Slow Drag Two-Step,Scott Joplin,Sad,2004,0.352,0.146,
029hhqX6CRoTk16iFs1xQ4,The Trolley Song from Meet Me in St. Louis,John Williams,Sad,1990,0.419,0.288,
43vAwLvu2GxYiPKlUn77r8,Reflection,Jeffrey Koepper,Sad,2009,0.159,0.285,
6Upa7iJsXhOTIA26b68gbm,Twentysix,Kilowatthours,Sad,2004,0.151,0.288,
5smNKV5kYir6umLJRkCXUo,The Girl With No Name,Murray Gold,Sad,2009,0.037,0.337,
5qDvjVZfQBL9Si50kHF4MN,"Overture (From ""Sergeant York"")",The City of Prague Philharmonic Orchestra,Sad,2000,0.079,0.149,
0ekSrDbGVAxPoZ5tLUA88i,Mefistofele: Epilogue - Romanza di Faust - Giunto sul passo estremo,Arrigo Boito,Sad,1996,0.104,0.074,
7gHXuMb8IeeSG0YxRBwvQC,Stronger Backs,Mary Gatchell,Sad,2005,0.172,0.422,
5CLtX4CZ5Mq1XxjyqZmEiR,Woven Wonders,Anne Wylie Band,Sad,2009,0.289,0.369,
5rXOggxGytmBwv95pFVdzT,Tout simplement jaloux,Michel Rivard,Sad,2008,0.404,0.421,
4Q35zSjkIAQ0OlLR2gGAAM,Soy Rebelde,Sola,Sad,2002,0.237,0.312,
63g1ldNbJ77qgwFcfs7mfQ,My Pocket's Empty,Bert Jansch,Sad,2006,0.177,0.387,
5nJu7Du7hU80S288dfpHmM,Start Again,Rico Blanco,Sad,2008,0.24,0.436,
2wC07nYMqtbjXCk4aJl4tR,Mousetrap,Strangled Darlings,Sad,2010,0.403,0.309,
5kZ65LrGPYxN3fmiqACil2,Hold My Hand,Enzo Garcia,Sad,2006,0.323,0.321,
2SE8kMJF2vObdRYxqsfTxW,"Variations on an Original Theme, Op. 36 ""Enigma"": Var. 1, C.A.E. (The Composer's Wife)",Edward Elgar,Sad,1974,0.037,0.036,
61ehq4JDOKKn3LM8Bf5SeS,My Funny Valentine,Cuong Vu 4-Tet,Sad,2011,0.128,0.147,
7hvSawEdGDV9yqTUmAvdKC,Alma de Bohemio,Aníbal Troilo Y Su Orquesta Típica,Sad,1998,0.156,0.327,
1spOmuNVIE2SvDWYSC1AvZ,"Accellerationen Walzer, Op. 234",Johann Strauss II,Sad,1990,0.323,0.138,
17JLD2Lw646lh7PM6kU0Aw,Den heliga natten (The Holy Night): VI. Mary's Lullaby,Hilding Rosenberg,Sad,1999,0.036,0.046,
3oTNF5cJJqwDodgJpWUpwL,Naughty Marietta: Act One: Duet: Dick/Marietta: So here's my hand,Victor Herbert,Sad,2001,0.291,0.037,
2a1VxZzpGzIvAvwMZP9Avo,Ludus tonalis: I. Praludium,Paul Hindemith,Sad,1991,0.118,0.016,
4IlKCT9tV1htcIrYyeghoU,My Heart Has Sprung,Brent Weinbach,Sad,2009,0.372,0.204,
0QAeKdaaKPGssaF7JCFMdp,"String Quartet No. 2, Op. 3: II. Andante",Mieczysław Weinberg,Sad,2008,0.04,0.038,
2K9DEXwtBciHh3fcIZPiwR,January 6,Ben Goldberg Trio,Sad,2011,0.065,0.009,
5bm3xlIvlhyilGSVRkXcAp,All You Need Is Love,Rockabye Baby!,Sad,2009,0.443,0.097,
2FdKnHP9Xc1yOQKgqnhIzA,Letting the Telephone Ring,Ani DiFranco,Sad,1990,0.421,0.111,
6h22BuC2QS7SdpTHuhfuIo,"The Painter's Eye: No. 4, Birth of Venus",Tom Cunningham,Sad,2009,0.183,0.184,
2BZMjWBblq6D88771ZOMNQ,Goodbye - 1987 Remastered,Benny Goodman,Sad,1992,0.204,0.266,
1eYoGY8tppM2uDt3YPzBaz,Symphony No. 4: I Moderato - Allegretto,George Antheil,Sad,2000,0.108,0.197,
1d0RqMxavxxE3lvCqNDQ98,Omie Wise,Mountain Home,Sad,2007,0.069,0.229,
2h5kwJ03eHDibL0rWmQbqx,Michelangelo,Emmylou Harris,Sad,2000,0.279,0.408,
6eIyQmLtCxLVzPS8SqfB4Y,I vespri siciliani*: Sinfonia,Giuseppe Verdi,Sad,1994,0.127,0.148,
60mcprnnNhJzR2zHnGzYNF,Chapter 14,Michel Gondry,Sad,2009,0.409,0.195,
5VavUVmoRUs6Sd5yjwQwHe,"Violin Sonata in E Minor, BWV 1023: I. Adagio ma non tanto (Transcribed for Guitar)",Philip Hii,Sad,1995,0.204,0.036,
0ul98JkMQAxrNfnejhfrZE,Black Beauty,Duke Ellington,Sad,2000,0.331,0.073,
77PgSvoS2uYtbebFg6zvTb,After the Legions,The Calm Blue Sea,Sad,2011,0.039,0.396,
6lWIpM1hclRj7AseDNoSvC,Crazy,Pickin On Series,Sad,2003,0.309,0.421,
20CxJ6AyICMsBhEguD5Gth,"String Quartet No. 13 in G Major, Op. 9, No. 3, Hob.III:21: III. Largo",Franz Joseph Haydn,Sad,1994,0.075,0.075,
66zdOTgQhmJIYoYLmWPQZc,Leaving On A Jet Plane,Tarnation,Sad,2000,0.201,0.397,
6O1URkXyqkxXHULNaiQifV,"String Quartet No. 1 in D Major, Op. 11: II. Andante cantabile (version for orchestra)",Pyotr Ilyich Tchaikovsky,Sad,2010,0.074,0.044,
4HX03k2pGtc8bQZNMI2Wwd,Por el Amor de una Mujer,Julio Iglesias,Sad,1998,0.312,0.404,
2eDRXBz91l8veesUkqyNon,A Star For You,Valery Ponomarev,Sad,1994,0.281,0.319,
6WhpWs9qnTTduQlI4yKCCR,Ich liebe dich,Johannes Kalpers,Sad,2001,0.101,0.368,
2tW0ADyWrkTDV6kocGbQjJ,Willing to Fight (live),Ani DiFranco,Sad,1997,0.292,0.432,
6nDYi8eDICwX3Yn1ye1bM0,On the Way,Daniel Santiago,Sad,2006,0.073,0.441,
0X8O1D7g8OammrKp9VpBGs,"Mass No. 5 in A-Flat Major, D. 678: Gloria: Gratias agimus tibi",Franz Schubert,Sad,2011,0.039,0.045,
5s3GYE1UMlREZlFbkcsS5s,Seductive Flame,Arcana,Sad,2006,0.029,0.272,
2Jmv9MnHbj2XrhZ74n3jG2,To Reassure,Clairvoyants,Sad,2001,0.047,0.203,
6n2k5kwk92dQlWEjrzGGww,Chanel No. 5,Blues Company,Sad,2009,0.165,0.364,
1rLYWSXPrJGWnlGlSwPEia,When a Man Loves a Woman,Michael Bolton,Sad,2006,0.234,0.42,
1v7MGTO4CJvEZwTxPhdNGe,Time Missed,Mrs Jynx,Sad,2008,0.101,0.42,
2ln0TArd8kXPAyXlHB855M,Yuletide Fires,Diane Loomer,Sad,2008,0.039,0.044,
3Vhb8hILh2q4JoNVJjrzNQ,"""O holder Tag, erwünschte Zeit"" BWV 210",Johann Sebastian Bach,Sad,2007,0.323,0.01,
4fSHPC4NqX69asjVmex5DR,There Was A Sweetness,Frank Bango,Sad,2001,0.434,0.223,
7eH88Sab3ZO3KGiuiInnsC,Carrion Doves,Crooked Fingers,Sad,2003,0.159,0.155,
0rJDU4BInFNoUS0cD69Rda,Jerusalem,Rabih Abou-Khalil,Sad,2010,0.163,0.106,
3cMIItUcbhGh3gnkYAndyQ,Black Magic,The Gravesiders,Sad,2010,0.063,0.068,
25I6y8GGc0LVilIedcEXqb,For Everything a Reason,Carina Round,Sad,2009,0.065,0.328,
0yPjSBNdtO1ajtcCaY4EM5,"Symphony No. 2 in B-Flat Major, Op. 52, MWV A18, ""Lobgesang"" (Hymn of Praise): I. Allegretto un poco agitato",Felix Mendelssohn,Sad,2001,0.096,0.068,
6qPI47J0CQMMteaVM1PV80,Because,Guy dHardelot,Sad,1995,0.181,0.35,
0E6dsz7HAyJf9qNuK2N1O7,"Pomone, Waltz, Op. 155",Émile Waldteufel,Sad,1995,0.306,0.227,
3L5kAUmwcquo2rYQDL3GXM,Far From Me,Jeffrey Foucault,Sad,2009,0.369,0.158,
4UEjBc5iaTH8tzq8FsuueC,Oboe Concerto in A Major (arr. J. Barbirolli): III. Sarabanda,Arcangelo Corelli,Sad,1996,0.046,0.036,
2fJ0luYBjtxkCYDbVjMmWR,"Le nozze di Figaro, K. 492: Act II: Come out of there, Susanna! (Count, Countess, Susanna)",Wolfgang Amadeus Mozart,Sad,2004,0.277,0.129,
0JC3pZJuw0paElXH2TmE2o,Pullin' Pullin',Shelley Short,Sad,2006,0.403,0.326,
1Fjwz0BBrqbh3Kz0b8d7dh,Carol Of The Birds,Fernando Ortega,Sad,2008,0.079,0.094,
1ss3zB2QA6pNCXfkY5moGu,The Way We Know Things,Negativland,Angry,2014,0.354,0.579,
2VIMXmWUIqhMqg6h5FOFPG,Pop Out Again (feat. Lil Baby & Gunna),Polo G,Angry,2019,0.364,0.689,
6upKboJjYHOXrZijyqxhPD,Your Own Pace,Obita,Angry,2017,0.404,0.768,
2x10LpKp66I8RoWdgKsr3U,Passion and Purity,S.O.,Angry,2012,0.304,0.694,
2I5oZlTC1SLe9F1r6ukMkx,Liar,Boosie Badazz,Angry,2017,0.293,0.675,
3ad9AfwMvPlLkpz4Yh0f9n,Blessings My Way,Bobby Gore,Angry,2016,0.426,0.721,
0gdJrYyH4F5yxqQzgKke1I,Zunguzeng Inna Di Penh,Dub Addiction,Angry,2013,0.382,0.645,
7eTg22wEvfdBKjIkBxfVVT,Home - Motor City Drum Ensemble Remix,Zero 7,Angry,2019,0.042,0.712,
4fzTOnqnxA14WA6i35RiJ4,Texas Tea,Fear Control,Angry,2015,0.435,0.927,
30hMjM2u6QFXSYxsWQqHBt,Mercenaries Live Forever,Alexander Plowright,Angry,2018,0.04,0.754,
6NOWxLorx7HOl3gPdSVneA,Pyromaniac,Blacktop Mojo,Angry,2017,0.432,0.794,
0Qck5G0O7mJjquBkZgsk2t,Mastermind,Heavens Gate,Angry,2015,0.148,0.988,
4MzhmCOgPB7xb87f1CXjlA,Thug Love,A Boogie Wit da Hoodie,Angry,2020,0.328,0.643,
4HwQlANQLxRO07DXyAvCHV,You Do,PHresher,Angry,2018,0.265,0.596,
7hN8kid7deJjM4K7UNF4lG,Dislike,Mad Essence,Angry,2020,0.248,0.986,
5NmdpveRtDvLkzB4jbFQ4V,Roll in Peace,Bigguy,Angry,2020,0.424,0.624,
4XKMVt3d3F0whKyMwhBSW2,Untitled 1985 - Victor Shan/Gerd Janson Morning mix,Muslimgauze,Angry,2016,0.231,0.744,
3vxIEhKIdcZ06FQVXBAhuo,Christianity Is Stupid,Negativland,Angry,2014,0.35,0.792,
5oGl7sXdl4cY7mbkMYTDnf,Decades of Terror,Apeiron,Angry,2017,0.42,0.969,
5UGpRHJON2EaWbJCM7lh6J,Blue Rosebuds,The Residents,Angry,2015,0.313,0.883,
5iU5u4vqIAzD3ZP6k9PmP6,Madman,The Rods,Angry,2017,0.176,0.966,
4ClIaFeFhua1E5BItugsIs,Grey Area 01 #3,Grey Area 01,Angry,2015,0.149,0.88,
47bdnTldEzS2VUkPHzjrxx,Further and Farther,Heir Apparent,Angry,2018,0.141,0.618,
0VKaX4ZV1egESvLugLWBCA,Autumn Changes,Zakk Wylde,Angry,2016,0.359,0.657,
5VRRtp5iD5hIZHx1yRxNhY,My Van,NCT 127,Angry,2018,0.395,0.65,
2Fymzf3t1n69fYwFg29REH,Line,Shad Shadows,Angry,2018,0.217,0.878,
72qXhztSxkqPWCuiMc1FVv,G R U n G E H O T E L,ECID,Angry,2013,0.318,0.78,
2675iD9FKesKTarJIqNw4o,Semma,Jef Stott,Angry,2012,0.381,0.991,
3PN0BDAYeMHOMPzy9xzm4g,"Surrender - Live at the Forum, Los Angeles, CA - December 1979",Cheap Trick,Angry,2019,0.345,0.984,
28F23KrydISLEHwZ3SMjFM,Me and You,Saving Abel,Angry,2012,0.339,0.919,
5oo4yeCkXBBUrvrUKlYlXf,Perfect,KingVay,Angry,2020,0.216,0.555,
2aoC0Ivvfgnd8JX9nXzimZ,Head over Heels,Deepfield,Angry,2019,0.332,0.783,
1MTwRcz1quOgWXoJc3zMoi,Whoa Buck,Betty Bonifassi,Angry,2014,0.394,0.696,
2QRm96tBIlWdLP3NUhLALT,Everybody Needs Jah (FAO Dub),La Big Vic,Angry,2012,0.317,0.721,
1oe7mADl6XjUa2IA3S8Ql2,Negate the Infinite,Odyssey,Angry,2016,0.443,0.947,
7b5Ukw34DDdh1JmU9kFHm8,Zauberwald,Trio Schmetterling,Angry,2013,0.079,0.55,
7yto5fRdvC44kXsm40lSjv,Be the One I,Guides,Angry,2014,0.257,0.712,
005Ca6DKFKRth6U1KsYxDm,天地開闢,WarDimension,Angry,2020,0.265,0.594,
66xJt2uRJrxUk2goOaJLmY,Disney y Resaca Padre,Nueva Vulcano,Angry,2020,0.423,0.902,
0PODMFUNSeha1EsAsTaezL,"Outy When I Drive/Blamed (feat. Rich The Kid & Yella Beezy, feat. Rich The Kid, Yella Beezy & Sage The Gemini)",Chris Brown,Angry,2019,0.422,0.776,
0U3H4UTUlr9h0NU1LAjsbH,From Dust,Xilent,Angry,2019,0.284,0.751,
3oUZMBVRKzhUrN36XIHac1,The Ability to Drive Something Completely Into the Ground,Brickfoot,Angry,2014,0.115,0.584,
2Zw28r4nyj806ToVFkmzhb,Fancy,Richard Cheese,Angry,2015,0.233,0.572,
3LceEYUijQe7nuI7zK4Fwo,Flight,Psymun,Angry,2013,0.326,0.622,
1f84O0OShbVmEcdtfPJ60T,Just Exist - BBC Live Version,Touché Amoré,Angry,2014,0.337,0.975,
1U1yaN1VPCUQRRnR57itGE,Your Love,Herrick,Angry,2016,0.416,0.64,
4nXgeFvDvTGGrpibq2fBhR,The River,Battlesoul,Angry,2013,0.102,0.998,
3kbfu7mnxlgRevIbRhwVKy,Interlude,Belly,Angry,2017,0.353,0.871,
2z21iEgDXBV0mv00cOBlFI,Monarch - Speed of Light,Notaker,Angry,2016,0.07,0.721,
1wBoZ4xV30Zlghm3Vz9hRv,Ways of the World,Grey Skies Fallen,Angry,2020,0.359,0.864,
5sAtFdi96OmmyI3u9PQfPy,Two 0 One,John Tejada,Angry,2015,0.396,0.647,
1cISJYfMDJztM978xtw65e,Ram Ranch 31,Grant Macdonald,Angry,2018,0.393,0.957,
1bMJvE2mTXtUAFbRcfDNys,Perihelion,Narconic,Angry,2020,0.151,0.801,
0rw5xJblizH9VdC9R8eNEE,Together,Deon Custom,Angry,2015,0.253,0.888,
79Mjfhh393dZdAsTvUFDR6,Don't Go Breaking My Heart,Backstreet Boys,Angry,2018,0.246,0.703,
6zXkiNm6sei1WROOw2nhkD,It's Ordinary,USA Nails,Angry,2019,0.39,0.915,
1JMu33xvnGE43ViTqlEIa7,Standing Tall,Mindtech,Angry,2020,0.322,0.983,
3z8SKeVKk7t1bZWVzMq4Fr,"Inner Maze, Outer Haze",Ninth Paradise,Angry,2016,0.412,0.748,
2DAUSTGtvt1f6JlCzeyPR9,The Life of Riley,Memorex Memories,Angry,2020,0.253,0.679,
4X8DLLCuaINPDoa59QRnYf,Getaway (feat. Iiris),Eby Music,Angry,2014,0.284,0.568,
5rhzgswEqmkRSdkI32iRgN,Advice from a Caterpillar - Live,Temperance,Angry,2017,0.245,0.716,
7hICI90u3sVvsX7IaojRxQ,Power Freaks,Jean Dawson,Angry,2020,0.113,0.903,
0NA1a97phESzWUnhXnENZe,Sa Iyo,Sarah Geronimo,Angry,2012,0.378,0.678,
3I0Y8k08xEv1bR5Oux6xZY,Closer - DJ Behrouz Remix,Mood II Swing,Angry,2019,0.389,0.722,
6vsT3c0bOrE8OqkVj7V2AR,Concrete Jungle - Empire 1 Remix,Au/Ra,Angry,2018,0.365,0.661,
1WfEXsij6wh6uHYigb8KhK,Fight Song,Calvin Krime,Angry,2016,0.442,0.95,
3N9uLsCwIVHTWKNTgau5SR,Holding Hands,Bush Baby,Angry,2014,0.302,0.597,
5tNGxQmE5sC075FKWuyRg2,Flying Eye Land - Remastered,California Sunshine,Angry,2017,0.335,0.995,
0uSQbnMekbsnvY49hBlicI,Is It That,Enzo Garcia,Angry,2013,0.363,0.649,
4GIhsbY2u0mqq1TiEE3xoz,Love Don't Live Here,Benji Kaine,Angry,2019,0.444,0.654,
2z4xQB87DTFsn1QRq26o48,La même chose que d'habitude mais en moins bien,MEZERG,Angry,2020,0.139,0.699,
5Zi4cxMaTvdZeAKQ1HHQrm,Wolves' Lullaby,V Scripts,Angry,2020,0.319,0.845,
7ve12m1fxxNTvIst13mw4r,Wherever I Go,Fly By Midnight,Angry,2017,0.347,0.581,
3cQJD6xX7FJAmgaHyVVRRN,NO STARVING ARTISTS,R.A.P. Ferreira,Angry,2020,0.449,0.568,
559UzFqIzLWuHam6dPY5Jg,Shelter in Place,Tiles,Angry,2016,0.275,0.919,
51d3RthWwCHj4ZAHwt6Xwo,Neptune,Foals,Angry,2019,0.091,0.681,
72LFyvCHhxUBRA80w2moPw,Treasure,Starkey,Angry,2020,0.418,0.661,
2cbUtf6FVhW2t1FJUSHpzo,This World Fucked Up,Boosie Badazz,Angry,2019,0.191,0.607,
5pdOBeHbHHK4xiGpaPQ5yH,Future Energy,Yheti,Angry,2018,0.32,0.887,
5bBeJHqSGbSP4ovGJ6DK5O,Untitled II,Vedagor,Angry,2019,0.274,0.812,
6BPDQjEbmCYjJBt63L6Re8,A Moment Before,Psyk,Angry,2019,0.038,0.89,
2S04YovVMgf9bo4EwBJF9N,Abre Tu Ventana,Ricao,Angry,2013,0.242,0.689,
6n4K23HLzKb1SXxfhyFEks,Let's Talk,Rogue,Angry,2019,0.308,0.829,
2kShR8rC4w6BzvfD8JJHMG,Kryptonite,Foster Olson,Angry,2016,0.226,0.662,
3TELGseNw4tn2rzsvJ7PBa,Dimensional People Part II,Mouse On Mars,Angry,2018,0.39,0.806,
2dv0uV5j94aLEOatxM4VoQ,1.19 - The 119 Show - Live in London,Lacuna Coil,Angry,2018,0.275,0.931,
1hA8oJG0Y9s8a8EZ7L8dBw,07B2,ItaloJohnson,Angry,2013,0.323,0.557,
0eMD1mw2k8CXCqcHeD5jbN,Embrace,John Connor,Angry,2017,0.335,0.815,
7JuhJBqeDfhHS9kHC3tAZA,Psychadelicacy,Electroshock Therapy,Angry,2012,0.383,0.863,
2DtG92hD7YXjIFgkyaPwdv,Reptiles,Bogtrotter,Angry,2015,0.413,0.937,
5Xq7KPZSONkhHx6DFTAbTz,All My Friends,AJ Mitchell,Angry,2019,0.445,0.64,
1K51qmIf3nP05YIScLYx7X,Attack Ships on Fire,Revolting Cocks,Angry,2015,0.398,0.991,
1wsPebRWeYsBjtbWN7mP10,Hände (feat. Farid Bang),Namika,Angry,2018,0.248,0.634,
7Ek4wJxbQ4cgkZHGtlGvMo,The Rat - Gridlok Remix,Black Sun Empire,Angry,2013,0.266,0.924,
2eEmBv9HbTYl8C2wr6ns7r,Decaying Sky,Hela,Angry,2019,0.343,0.852,
7BnmKZ5npjsbptHsW4z5FL,In the River,Lifelight Worship,Angry,2018,0.443,0.593,
3vy6JiuuSgBtkaOuW47viQ,Staycation,Jussie Smollett,Angry,2018,0.33,0.708,
09FHp32mX54XDEyjTiImSw,Iron Shield,Immediate,Angry,2018,0.086,0.723,
3xnwCAFgAoSBDBt8JQAuge,One Day (feat. ROZES),Sam Feldt,Angry,2019,0.332,0.858,
197mlqY9vYXIe4eZq4dIKy,Spreading the Spirit of Civil Disobedience,Howard Zinn,Angry,2015,0.354,0.785,
278Ao6KQDxWGGszv24uvhI,Bang Bang,Green Day,Angry,2016,0.359,0.958,
3Gn0lRSYCY5JHjfyAN72Jn,I Got Angels,Emcee N.I.C.E.,Angry,2017,0.409,0.771,
1PBwzyGGmXj7xcRMAwKh93,Kontra,Governors,Angry,2017,0.406,0.938,
7xIWQbbvrDuKAkZ5313q6R,Too Many Tomorrows,Trade Secrets,Angry,2018,0.308,0.811,
4XHjL8dP2OPfzQqWWvV58n,Shake Sumn (feat. City Girls & Yo Gotti),YFN Lucci,Angry,2020,0.443,0.633,
2HvPGrT7PlbxuKPuROGLUx,Hottest on the Block,Dopetrackz,Angry,2016,0.259,0.785,
0NM4OXAK0nwwpXkEyr2AJa,Flesh Parade,Jesters of Destiny,Angry,2017,0.362,0.881,
4dAySeC30zF5islfZ3A8pa,Giza,JOOL,Angry,2018,0.449,0.946,
3EZBE19bS0W7gIqL4p7KsB,Just You And I,Melissa Manchester,Angry,2018,0.296,0.581,
4FCBGIUCkuNIRKtY5JFvCH,I Feel Alright,One Last Shot,Angry,2017,0.264,0.973,
14gZNIxGD5yH7oE1qAHTiH,Yellow Shoes - Calibre Remix,DJ Marky,Angry,2013,0.407,0.87,
62HSKyQuIN3myuObvv6dX3,Long Weekend,Gridlok,Angry,2017,0.226,0.966,
71py3xqhykpPa17P0mbv71,We Got It All,The Slow Death,Angry,2018,0.376,0.988,
7u5KitOlCcL3kGYQDFBd4q,Old River,Jack Tempchin,Angry,2016,0.434,0.554,
4JNmKxqZaTwwYoruiZTQMm,One in a Million,Matoma,Angry,2018,0.355,0.678,
1I6D17h0Ssn7tY00D7xISs,As The Gods Succumbed - Live,Adramelech,Angry,2016,0.282,0.927,
4w2qCzZrgsMceqdqQbwyIF,Breakthrough,Silver Surfer as Chrome Wheelz,Angry,2020,0.232,0.987,
3UisxPM06wYjuGcx1NekRj,Amateur Hour,Whitechapel,Angry,2014,0.314,0.676,
2402J5BqulFlBt3IEf2PH9,Whistle (While You Work It) - Joshua Walter Remix,Katy Tiz,Angry,2015,0.305,0.871,
7C0XdTK2SNar7EeKyJGRhG,Flash React,Batu,Angry,2018,0.235,0.686,
5ghCWA1yoeRjm2aaRiesEI,Alaska,Surreal,Angry,2017,0.289,0.696,
7fOPVfABNLg3sxtgXBhBdp,The Plan,G-Eazy,Angry,2017,0.35,0.597,
1usGhgiteIX361H9xJI4fz,You and I,Blame It On Cain,Angry,2017,0.27,0.938,
3Ulh8AlXmYztutPMN59e0s,Rolling Papers 2,Wiz Khalifa,Angry,2018,0.214,0.716,
5YdAGJhCI2jIuJ7R1yn7DD,T-RN-V,Bronze Teeth,Angry,2017,0.054,0.619,
3kUqKWuAfZ9wHUFwNcs8eA,Summertime,Moonguys,Angry,2016,0.092,0.728,
7jpSvCrFev9EBb5RSmoRTa,Standing on the Sun Remix (feat. Mr. Vegas),Beyoncé,Angry,2014,0.397,0.808,
1G1MR0FjOIGHjUZcU11CZg,ギブとテイク,PASSEPIED,Angry,2015,0.417,0.877,
74huOR1G9wPBA42FZHrXUi,Lotus,Dinka,Angry,2012,0.271,0.954,
7zmmr33PSDUd4ng3Fi6zKN,This Is The Place (feat. Astronautalis),Sims,Angry,2014,0.368,0.848,
4Bc8nrwNflH099Np4PO43f,Scenial,Purple Motion,Angry,2019,0.389,0.799,
7CWuyMG07Hdz45kNt2kXdU,Sister Christian,Night Ranger,Angry,2012,0.354,0.731,
0a2rY39Sl54oVQK8vz1Wun,Opia - Liquid Divine Remix,PsyAviah,Angry,2016,0.325,0.816,
5hejVkt9fA83nmvkXwpJp7,Man of Steel,Grant Maloy Smith,Angry,2018,0.428,0.628,
7vVndSooi8tjMbpHh7klW6,Resilientes,tres41,Angry,2016,0.391,0.965,
2Le6CUEYC27LgiiuQKh53F,They Know What This Is,The Jacka,Angry,2020,0.221,0.69,
0FUvGA1eZgwBzt0hVhOWUD,Build A Pyre (Begin Again),Son Lux,Angry,2014,0.388,0.613,
44OvmYugGRDfXxnPfCgT9M,Youth,Karac Hendriks,Angry,2017,0.204,0.752,
2YI1w8rBxKA1qTFD0CKnzJ,Her First Time,Big Lyrx,Angry,2020,0.357,0.746,
3IHWgO5YcXSSc00sIFEy7o,Six Feet Under,Crystal Lake,Angry,2016,0.398,0.951,
0rN12Z8PfpYYSjcYJ4kCpg,all in my head again,Ken Riffy,Angry,2020,0.41,0.707,
2FgA4aNdICyUqQhFnBr2ZH,No Life Till Fury,Betrayer F.T.M.,Angry,2013,0.292,0.979,
7oS7bANitsxqWk5BkathIg,Firedance,Various Artists,Angry,2017,0.229,0.557,
0H4LVk5IWDr9grKTYPBROn,Poetic Web (Vibin),TEC,Angry,2020,0.382,0.576,
11kkEvrNqZCC2tIMcCfD2e,Soul Glo - Extended Version,B.o.B,Angry,2019,0.36,0.614,
4xqJ7n0jP3eEWhp0yxtF7p,Fairy on the Wire,Die Kammer,Angry,2016,0.423,0.569,
1Kbchhz5gt7Wgo3t8ZzlFP,Gold Leaf,Sa-Roc,Angry,2020,0.236,0.721,
2KtFXoKM6SjBebCOtxw1Jh,Reflection (Album Mix),Monstercat,Angry,2013,0.294,0.873,
1Dmf8dMy46yzVGZpGfAeo8,Body Bags (Alternate Mix),Hell Came Home,Angry,2016,0.443,0.958,
3UiweULq4KiVeqmzVe6Abu,Entry - Original Mix,Evoke,Angry,2013,0.344,0.798,
2eurSTdTWiHpSCYGi2yCZc,Carrying the Stick (Live),Queen City Kids,Angry,2015,0.388,0.826,
2X6iPCfSYPEyRDFfOSvr2I,No Side Effects,C-Lekktor,Angry,2014,0.134,0.995,
3QxtH7v66gwAKVa4fWB1mr,Are You Tired?,RØSÉ,Angry,2020,0.253,0.834,
6smSnAv4mN4zlwKxCUCYXH,Blacksong - Live,Jorn,Angry,2019,0.327,0.843,
6akqCjaRSgqTPMuLEoGeBi,Fire Away,Fractal,Angry,2015,0.321,0.854,
43ZRsSeJ2WWEZAJxc1jI5B,Super Nova - Original Mix,Remundo,Angry,2013,0.339,0.962,
1Fw8AUdmEoh93KM8l1T05F,Cleveland 20/20,Algiers,Angry,2020,0.218,0.753,
2gWOPj3w1jG1TeqjvYL0xm,Go! - Original Mix,Beltek,Angry,2013,0.296,0.702,
7IhuP0bkMS8sRQ80spuXai,Crooked Smiles And Greedy Hands,A Fragile Tomorrow,Angry,2012,0.294,0.762,
4zXcws4UNCxPeKsKMO1rcW,Alyssum,Zone,Angry,2018,0.358,0.735,
4VPwBpD2gu4a9b4uedCNCK,Torch,Tesla Principle,Angry,2014,0.123,0.927,
1JDtEimqOes6Q2K9bb7V0e,Jujitsu,Ouija Macc,Angry,2019,0.209,0.568,
1Xlx24BKas70dTmj7uwehr,Beat The Angel,GameChops,Angry,2013,0.259,0.659,
5jnuKMnX9IoW0ZAHFYYSck,Believe,Toni Romiti,Angry,2015,0.446,0.603,
6Uudacyliyq5ucs9KcRrYe,The Way You’re Loving Me,Mad Margritt,Angry,2013,0.289,0.867,
4Zh56XxAC7LgYgXrAexbyF,Super Hang Loose...,PonyHomie,Angry,2013,0.261,0.829,
2GM2JZSMWNuXDbGqBAKHiY,Benz,Futuristic,Angry,2017,0.373,0.564,
0wsT896ZwdKqyBcO5sJ9m8,Overture - My Roots: Money (That's What I Want) / Messin' with the Kid - 2015 Remaster,Todd Rundgren,Angry,2016,0.313,0.921,
5PAKuy3LTElV6kG3hKsc2v,Up the Workers,Sly & Reggie,Angry,2012,0.228,0.677,
4JtYpUWMOZaVuZYqF0sxhX,Computer Say No,Silverlight Shadows,Angry,2017,0.299,0.988,
5mkC4gry9BsmgWdbBGmTh4,This is War - Live,Bush,Angry,2020,0.401,0.816,
3NmndGYOIYocA5OTHMVoaw,Golden Trunks,Arctic Monkeys,Angry,2018,0.09,0.564,
4Nk4G09kVbkYPtWOAwiESR,Lay It All on Me / Hold My Hand,Evynne Hollens,Angry,2016,0.268,0.564,
3Coh0T73wGkrepZnkcOncY,America,J.Dollaz,Angry,2020,0.112,0.726,
1FcnXazk9RFQYXHV1R841T,Happiness,Alexis Jordan,Angry,2018,0.444,0.763,
3om2TZtosZyHlITfewpIKD,Turn the Light On,Julia Holter,Angry,2018,0.278,0.828,
14Kac54bTQNCwwfPMZahjk,Sunday,Chipzel,Angry,2013,0.379,0.909,
6K0eV0Ekdd1d3s1TG9K2pz,Swift Descent (Tumble),Gareth Coker,Angry,2016,0.348,0.97,
3XpwUXxJGqT9xmPbZmpgHj,American Tune - Live,AJJ,Angry,2013,0.319,0.738,
6Doxb8rsJ0TIPQNLT8HIQl,Future Shock: III. —,William Brittelle,Angry,2012,0.305,0.577,
7pgWUNHLTlC39KY5zw4Rzd,Darts of War,The Black Knights,Angry,2015,0.429,0.572,
1dFMy0ycbYAkVbYzvjHPuv,The Kick of Something New,Teleborian,Angry,2016,0.395,0.642,
3MbsCmgq7W4Z8ruxNbmd0g,WISH,CloudNone,Angry,2019,0.28,0.709,
1t8TkZ9zzLStN9KstkpWNE,Crooked Reality,The Hearkening,Angry,2017,0.189,0.926,
0lhEQmBfNNnbkWbxyr78ld,The Voice of a Man with Nothing to Say,Charles Bobuck Contraption,Angry,2012,0.392,0.576,
6dVmfkkTwWoAINuGHhXHJF,The Transcender,Mattia Turzo,Angry,2018,0.146,0.656,
2M9RvT7cFMxdzirTfWSbfw,Pitchblaque - Binks remix,Levit∆te,Angry,2019,0.14,0.912,
0dkedIIXphhcjKzNRMNUwj,Possessor,Gost,Angry,2018,0.433,0.683,
3fhLBECV7ZarPfQuicqgoQ,Sick Bubblegum,Rob Zombie,Angry,2018,0.421,0.972,
0tLQnmMfqzzRYxhxtIvL5O,Sexy Suicide,Die System,Angry,2020,0.395,0.829,
3opehTCuNUyeyUgr8IXNVc,Moment of Silence,Bear Hands,Angry,2014,0.21,0.811,
7mXAuUq4mlLnmLCrjrIUnC,The Traveler,mcthfg,Angry,2019,0.107,0.596,
0L71A6QejGxezMKS26lwP5,Perfect Teeth,When Particles Collide,Angry,2013,0.359,0.951,
4gWB7XaTDpeT1OF1KqD5Hk,Inner Unrest,Queensrÿche,Angry,2019,0.381,0.866,
5lxHbFTJu3aRs0p9o2hVza,Life,03 Greedo,Angry,2019,0.414,0.583,
0v6lzwtg6kZbUwzwc8lYUg,Smile Models,Rene Hell,Angry,2013,0.039,0.56,
4qmbZuaqEdoZoReaBGRc3W,Так было,Artik & Asti,Angry,2016,0.26,0.588,
6DXVwqnuFP95SxhP2w6poM,Scoundrel,Bassline Drift,Angry,2016,0.19,0.706,
52kflBU5yHB7jxzHFgGfIz,Born To Lie,DREAMCAR,Angry,2017,0.433,0.848,
74y3lExlozvASEUMr8hBSs,"Outside (feat. E-40, Mvrcus Blvck & Lil E)",The Game,Angry,2016,0.394,0.661,
5IfBakBfpLza9qxsiE0hWR,Main Title,Georges Delerue,Angry,2015,0.422,0.634,
4Irqu1ZJzTaBgRNvDgjtYH,Stolen Religion (feat. Scorzayzee),Napoleon Da Legend,Angry,2020,0.395,0.77,
3TqF9w56zqrT5k3UsCFuni,Me + Myka,Blu,Angry,2019,0.373,0.798,
1QdG3nKKTrNWlN9x9t1cH6,FRIENDS - Borgeous Remix,Marshmello,Angry,2018,0.298,0.847,
6AZxpTzFMpb0FClUrM23e4,California 405 - Live,Europe,Angry,2017,0.172,0.911,
3h5hbpURoMxnVOFP9BkoNb,Lost in Paradise,Hearts On Fire,Angry,2018,0.312,0.924,
6vFyRHatQUW7yexMlZ6KK4,Racing the Lava,Gareth Coker,Angry,2015,0.075,0.833,
4NaHJVEfq2y3Xeq0plrsux,Make It Bun Dem - Flinch Remix,Skrillex,Angry,2012,0.258,0.723,
2CUfJOi2XEJ7GytkpXRT6C,On the Stage,Haunt,Angry,2020,0.157,0.964,
2S5E9QxHPYOiEfaKCXmVgi,All I Want,Conro,Angry,2019,0.271,0.892,
3kfanDX1s5RGUrMRvwCoZO,I'm in Love with You - Taito Tikaro Remix,Tony Moran,Angry,2018,0.134,0.804,
5W2KhlJ5eUiYCuf6LdNo9S,Dance You Off - Galavant Remix,Benjamin Ingrosso,Angry,2018,0.43,0.644,
3Xi10TdJzUy9gx5OHGdPXv,Yesterday (feat. Genoa Brown),Rich Tycoon,Angry,2014,0.289,0.775,
5eO0fa4ddVd9ClMaFYVUYW,In the Day We'll Never See,Winger,Angry,2019,0.309,0.842,
4FIb4lW5KjRPP7bzgJ6iFz,White Rabbit,Awake At Last,Angry,2017,0.331,0.926,
6hJw7tlcuauq3KS0HsvoON,Miss u,Satl,Angry,2017,0.402,0.674,
30w8yYV8ioPqzvh3PSmiO6,Berlin Tag und Nacht,Bushido,Angry,2013,0.234,0.807,
1MTsZyvc5crtEWl2xIV7TB,"Busted Console, Vol. 2",Pyrit,Angry,2014,0.4,0.676,
1noHXSXe3olOukPhonXXYw,HOP OUT,BLCKK,Angry,2020,0.417,0.672,
5TWTF187KSDoCvufs0gAWI,Monstercat Podcast Ep. 065,Monstercat Call of the Wild,Angry,2015,0.28,0.865,
5xIkn4cepD0NVyb9eqrGNA,Pure and Uncut - Screwed & Chopped,South Park Mexican,Angry,2014,0.124,0.679,
166EcBqB6V8MFEBk9q7qWk,Lose My Mind (feat. Mr Gabriel) [Luttrell Remix - Extended],Jai Wolf,Angry,2019,0.263,0.775,
0F3iXc9AzgQkt9DV4s0TUM,Any Day With You,Anna & Tamma,Angry,2019,0.268,0.621,
4ZJRqeFsEMqggzusvJ5jwj,Fiesta - Live,Leszek Możdżer,Angry,2017,0.259,0.642,
53QB1FqGteYbVtVNsxBPKu,Sauce,Cub da CookUpBoss,Angry,2019,0.219,0.668,
3V9LlOWRKMWHz2wrXFkfEs,Get Off,Chris Brown,Angry,2017,0.353,0.581,
5RXXvNEIdM9PgVRnXLnwDj,Gollum Fingers,KiloWatts,Angry,2014,0.186,0.783,
48x88Gpi7GOeJTw6T5G5uP,Josephine,714,Angry,2012,0.17,0.647,
2TYjvRClSNKz9Iyuk21wrj,Aliens,Virtual Riot,Angry,2017,0.39,0.942,
5Dsyj3yTusq8JvR3nP93lq,On The Low,GDubz (CAN),Angry,2018,0.068,0.653,
4gAEiDwmiZptJr5ujbPYKi,Only Ghost in Town,Guided By Voices,Angry,2016,0.342,0.831,
2WcFcAugS0HWn2nGKJmh1w,Sunday Morning Song - Live in Salt Lake City,Howie Day,Angry,2015,0.247,0.644,
5GmKJ4npztOkHyUEGF6kQp,Ciribirin,Mediterranean Café Society,Angry,2014,0.251,0.582,
0q4f6lqhm5E9KVHFn5qGMj,Designer,Aldous Harding,Angry,2019,0.099,0.552,
5E2BJSCX46kpJXUbUhDNBE,Cube's Brick,Rock Candy Funk Party,Angry,2015,0.41,0.947,
1qEpRKPXQBaRBwzQyEy64C,Freaks and Superpowers,X-Ray Dog,Angry,2018,0.27,0.594,
4M7caSq1hPyTxIvuMtxvYH,Honey I'm Home (Day),Argaman,Angry,2013,0.213,0.783,
5Xmz0m5dxK0YjZjhO9MyhP,I Have No Time,Kevorkian Death Cycle,Angry,2015,0.064,0.784,
7kTcBmC7cdrrEJREdwe4nG,Switch,David Archuleta,Angry,2020,0.131,0.749,
1GAcKSZvkI60kxajAU3xZQ,Outta My Mind (feat. Bell Biv Devoe),Busta Rhymes,Angry,2020,0.4,0.753,
1nMnwHwCuiR556oSQ84f3g,plank,PLANCK STARS,Angry,2020,0.168,0.99,
6UJcMVF9hNdEauGbdSAA83,Payaso - Revisitado,José José,Angry,2020,0.416,0.751,
118D0hyYYljp46onjxS5Q4,Expression,Highlands Worship,Angry,2019,0.285,0.931,
4i8t8csUDHXxTou8bOLQxw,Flatline,Skifonix,Angry,2012,0.358,0.868,
54MbEHojMJMkX4jLF3FNbc,Questions,Tristam,Angry,2018,0.366,0.583,
2gYCQjhTHPehJrQE1W9voi,Your Excuse,Slobberbone,Angry,2016,0.42,0.814,
6EAwEIxiZ5MAG1oukphXgh,Introduction,Toll,Angry,2012,0.422,0.711,
4PAYq9jrc8LO3fR4YZ3wry,Light the Beacon,Haunt,Angry,2020,0.315,0.943,
3evFqCXwvEeUwmn8AIv7y1,Love K (Rekick),Unicorn On Ketamine,Angry,2020,0.127,0.98,
6BVMVHHIZocHJbAs5tTpXs,Monochrome - Instrumental,Scandroid,Angry,2017,0.385,0.948,
4WVxGwJTf5K5L3pJRr4s5b,Made to Love Ya,Gerald Levert,Angry,2018,0.233,0.581,
3B7njbys7KXCcYuXShRXE3,Ten Sepiroth,Obscura,Angry,2016,0.157,0.964,
1ji27xS6hNf2LEZQNXGTdT,Love Won’t Change,J.I the Prince of N.Y,Angry,2019,0.205,0.59,
0jQiXsH2RmeALvQJHfbXUj,Mantra,3Plusss,Angry,2020,0.18,0.713,
3eLIXEXQ8dXcJ2unjk88FC,Atmosphere,Jack Irons,Angry,2019,0.439,0.656,
17hycQ2oRdo7Vy8EHxjBJ5,Gaping Head Wound (Live),The Aristocrats,Angry,2015,0.347,0.754,
6oE1c01yZ35pIEikvqilAQ,Name,Scott Stapp,Angry,2019,0.33,0.818,
61PEsz8NfWjnV9NkuBGdsG,No Sleep,Marissa Cianella,Angry,2012,0.433,0.622,
18cQgwNiPpVlhX4oC7IHJU,Wolf Out,The Bad Plus,Angry,2012,0.342,0.607,
7B5p2XX9Prn5OkI5mye6gE,Stadium Jazz,Donny McCaslin,Angry,2012,0.252,0.851,
3l5iANYkmoR8I78Zq2N7zn,Sword Box,Malibu Ken,Angry,2019,0.386,0.556,
3gjxiI62tL9RCw0qEfP98Y,Swords and Tequila,Riot,Angry,2017,0.356,0.939,
6jOVHEi2AgoaFxYnmnnUY3,Escape - Foxtrott Remix,Ouri,Angry,2019,0.295,0.778,
2mX0hQxyXOzGiNjGIvIbgM,Circle,Slapshock,Angry,2017,0.242,0.979,
2FQ6ECHosxNMQOeWOAAAuN,Feel Again,CAPSULE,Angry,2015,0.43,0.813,
7tDyhJ5vrnVZWidLhOkDRI,А. Летунов и мама,ПОЕХАЛИ,Angry,2018,0.286,0.68,
1nOq8PDHRLwZg2CyTs5M9h,Flamenco Nights,Pavlo,Angry,2013,0.411,0.653,
3U4PjOfWR0pbFacpHHlF73,Invincible (Instrumental),Two Steps from Hell,Angry,2017,0.308,0.782,
3zDAJcqccQ4zI8oiUlIdHp,I Don't Wanna Talk About It,Deko,Angry,2020,0.362,0.68,
5AMXu6uEfUhLee7vbYmvcw,All in My Head,Kaiser Franz Josef,Angry,2020,0.364,0.925,
2W8zcHao4mEUJGz3ZloDKy,St Joan,Husky,Angry,2015,0.362,0.709,
5f6SzXmKfpzCURgKfzz0yT,Body Rush - Live Edit,Karma Fields,Angry,2019,0.119,0.6,
6ZX7maLd8KP0OBb0P7BudC,Us Against the World,Killswitch Engage,Angry,2019,0.416,0.958,
1ZG5TAR27y4wF88v0fZtqA,Stagger Lee,Mark Porkchop Holder,Angry,2017,0.28,0.679,
3ODUscBHUruOZjPvvRWUWK,Naked Alone in the Tub,Magg Dylan,Angry,2020,0.415,0.864,
1cHOLhUPv5vOEc3ZSVoeXv,Desde el Cariño,Gatillazo,Angry,2016,0.294,0.991,
5yN3AMnuwzvAReHP7BSydu,Everlasting,banvox,Angry,2017,0.205,0.794,
6OFvpDNkLkC61UAeFUw31R,Digital Warrior,Erik Ekholm,Angry,2012,0.083,0.648,
2eBWD7nAIdvmh6pS6TcazV,Looking Into the Abyss,Nunslaughter,Angry,2014,0.291,0.967,
3CmhTXHRkMkp9UURdiHnkB,Straight Into The Fire,Lorenzo Doryon,Angry,2020,0.175,0.758,
05Os7KU8leUClYxZBPBmI7,Into the Fray,Ace Buchannon,Angry,2020,0.272,0.814,
4qKwb7lgqElDHSorJZzY29,Stranger to the Pain (feat. Celly Ru & Boo Banga),Mozzy,Angry,2015,0.443,0.74,
5ZcBqBWeEopJB3t6aGZR0M,Give You Up,Koven,Angry,2020,0.059,0.876,
5EPw6pXnoDX2Rkrt3UtEZw,Ghost (Non Album Track),The Academy Is...,Angry,2018,0.328,0.935,
1DyRTPc1CUIVEEAAVAYmBi,While the Gettin's Good,High Valley,Angry,2016,0.363,0.639,
0mZhXiYRW1c6Y3UdH1lBQd,Can You Feel It,The Dirty Guvnahs,Angry,2012,0.141,0.927,
6wBRzHCLUV5AHjgO7eRAnG,Dark to Light,GONZA M.,Angry,2020,0.196,0.611,
50DU003uNa4rdtd7mPVHd0,Come and Take Me (Thebluemonkey Remix),Denora,Angry,2020,0.105,0.727,
1sZKltTBhL7CQr66RjX4Rp,Was reimt sich auf you made my day Pitschi Patschi Hey Hey Hey,Glitzer Gischi,Angry,2019,0.389,0.834,
7x3fMjOQ31icJsewQLd1xe,Tra te e il mare - New Version 2013,Laura Pausini,Angry,2013,0.222,0.743,
44m1raphStfV8cG9CTRdKi,Falling,Trivecta,Angry,2018,0.418,0.923,
6E8quXUa9ZXilbMHFfYCtl,Voyager,Echaskech,Angry,2014,0.063,0.57,
1GkSoqHsmBJeWht9sI55Ly,Alive,Peter Piek,Angry,2013,0.22,0.563,
7HCDWLvypfGOcOSL6pGiOE,Pieces,Jerry Jean,Angry,2017,0.253,0.692,
4M0fQWjXOSGXhNQToyHQat,Things Are Bad,Raw Power,Angry,2014,0.317,0.99,
6mlkJhHL0kQ2XZsPLreRKL,Master's Clock,Moor Mother,Angry,2019,0.286,0.768,
7u63uRJzITEIFj834Lth2H,Ghost Deep,Statiqbloom,Angry,2020,0.089,0.82,
6IAgarq2wDeYzpsY2Kx0Hw,Almeda,Solange,Angry,2019,0.063,0.553,
1LSm8mJgJ0lFhNOJ1SkEEI,Purpose,A.P. Appleberry,Angry,2019,0.325,0.639,
31Sn1Fpk09Ufif0UoahFhD,The End Is Here (feat. The Parallax Orchestra) - Live,Alter Bridge,Angry,2018,0.345,0.886,
4gZxPELsMpKVpu5Av5pEsv,Astragalo,Cecilia Toussaint,Angry,1998,0.407,0.627,
3ewHrol22L7bKiI0zAIbdX,The Green Manalishi (With the Two Prong Crown) - 2013 Remaster,Fleetwood Mac,Angry,1969,0.391,0.562,
5pEyvbD6bimhHNdcUS6KGM,Options,The Mercury Stars,Angry,2005,0.317,0.782,
3o5CCrxYj63Uyc1EvbEKlL,Red State Blue State,Gretchen Phillips,Angry,2009,0.405,0.726,
26boKhK5Hn6IR5cEpYkVhw,Radio (feat. Rustic Overtones),Naughty By Nature,Angry,1999,0.335,0.702,
71kvXLDhWdMjQb8KmGExqE,Change Is Good,Rick Danko,Angry,2000,0.375,0.715,
0lMXNWPQygnmaUGJrjuZQI,Rosen der Liebe,Die Flippers,Angry,2004,0.394,0.663,
3TnL5N5huZpDVbzAYUVVUh,Nelligan: Act II: La dame en noir (Emilie Hudon; mere d'Emile),André Gagnon,Angry,2000,0.42,0.866,
5cHtjoyJoZ5JSpOdpPRhd6,If I Could,Don Ross,Angry,2009,0.226,0.719,
2QmepWPYcg7Kd9t2ByXHP1,Circuits Activated,Bass Mekanik,Angry,2002,0.146,0.835,
5U4SSrJsAfGzongNWQpvkC,Autumn Leaves,Kelly Mittleman,Angry,2006,0.2,0.574,
6M7YQV8lIMpDlfjE46ebgB,Pretty Girl,Leilujh,Angry,2007,0.331,0.834,
5kTixWJWXgeDUHjoDeKh9z,Two Miners,Pello Revolvers,Angry,2005,0.326,0.607,
4ksUYCE76bGMbF6keHuUGp,Hell - Nick Tutone Remix,James D. Stark,Angry,2007,0.415,0.772,
0Uj8B4GEzit1hUqKBQr5Bc,Wanna Fuck,Zeke,Angry,1996,0.429,0.993,
0eI7doxbiUqSi1wZmgh6BY,The Chase,Mike Ryan,Angry,2010,0.376,0.667,
6eYHdSRkUnkFs9GPhwc3Yn,What Waits Beyond,October 31,Angry,2004,0.423,0.834,
6BsLdrgffGh1zbbAo4XowR,Blank Page,Shaun Groves,Angry,2003,0.399,0.842,
2bQwtOh2LXewQva4O87GTx,Prescription,Gob,Angry,2007,0.315,0.988,
2oe6BHOBt4XlgJc60xwcDd,Beware of the Pale Horse (Feat. Ill Bill of La Coka Nostra),William Cooper,Angry,2009,0.237,0.884,
2aZK25bLjUnIShacYlAjQW,Articulation Of Hypocrisy,Benümb,Angry,2000,0.359,0.766,
3RIQu07qdLMtxWuQd8yxEI,Tomorrow,Crimpshrine,Angry,1989,0.436,0.968,
4GcW8QVyaZzzfvXytnFXWG,Con la camisa rota - Directo 2008,Marea,Angry,2008,0.305,0.932,
3f2aBbqlpfBRQOZmD7LpoG,Dowutigotta,Andre Nickatina,Angry,2002,0.342,0.695,
2daE5SLHNNxKs62hwsb5eF,Filter,Choke,Angry,1998,0.441,0.957,
5tBYZXxiMRhdQZOLUfS1FJ,Rewind - Makoto Remix,London Elektricity,Angry,2007,0.278,0.976,
66hJ7HKMIfaao1pzr2znbc,Exit Boogie,Killsonic,Angry,2007,0.441,0.698,
7ejR7Y9EzHnotTvRajuoYi,Reality (Is a Rock Band),The Time Flys,Angry,2006,0.337,0.955,
26YVY4MwW9WKJWxkY4pChy,Synaptic Plastic,Uprock Rhizome + The Aphasia Group,Angry,2005,0.374,0.577,
5MkItMx6v4JgGTMIdCljPL,We Can,Cameal Davis,Angry,2009,0.374,0.675,
6wYeU7vCaa0lF7Qpiw3YFi,"I'm A Man - 7""",Dwarves,Angry,1988,0.412,0.787,
7ynXszL15sobN0xDm3FLJI,Lights,Da T.R.U.T.H.,Angry,2011,0.299,0.908,
5FJS3wn87kqUUO1bjtqLMX,Tell Me,Desert Eagle/ LeathaFase/ Inf- Black,Angry,2004,0.125,0.967,
7fu8DgE61qZtPNzfP2gHSw,Think in Stereo,Boy + Kite,Angry,2011,0.435,0.983,
0rg971skfRufSgzJgjsyV1,Grow,Json,Angry,2008,0.209,0.703,
1oauoySy94tbTklQquFK44,We Bring The Shake,Motörhead,Angry,2007,0.421,0.973,
2ts4EO9RoqNFRNuMQVjqGa,Icarus' Banjo,Daryl Stuermer,Angry,1998,0.448,0.61,
3WLRBfwfVowGw0x19jvBrE,Scary Monsters and Nice Sprites - Phonat Remix,Skrillex,Angry,2011,0.285,0.558,
0VyE8WNs8x71beEXRiP6Uf,Seraphim,For Today,Angry,2010,0.255,0.852,
2binNj4Zl5UvlqpK4yWcTG,Stowaway,Tullycraft,Angry,2005,0.356,0.812,
0WJDrIksE5gzNyluTImU0Q,International Hustle,Solomun,Angry,2008,0.373,0.593,
5q7Drt8AVfVJsJf6kriFc8,What Can I Do?,Link 80,Angry,1997,0.255,0.97,
0dw7idQtBNpNJWNBhgabfM,Deeper,Alice Cooper,Angry,2003,0.232,0.703,
19k7Q0hAIDDJHCJn8JWvwR,Enhancer,C/A/T,Angry,2005,0.096,0.98,
5AcFcXGDO8DV36CrRqpOR4,Faithless,Rivermaya,Angry,2002,0.401,0.651,
6gtj7OcP7Ns4vSUkBrVv0G,In Between,Machinedrum,Angry,2001,0.18,0.678,
7hBxOnYRZuUhTDXhL9twwq,Oh No's Theme,Thee Oh Nos,Angry,2004,0.408,0.952,
0KT6Cg4ZpEUne7nEapL1b8,Liz Hurley,Farside,Angry,1999,0.307,0.872,
2Oh7PCzxAukLij8YIBjOqj,Sick Sermon,New Bomb Turks,Angry,2002,0.394,0.994,
2leowXuqeAyOkIrLa3ekXr,Pick Your Poison feat. Kay,Datsik,Angry,2011,0.435,0.798,
53XeAoFpjOiteDVLMKOGaF,Dusted,Highspire,Angry,2010,0.335,0.886,
0ZFWvwyWpgkntMzJ9uicG5,Gold Coast,Touch Committee,Angry,2010,0.37,0.691,
0ZIkrRwaZSzrCPfhSFRPe9,Figment,Emmanuel,Angry,2005,0.294,0.999,
2tPGbbeBZ31Pc5dYJAVCfC,Electric Prod,SMP,Angry,2000,0.379,0.875,
0PVtfjcHE256janafBXAtG,Dursun Zaman (feat. Göksel),maNga,Angry,2006,0.435,0.904,
3U7IXNKHObSXjuREMZzb1h,"Anything Goes (From ""Indiana Jones and the Temple of Doom"")",The City of Prague Philharmonic Orchestra,Angry,2008,0.284,0.698,
2vNX6ej0Dtolkl9L37Ok07,Over the Edge,Johnny Hunkins,Angry,2010,0.392,0.863,
0lgJNEd7MvwwsX9u1HeLJI,Der Gourmet,EAV (Erste Allgemeine Verunsicherung),Angry,2005,0.288,0.837,
0qKvArP0qdeskRhWJH60F6,All We Do - Feat. 18,Sean T.,Angry,2005,0.323,0.607,
2W4iZ4YjgL6W5PZSoENGHJ,Comp. 58 - Live,Anthony Braxton,Angry,2009,0.361,0.875,
3Bawr5bxUd2uKlucYi1ndT,Guardian Angel,Ulysses,Angry,2008,0.29,0.913,
69mCvLZoDSxHGI8rj79M4O,Night Rider,Dick Dale and his Del-Tones,Angry,2010,0.427,0.673,
19UzFFG8tN9ruumuuyRK0E,Over The Fall,Blue Million Miles,Angry,2008,0.43,0.745,
4FKBqSnqDKKNCCnUP8LAJN,It's Not Love - Live - Japan 1988,Dokken,Angry,1988,0.201,0.898,
4IvllrwERcOW7TNHEvsfoP,Nasty Shit,Lifeseeker,Angry,2009,0.409,0.807,
1srkThv266i9pwRZBJUA6o,Ugly Like Me,Die Symphony,Angry,2004,0.219,0.835,
06FBolyNe1cjnnwfM4L8ae,Reels: A)The Dogs Among The Bushes; B) Jenny's Wedding,Planxty,Angry,2005,0.301,0.551,
2Yk2ceBqpgpCYp1s046UiE,Party for the Living,Tristam,Angry,2011,0.414,0.614,
5LPqpDQ6bIpPhdiApcjdhQ,Nomad,Imperial Z,Angry,2003,0.355,0.695,
7yfXGaX5yMUaMeG3uWgMZl,Shadow Dance,Stanley Jordan,Angry,2008,0.427,0.718,
3BlbM7eU6UTUnElYO4Wnu8,Burning Man,Mastodon,Angry,2002,0.276,0.993,
1kqIc03cgGbvmuZfHFZIz9,Born to Raise Hell - 'Rock & Rule' OST Outtake,Cheap Trick,Angry,1977,0.433,0.947,
0JEqdNJjPJzLwjO2DlMiYl,War,Vivek Shraya,Angry,2010,0.323,0.578,
4BefrAMZpJrcL58O2N5ORL,Magixburg,Hella,Angry,2003,0.149,0.931,
47BABRP0g2dlZJidMtg0iS,Expect the Unexpected - With Chuck Schuldiner - 1996 Demo,Control Denied,Angry,2010,0.317,0.899,
3gOJDrBQwkNltK6jgIq2Mp,Last Rites,Empyria,Angry,2009,0.232,0.863,
4BMEdU2R17xefGHuvmU8PW,Down In the Blue,Buffalo Killers,Angry,2006,0.353,0.607,
1959E5TBfqys0ZnjPpUKBD,"Paper, Rock, Scissors!",First Lady Assassins,Angry,2008,0.383,0.983,
53YLR7CuMhauUfjUXeKb8A,Falling In And Out Of Love,Lita Ford,Angry,2000,0.256,0.779,
04g5K45443hQ6JUlOA1pn1,Never Meant To Be,Im Not A Gun,Angry,2004,0.156,0.675,
7r9CA7CnhbComZukPJ9oBV,Elected - Live,Alice Cooper,Angry,1973,0.386,0.948,
2vjLna64VLEMS3RhuHbZeB,"American Eulogy: Mass Hysteria / Modern World - Live at Akasaka Blitz, Tokyo, Japan, 5/28/09",Green Day,Angry,2009,0.341,0.996,
0UQc1EkgxdIB3nGVTuAXKI,Chinatown,Wild Nothing,Angry,2010,0.16,0.678,
50SV9kwp9RI1WtIHTN0nrl,Light Show,Robert Pollard,Angry,2006,0.321,0.623,
5Zhp2MkD1VPPbBVo88Zs8g,Richard,Kittyhawk,Angry,2000,0.449,0.664,
4vFZ9f07PzKJHZPQfxEyUj,Él Es Rock & Roll,Obus,Angry,2010,0.41,0.964,
0hzPF3nAZciDYBQxMzZZwz,Power,Vivek Shraya,Angry,2007,0.209,0.674,
6Ex1gbuwAtSxRmi6BiJSQF,Schema,Negative Format,Angry,2004,0.432,0.915,
5EevcFipEQDwg7a4cdzFvL,Masturjakor - Kink & Neville Watson Remix,DJ Sprinkles,Angry,2010,0.334,0.918,
37jsnFga1WiDAQ5bdy2qxi,Albatross,Floater,Angry,2000,0.239,0.584,
4p1ekQwSHIJyxNOhYVnnKH,Mustang,Chug,Angry,1996,0.382,0.646,
0cWQm7JjYAnXrkXUkGv1xt,Knockin' On Heaven's Door,Wyclef Jean,Angry,2002,0.442,0.686,
1Ju2CjnkvFUnzOjcGqwoVQ,Bye Bye Bianca,Faster Pussycat,Angry,2006,0.389,0.933,
6yCl1EXbAht5B0C2BjKISg,The Man with the Stick,I-F,Angry,1998,0.065,0.743,
0eM3rvCWSQIy0feuDWqAjH,Creation Myth,Kathy Valentine,Angry,2005,0.273,0.807,
1x0EtYkKGJ8LI7qkQiJnLU,Dirty Hands,Black Lips,Angry,2005,0.402,0.628,
4uFnFFxk4bxMjfIOw0jBUT,Zebra,Man Man,Angry,2004,0.414,0.776,
6IsxxXBqAWymv2ysZiNV9s,A Bit About Myself,Kevin Fox,Angry,2004,0.367,0.566,
6lkyDsbqpLIvxm5n45oyhO,The Back Of Your Car,R. Star,Angry,2005,0.264,0.766,
3ofkmy8g3jdP0GdFgq6oGg,Zombaggedon,Divine Tragedy,Angry,2007,0.397,0.903,
4pSiirsKwrgZutmqCaLOkN,"24 Caprices for Solo Violin, Op. 1: No. 24, Caprice in A Minor ""Tema con Variazioni"" (Quasi Presto)",Niccolò Paganini,Neutral,2017,0.483,0.055,
0nrOzY66pjzNzcZzW98Ke5,"Life, Liberty and the Prosciutto Happiness",Guy Klucevsek,Neutral,2017,0.498,0.512,
3SU1jdsrgvq7qpIg5GCeY7,U Did Me Wrong,ESG,Neutral,2013,0.605,0.198,
4VjIW7aUkg02fqQYB26zzc,Loreley (Sven Wittekind RMX),Hanz Loop,Neutral,2015,0.028,0.464,
0MRRYfMqgWyk5A2IOqYvdu,Do It Well,Bat Boy Bankie,Neutral,2020,0.12,0.509,
40V9mWuKcjeXZY2xI5Fk8W,Alice the Camel,Jeff Beatman,Neutral,2013,0.838,0.144,
7HGK9jGz2qwbuF93JxMhlC,Budila Majka Mehmeda,La Colonie Volvox,Neutral,2013,0.566,0.474,
4yDjzVhXig9tfO7Zv46FE8,Over the Rainbow,Israel Kamakawiwoole,Neutral,2017,0.658,0.153,
1taMbHQymTot6h6k1hTY4L,Stay In Love,Hilary Duff,Neutral,2015,0.493,0.836,
311cAwpVpJ0b4eAoeJPPhc,Smooth Living,Grace Brancale,Neutral,2018,0.256,0.522,
4lBfkT7jk60ScF0Soxe3j3,I'm Tired,The Sacred Shakers,Neutral,2014,0.892,0.524,
7wvE3aKOuFX6z8i7ECrPfR,All For One,Murray Gold,Neutral,2012,0.155,0.525,
5qgN1h3XOoVoR9D1qunX0u,The Green Line,Flipside,Neutral,2015,0.482,0.313,
71qbns6LPrklDaasKHe7i7,Intro,La Carabine,Neutral,2017,0.139,0.503,
65YRtQ9Azg1oWdBQGXICAs,Lemme Be Who I Wanna Be,Tom Freund,Neutral,2014,0.514,0.768,
7xCgMk17KW4mZVmmCtOoBa,Double Tap,Madchild,Neutral,2017,0.494,0.909,
7noznOa2hVnRlS80f6gmvP,Duffle Bag - Cold Mix,Daforce,Neutral,2014,0.484,0.534,
3CFGhT3iQpSzCA9TicZo4v,IDORU - Algorithm Mix,Grimes,Neutral,2020,0.474,0.889,
53FF1WjmqvsiBxPYmrsmIs,hoverbeat,Dakim,Neutral,2019,0.182,0.481,
5WjqW4PtsJNuxHyT9xmMVA,Black Lambo - DreamReaper Remix,Lazerpunk,Neutral,2019,0.502,0.941,
645A6T47n3KjqdRoXXUpMn,Lil Boy Shit,Skooly,Neutral,2020,0.492,0.501,
5kBpbsWvQCpuB9BUUEnWw2,Las Diabolicas,Crippled Black Phoenix,Neutral,2018,0.547,0.808,
3KIgeytWz1kdloasvmNQPB,Garden in the Sky,Martha and the Muffins,Neutral,2014,0.554,0.449,
5MZEaf105vRNAQTjKXqAke,What's on Your Mind - 2015 GH Version,George Benson,Neutral,2015,0.642,0.486,
1lCUP2K8PXTvf4OWgVsMKJ,Kodak Red,OLA RUNT,Neutral,2020,0.47,0.371,
5crMRhcSWN26N6lY3tUeuC,"Divertimento in D Major for Cello and Piano, after Hob. XI.113: III. Allegro di molto",Franz Joseph Haydn,Neutral,2015,0.788,0.236,
6mMs35RcDLGZQcZwM8ipGg,The Bewitching Hour,X-Ray Dog,Neutral,2017,0.273,0.539,
0lsxXkZzBj1soDchMqPRb2,Autos de Amor,Robbie Dupree,Neutral,2017,0.795,0.504,
1R3QZ7jtrpRUBFUOLljL4q,Gratus,Dianna Link,Neutral,2018,0.855,0.005,
7DT4flpEsopipt3XzZvH5a,Dirt,Swamp G,Neutral,2020,0.657,0.482,
0M9N9JWg7TpL1rSeuFDkWd,For You,Ignis Brothers,Neutral,2020,0.815,0.547,
0XjRdRVHuTo099p82CkHw4,My Woman - Live at Long Row,Matthew Frederick,Neutral,2015,0.538,0.452,
793JTIx5oWdprgNh6bnhey,I Won't Be Here,The Reputations,Neutral,2017,0.458,0.601,
2K5PZ01vLieKSh352lCDAa,Have It All,Evie Ladin Band,Neutral,2016,0.523,0.163,
6zC5XZfQBCbLTsx9l9lrEu,Until the End of the World,Masahiro Sugaya,Neutral,2019,0.474,0.083,
0pmLTh9GSQXilnk1kXcONm,Meadowlands,Mango Groove,Neutral,2016,0.58,0.524,
668TuoMfiZTFX445HZ0WPc,Mind Evil Mind,Moksha,Neutral,2017,0.468,0.873,
0Od5NgewZTlogExXBOX5jC,Annan Kaliber,Ant Wan,Neutral,2020,0.52,0.513,
5AGW3yn6JO3uq03iALUVcJ,隨風,新青年理髮廳,Neutral,2014,0.486,0.468,
4LzdPuF0fWaGKfIgbM1nuG,Beginning of Peter's Journey,Igor Wakhevitch,Neutral,2020,0.813,0.317,
5BfxJjDQdvvDeAqYTyerMu,Among the Flames,BlackStar Republic,Neutral,2017,0.458,0.943,
5MtznL7sdZF2S02nJnTyYe,Sick & Tired,Indigo Hearts,Neutral,2019,0.194,0.482,
4SCn9MMlzmtv11zutlzx7m,Can't Tear Down the Walls,Donnie Schexnayder,Neutral,2017,0.461,0.794,
5ThLGA2P1iSG97MEvgYw5T,Singing the Blues,The New Orleans Jazz Vipers,Neutral,2013,0.603,0.41,
4AOBPJCwjjBmopnnlGhpMO,Go to Sleepy Little Baby,Bessie Jones,Neutral,2012,0.501,0.104,
5NpJThPimC1RGS8WR7USYA,Starlight,Humans Cant Reboot,Neutral,2020,0.517,0.793,
2yO2SjQpIuZ6NZd4RkNrS6,Dile,Nelson Meza,Neutral,2014,0.806,0.506,
4A0bgWT0g7oJeiXVG2kWQr,Sleigh Ride,Sing n Play,Neutral,2013,0.831,0.432,
5BfILoVoQNRbOaXYvzKKqV,Kill All Lifeforms - RA-X Remix,Klangstabil,Neutral,2015,0.517,0.903,
1kSqMJ7pBsknfN5vhQshD0,1 of 1,Key Glock,Neutral,2020,0.494,0.58,
3u2m08OkpaOTCisoUODL6P,Domino,J Rice,Neutral,2013,0.893,0.547,
1TLDD62kyg7RcgEXSgxHRx,Faded (So Long),Gyyps,Neutral,2020,0.493,0.533,
0M2ASyWJhjvc4AzneR7sG6,New Rules x Are You That Somebody?,Pentatonix,Neutral,2018,0.804,0.42,
0ylvdhTfsemaPQQv1EqsIH,Spend My Life (Radio Version),Young Soulja The Realest,Neutral,2017,0.796,0.408,
47d8ui7rAcE0GeT70lAXGz,Do You Realize??,The Flaming Lips,Neutral,2018,0.51,0.878,
642viAlZzSCk86rZXi0iAW,Johnny Cutter,Sematary,Neutral,2020,0.458,0.94,
1BdVbHrq76woz0v18LeHpn,California Dreamin On Ya,Joe Matzzie,Neutral,2014,0.492,0.454,
1KuNM9MBYkBXbgFtFXEvTK,Face The Thunder,Sister Electra,Neutral,2018,0.478,0.661,
7rt8e5rmNXJ1MifQF7aZL0,Then Came the Music,Radio Radio,Neutral,2016,0.45,0.683,
4ZxdsypVDQUcBt7L9JbhBY,Hold Me Close,Hollowbelly,Neutral,2013,0.474,0.888,
7F4XnFqaPXctfwIxRdsETz,Hitnlix,Benn Phranq,Neutral,2020,0.641,0.388,
65HKQWBLcZXibPENZvlQLv,Oma,Kölsch,Neutral,2013,0.499,0.698,
2vM3vZbDatFfDu6Rsc5y70,GGBB,ADÉ,Neutral,2020,0.513,0.47,
5IRPIDpFMQQBfKFHRwqdgX,Golden Harvest,Chronologist,Neutral,2019,0.294,0.512,
6muvjxhXezdL2Km2WebMx3,Good Fight,spielgusher,Neutral,2012,0.638,0.264,
6KZDPIDLr5amsoC9UerGaP,Lovin My Fashion!,Autumn!,Neutral,2019,0.507,0.677,
2bR046uSOPSmUB2Ft13IPG,70Y C4R,six impala,Neutral,2020,0.383,0.465,
5fSqbB8McZOAJhB6JpCdCo,Loyalty,Complaint,Neutral,2015,0.516,0.931,
1qVTIa6j0Jm2EzOFyD3gyi,"28 Variations on a Theme by Paganini, Op. 35, Book 1: Variation 7",Johannes Brahms,Neutral,2015,0.943,0.533,
0zQXb7D0wXR24QZpniIb6R,Pièces en ré mineur: IV. Courante [41],Trevor Pinnock,Neutral,2018,0.668,0.413,
5bcJwBywjaz78KTf374PCb,Pang,Caroline Polachek,Neutral,2019,0.547,0.681,
6FWLkC3YuC5CG9NLqjF6dS,Winter's Kill,New Radiant Storm King,Neutral,2014,0.541,0.776,
6PuT6pTf8FpklMo2clddb7,Too Good,Fly By Midnight,Neutral,2017,0.671,0.548,
4mlHnBPIS79OFtVrcx9i3H,Walk Me Home,Brian Dunne,Neutral,2020,0.541,0.576,
0P7mgCKLaUvdDF5OolW6iV,Feels Nice,Immunity of Fate,Neutral,2015,0.489,0.798,
16p0imn0cT5YohKDBQbuf8,Ya Cai,Arpex,Neutral,2013,0.531,0.626,
0YjbfINex5qIYZjQShKg7B,Bohemia After Dark,Erik Friedlander,Neutral,2015,0.478,0.238,
1lzCvwxCYwkS1wTxrXlvn4,Running in Place,Indigo,Neutral,2019,0.769,0.28,
7hdM3l7whE3lTHP6WsoKZT,Reason,Hablot Brown,Neutral,2018,0.553,0.309,
32lXDBa8MHHTo12AxD6Wrk,Close My Eyes,Jesse B Dawg,Neutral,2016,0.159,0.549,
1HjeSU1snPkn2HCltN5iTN,Unknown Track 4,The Contemporary Jazz Quintet,Neutral,2020,0.415,0.464,
7yvN2drG9wSe7bDoVps50j,Vou Lembrar,Wanessa,Neutral,2020,0.446,0.481,
5M3fwfHhpHn6Lt4CCU1vxM,"Vavox Stabat Mater, Pt. 2",Vavox,Neutral,2015,0.042,0.521,
5ziNmiVs5HxAykG09oiyaM,Muons,Quantum Trio,Neutral,2017,0.483,0.291,
1ZonHJSIfYH5D71kRkBuOg,Paper Scissors,Morgan Saint,Neutral,2018,0.113,0.529,
48XkVAagIoQHCsOlJtXUd5,still feel.,half•alive,Neutral,2019,0.715,0.516,
0BKNCZZOaL9MTl04CSVpFb,Jazz is a Four-Letter Word,Nicholas Payton,Neutral,2019,0.667,0.515,
27qIUYQOoAUk2JoiQLssBC,I'm Coming Back (To Try Again),Cowboy X,Neutral,2014,0.487,0.451,
5Bfxcgo89rjn2ov25YjEQn,"Trio Sonata in C Major, RV 82 (Arr. for Mandolin, Violin, Cello & Lute): III. Allegro",Antonio Vivaldi,Neutral,2018,0.804,0.152,
5g5dwJD6zwXG81LRdEsnQr,The Temporary,Kate Teague,Neutral,2020,0.229,0.524,
4rJ5Aircj1i9R8ssURL4p4,Anna Marie,Susan Jacks,Neutral,2015,0.508,0.736,
3PGVf5SlJVHgz0zKC12pmq,Ava of Death,Eleine,Neutral,2020,0.51,0.917,
3RB1saFOQah2etlgv74rvG,Marketing Political Campaigns,Noam Chomsky,Neutral,2014,0.474,0.508,
5L1ced05Tvl7QCRjb7sHes,You're Not Alone,Semisonic,Neutral,2020,0.512,0.716,
6dMYrhLA9yp0yCPKEvBhWd,Aya,Ametek de Kemet,Neutral,2020,0.533,0.838,
68fU2qwiCr7eHdfdVvAQn6,Cool It Down (feat. Amber Coffman),Riff Raff,Neutral,2014,0.54,0.886,
2ZC1RER96N2bVKX1XKT4GZ,Back in the Building,Daforce,Neutral,2015,0.153,0.51,
7exgv5vygih2gVOQnPvgeZ,Mera tid,Dani M,Neutral,2018,0.543,0.643,
1oLNiCEDdocJ59lgI43OVG,El Muchacho y el Potro,Los Cadetes De Linares,Neutral,2016,0.93,0.505,
2nT7h8I2r9KFtU0ZXNNoB9,Life of Whodeywant,Adamn Killa,Neutral,2020,0.694,0.408,
6Lm5iiZXCv4GhYymWSqUBW,Top Ten,Gregory Isaacs,Neutral,2017,0.805,0.444,
0sF7D4wWft3GzMHiGEFU8L,Better Hurry Up,Caleb Caudle,Neutral,2020,0.583,0.447,
0naXiFQ9eQgXucon7Cfdgl,Frossira (Country Road),Leni Stern,Neutral,2012,0.967,0.317,
6RSteASwZjh5wnUFYwcQmb,How Many Times,Gina Sicilia,Neutral,2018,0.399,0.548,
265KXvQK9FVXgbtQnC9OSt,Lotta Love,The Other Guys,Neutral,2020,0.539,0.331,
7tgiYgb99ha5QhDTCReI3b,"Cello Suite No. 2 in D Minor, BWV 1008 (Arr. J. McFadden for Guitar): II. Allemande",Johann Sebastian Bach,Neutral,2020,0.71,0.116,
2mEiX1aoVJecD37oopnmIH,"String Quartet No. 8 in E Major, Op. 2 No. 2, Hob.III:8",Franz Joseph Haydn,Neutral,2015,0.839,0.156,
4znVEx7VGXY9XHCg6dcGqL,Rossini's The Barber of Seville,The Great Kat,Neutral,2017,0.496,0.911,
5vQctmBxi79lyQoc2DDAsP,Love Now (feat. All About She),Calvin Harris,Neutral,2014,0.464,0.674,
2EpuY5yAyiEWBr36dUHwaP,Pasta,Angie McMahon,Neutral,2019,0.395,0.452,
67msHOcb58J1VeAbgWNV3A,Love Is Red,Lynn Miles,Neutral,2013,0.551,0.392,
1d3U8nb9lvHRfPEurbfiry,Believe In Yourself (The Arthur Theme Song),The Magic Gang,Neutral,2020,0.504,0.508,
4c8TAgNiNTCbXmijfESwrD,"Cello Sonata in B-Flat Major, Op. 14 No. 6, RV 46 (Arr. for Double Bass & Piano): IV. Allegro",Antonio Vivaldi,Neutral,2018,0.786,0.114,
7pNrz2Va74OZAwscDZ0ulx,Swear,The Icebergs,Neutral,2017,0.627,0.452,
3pRCFRZxaZs7QhuOLviUFm,Response to Photographs,Grass Widow,Neutral,2012,0.483,0.006,
5HbjU6HJqzA52fi1oOEEaL,gray,Cö Shu Nie,Neutral,2019,0.319,0.467,
6MmeMr5gT9B6zJqIMNWA9r,Beer-Drinking Polka,Flaco Jimenez,Neutral,2019,0.947,0.443,
5U2QEzXLS1URv6vAZ1pAO8,"Sonata No. 2 in A Major, Op. 12/2: Allegro vivace",Ludwig van Beethoven,Neutral,2014,0.494,0.118,
0oa3BudDuHzbepmxGx5UCd,"Chapultepec ""Obertura republicana"" (Version for Wind Orchestra): I. Marcha provinciana",Carlos Chávez,Neutral,2018,0.784,0.33,
3hTb1cIVpHM476w3LM51Uc,Angry Birds Seasons: Trick or Treat (Halloween Level),Game Tunes,Neutral,2013,0.472,0.455,
3x7C30mHeQ6suh0Tbi2AqU,The Jolly Pinder of Wakefield,The Foxglove Trio,Neutral,2015,0.966,0.273,
5EGmJhcYfn2Fl17SPR16lf,Out of My Misery,Libby Koch,Neutral,2016,0.343,0.487,
6h9dISSKTLV7gMHiabDpKx,Celebrate the Day,Terry Grosvenor,Neutral,2015,0.604,0.433,
5o9A2iXDLil6G8yXFO6ebY,Go to New Orleans,The Spirit Of New Orleans,Neutral,2013,0.843,0.464,
54EB8hSkVoXvelNaVLMpqd,WLAK,Swoope,Neutral,2012,0.465,0.761,
7HRsRHFulGVmJSPGsDqA3q,Friends R Family,Michael Patrick Kelly,Neutral,2017,0.469,0.762,
4TXXQFzXUmXG5WVWD1kdMi,Nr. 1 in C Major - Allegro Presto,Thomas Trondhjem,Neutral,2013,0.922,0.341,
41HiJ6MoIKI6qbM0fyzGtx,Mafia Hq,Pascal Michael Stiefel,Neutral,2017,0.462,0.38,
09dcIj6chpfZDFi4Rshm0H,The Tavern,Greenrose Faire,Neutral,2015,0.537,0.517,
1hXN2bFsOmux03bcZfvDYR,Supposed to Be You,Sarah Snead,Neutral,2018,0.485,0.627,
0X2ptLwbyVmm8ahogrYgsa,Crow's Perch,black midi,Neutral,2019,0.143,0.469,
0vzCXbzm9uF8de11QWiaiH,Do or Die (feat. ELIPLM) - Bonus Track,Parris Chariz,Neutral,2020,0.405,0.53,
6B2enoSQxSITUe4Y84R5EF,Con el Viento,Jessie Reyez,Neutral,2019,0.464,0.255,
0J8vRvFMHJxNvhtrI2Gp7X,Nora ezean,Izaki Gardenak,Neutral,2013,0.219,0.51,
7CGMwdWZr0MBTuAjQ1hHF1,Dance Hero,ShatterRed,Neutral,2012,0.457,0.844,
4QK9a57yENn3p0YNydZJ4q,Ògógóro No Sweet Pass Pami,Mr Eazi,Neutral,2020,0.679,0.448,
1QVgCtC5o63tNUjq58sxAt,Corporate Media vs. National Media,Noam Chomsky,Neutral,2013,0.638,0.128,
2GOgcRDtgAELYkb9cdpjoC,Nos Pertenecemos,Grupo Yndio,Neutral,2014,0.683,0.529,
20Lp7AQ93pyUlNHZe218qe,Roll in My Sweet Baby's Arms,Loudon Wainwright III,Neutral,2018,0.692,0.459,
34ENDGuWBMtJsBmZT1wYH5,Candy Muscle,Marino Infantry,Neutral,2019,0.487,0.529,
7ASTfUsqFFAw3SqwHTUCtH,Ich halt die Luft an,Ina Müller,Neutral,2020,0.808,0.539,
5b5WvpsQfdBHmw1DhQgXTU,Kaua I Ka Holo,Na Palapalai,Neutral,2013,0.771,0.512,
3AYrKCgIOBhqJVzlvDtSSY,François sous la pluie,Mickey 3d,Neutral,2014,0.632,0.407,
25BLzHxHeMOXRAktMFPuL2,Restless,Buffering the Vampire Slayer,Neutral,2019,0.53,0.658,
341G0qqUb6ioC5CQ53yxUj,Lush,De La Noche,Neutral,2019,0.468,0.848,
2VZF36Q1LNN94W25Cdw6r7,Who Knows?,SwuM,Neutral,2019,0.129,0.514,
30nyo6oAwJfY2FmZRCBN39,"The Well-Tempered Clavier, Book 1: Fugue No. 1 in C Major, BWV 846",Johann Sebastian Bach,Neutral,2015,0.617,0.17,
3OQuhMAtJcnNSbnvx2JPWb,"Maskarade, FS 39, Act II: Act II: Luk op! Luk op! (Jeronimus, Arv, Doorman, Mask Vendor)",Carl Nielsen,Neutral,2015,0.527,0.101,
3QDl8nV6YKolTcoYEb3Q5l,Bebo,Burna Boy,Neutral,2020,0.458,0.687,
7hZ47D3UrSmTOAxiI4enMI,The Beckmanns,Momus,Neutral,2018,0.831,0.489,
7smC80IWIp4ksrRE21oKnb,High Horse,John Gorka,Neutral,2014,0.661,0.497,
41CK6MfQKSED7X815xosfx,Motivado,Cumbia Latin Band,Neutral,2012,0.518,0.885,
6NG3dqSMYUAiC97G1PBNuD,When the Night Comes,Joe Cocker,Neutral,2018,0.454,0.63,
4RnfMhMUMqHlrn4V6A3KfS,Legend Has It,Run The Jewels,Neutral,2016,0.467,0.564,
7f678hlp5x407MKlDvtCwt,The Gloating Sun,The Shins,Neutral,2019,0.54,0.531,
2d4vsr8evaLkHYLoUIvEWT,Exercise,Kosha Dillz,Neutral,2020,0.34,0.516,
2FpOskBIlfvX0zOE4HuUPT,Radius,Daniel Avery,Neutral,2018,0.289,0.513,
00Ui3AorVfKZjEtfkBLhNH,"String Quartet No. 3 in D Major, Op. 1 No. 3, Hob.III:3",Franz Joseph Haydn,Neutral,2015,0.555,0.134,
0AcFvkrjMP6KgeDAafLVeN,"Violin Sonata in A Minor, TWV 41:a1: II. Corrente. Vivace",Georg Philipp Telemann,Neutral,2018,0.962,0.439,
6ECj22GtQPpfFW9qNmLWku,New Rhumba,Manhattan School of Music,Neutral,2013,0.536,0.321,
0WbTifALYTZe4zVvu19sZD,Livsstil,Ant Wan,Neutral,2019,0.511,0.696,
5G3mNIL0vHiEGYoTu8TdNz,Zoom,Volker Kriegel,Neutral,2014,0.855,0.548,
1JMSvf5oXoR4huIlqW9pzI,The Lash for the Gun,Andy Lindquist,Neutral,2015,0.391,0.531,
068cInLEA0URHG5kD4WK2r,"Sonata, K. 183 in F Minor: Lento",Oopopi Symphony Orchestra,Neutral,2013,0.532,0.138,
0rUTyPXUrw2yTPJFy2yyp2,Take That Wander,Forest Sun,Neutral,2012,0.596,0.46,
27xa3SgsJMjPTzfPbfnHrs,The Weight,Aretha Franklin,Neutral,2014,0.672,0.465,
693qdKqu3Una4kVx7NVI65,Lovesick,The Bad Mitten Orchestre,Neutral,2012,0.79,0.473,
0T1VE4lW59JvGl8Euum8xa,Touch Red,Chromatics,Neutral,2020,0.085,0.511,
4IgbbwO8jET41LdFwPHQ8h,Piano Phase,Massimo Menotti,Neutral,2015,0.928,0.332,
5ex7xYZOtOQDaWrnrzd1lM,Mudslide,Andy T Band,Neutral,2017,0.533,0.832,
3NVIz0leOLaFESdYGDa1kT,P.O.T.U.S.,4snhs J Will,Neutral,2020,0.605,0.543,
6foxplXS0YEq8cO374Lty4,Gucci Gang,Lil Pump,Neutral,2017,0.675,0.533,
1iZrJO6fifinwpU3cD3700,Why?,Devin Townsend,Neutral,2019,0.395,0.467,
1xWMxbF7gbyJlrOZcCGw9z,"Pièces de clavecin, Vol. 1, Suite No. 6 in E-Flat Major: I. Prelude",Johann Mattheson,Neutral,2017,0.518,0.197,
3sbey11qVt6AQTzykhVzSZ,1993 - Remastered,The Deli,Neutral,2019,0.695,0.456,
2V6MZXJX2mqEMHXa5X1u2g,U & I,Måns Zelmerlöw,Neutral,2019,0.506,0.62,
5P7C97k7gXQTt0TUFEiESh,Doom and Gloom,Red Flag,Neutral,2012,0.484,0.984,
3OPjL98s8BWEPvpgJJlnNi,Navigate,Julian Gray,Neutral,2017,0.038,0.45,
2f88HKYQvNlzTBkdDhAQ8c,Clothes Encounters,Stemage,Neutral,2019,0.74,0.478,
2fGbvtdiDCedvX9MIboKaj,Serpentine,Rainy Day Crush,Neutral,2016,0.53,0.902,
1NyrsCdjvV7kKOpeMN9owS,"Weirdo me, who fell into love",takayan,Neutral,2020,0.679,0.484,
6Dykb3VkXD2ZarcbncAKvC,I am Dust,Hyperduck Soundworks,Neutral,2012,0.194,0.495,
2NrtoMXq2lyxCEMjFoFNMa,Rain Flakes,Perfume Monster,Neutral,2015,0.369,0.528,
0u0A1D0ZSt37u1K8e2DDWC,Spock on MUNI,Grass Widow,Neutral,2012,0.485,0.881,
2zpYLroyYAO0j2veo2JDqh,Moving On With My Heart,George Romeo,Neutral,2015,0.344,0.548,
1MhBk3075pVTwzgiFgNPdW,Council Estate,Hard Skin,Neutral,2013,0.524,0.822,
7xYujNKyzPN7flAdQ0a8Rw,Sad Song,Offenbach,Neutral,2012,0.511,0.68,
1O939F9b5Vl0owX9YWCVrC,Dead Alive - Flipped,The Shins,Neutral,2018,0.262,0.489,
0QNVCiHJR7wwQKwrKxDy1e,Hero,SISTERS,Neutral,2017,0.11,0.5,
3qvkw4E03OxkUyXfTRGW4k,"The Lark in the Clear Air, Pt. 1",Paul Walker & Karen Pfeiffer,Neutral,2018,0.632,0.305,
0Ah0SETQxHh911mOQWav7G,Time to Work,Steve Moore,Neutral,2017,0.058,0.549,
3CRe8KzjVhw3KfP4eAanPi,La Muerte Di Gardenier,Miracle Legion,Neutral,2016,0.541,0.727,
4zIluKsTbacNfYtwWPgeWV,Be My Lover,Alice Cooper,Neutral,2015,0.554,0.434,
4dABc4psNXoEnInSzAyqTc,Evasion,Atomik Circus,Neutral,2020,0.645,0.252,
7b9ljUBg0px3grgC9eRYtB,Creativity Boost,Extra Terra,Neutral,2019,0.034,0.504,
6TiWxGIucXdRzG7tctU8QO,Mistlefoot,The Apple Sisters,Neutral,2013,0.52,0.512,
3ZQ0Iqft3DTwSZP8dT9A4I,Daydream Believer,The Monkees,Neutral,2017,0.649,0.488,
1an3JuxakCklsLRppBxFLp,Dave’s Song,Whitney,Neutral,2016,0.357,0.466,
0wcw85XtEBjJHiF1gzKSov,Sunlight.,Jelani Imani,Neutral,2020,0.88,0.293,
4ELv59y72TeWWN54PKBDMK,The Fear Within,Lunatic Soul,Neutral,2014,0.065,0.515,
0aYiVnTIw0BVTdyK9CYkhd,sans.,Fifth House Ensemble,Neutral,2020,0.979,0.51,
1YlE4mfY3WoNWd8IJ3zdl4,Invisible,Max Barskih,Neutral,2012,0.491,0.692,
2ClEi2mFfo7MR61YGqSrxn,Bubborn,James Shinra,Neutral,2018,0.698,0.121,
7tzsSeZR69Jqcrl7Tzo8rK,Nr. 6 in d minor - Presto e Furioso,Thomas Trondhjem,Neutral,2013,0.456,0.194,
3pQGRu74pX8R3wx53DjWCS,observe,Hachigatsu Ni Yuki,Neutral,2019,0.492,0.587,
2EPCorjJGzIUQ7R9pYFnEO,Shiny Divider,Nicole Mitchell,Neutral,2017,0.226,0.501,
0xG4gdBtTlO6qHKPasdvZy,ART SCHOOL CRUSH,NNAMDÏ,Neutral,2013,0.814,0.481,
7cQZnSlQPNnp9XCL9CYryG,Zokuso,David Kuckhermann,Neutral,2012,0.613,0.28,
5hSHVYfsUEMX6JQhtBnIYG,Let's Go to War,Katie Malco,Neutral,2020,0.229,0.496,
4EYSqqwT9vyvS1IfIKEqQM,Sick Of Your Game,North Rebellion,Neutral,2020,0.46,0.912,
4Uy1AWYKAwvSVjOrAg03aT,Wait,Lil Ronny Motha F,Neutral,2017,0.37,0.48,
42w9LIQrJC6E5sd8c8YP0D,No Mas,Mugg Mann,Neutral,2020,0.503,0.531,
7qeS2aRrgfv3vHMSpKxHsb,Mirarhaciadentro,Flitter,Neutral,2015,0.504,0.925,
4vrXFUjxnO9A5Qm3HhiXMM,Mister Wise Guy,Emmaline,Neutral,2019,0.487,0.504,
6AoN4dgaaD0BRdV9xAPxXx,Sunshine and Mountains Get Me High,Rainbow Room,Neutral,2018,0.962,0.472,
31n9geH4FMdsjUjcPIcOcu,"Keyboard Suite No. 7 (Set I) in G Minor, HWV 432: V. Gigue",George Frideric Handel,Neutral,2013,0.921,0.452,
5ZL4wtd9AMg0Ii4nh4HuTf,Savior,3 Kisses,Neutral,2017,0.522,0.937,
0zbiI9sPuiv1pjAP7FM2Ts,当爱情经过的时候,四叶草,Neutral,2017,0.405,0.465,
2vXggDDpUNF8r7eGvxccWx,Lila,Annette Hanshaw,Neutral,2014,0.732,0.298,
7MpUTfEJJGKxmEFwpcG1Do,Liz’s Song,Al Berard,Neutral,2014,0.514,0.759,
6hdgbTv34foB84dl17IqAZ,Car Chase,Marco Beltrami,Neutral,2017,0.083,0.505,
5wbJAYsmAKh51Z8K09ZiSx,River At Work,Asa Tone,Neutral,2020,0.931,0.335,
7kibJWBWcIw27pwmqSuAc1,The Wreckage,The Last Hombres,Neutral,2014,0.506,0.511,
6LT3P4zxrzrlOgx2jMQuv3,Old Friend,Lou Shields,Neutral,2019,0.852,0.388,
3Be9azjvPZfAl4nMCXnqep,I'd Really Love to See You Tonight,John Ford Coley,Neutral,2013,0.26,0.478,
67uc5Wj4VtOs7O5yLH2vHK,Holy Man (Hunt),Todd Masten,Neutral,2018,0.371,0.538,
129MCVrbtVW9SJtbEaBTFi,Snow Beach,Chase Moore,Neutral,2019,0.592,0.489,
37uNNtNuKqnGjIC3aPcEen,Walk in the Park,Steve Clarke,Neutral,2016,0.461,0.362,
1RA7irvuhpJRNrv1jgyCNe,Fade to Light,VOLO,Neutral,2018,0.064,0.496,
7dcjqDhnzD326FN2V93AlZ,True,Spandau Ballet,Neutral,2018,0.346,0.545,
2kdlfGRa6PPAjz38PyPF4O,No Service,Hellbound Glory,Neutral,2018,0.749,0.519,
41z8n1lCTn1o8qnzKh99wY,Ohio,Lunar Glare,Neutral,2018,0.223,0.516,
3ks7HBpoLsTDedEEaStt0B,Arrival of the Cannabinoids,Andy Colvin,Neutral,2015,0.794,0.431,
5kD9y6w3lEsXrlbalKYZG5,Let's Paint the World,Tryhardninja,Neutral,2017,0.467,0.817,
1IIHODa06olyt7oAZpgJ0Q,Don't Feel No Way,Dhaima,Neutral,2020,0.736,0.491,
3O0yQ2E3DWpb9FX1m8OyGF,Cuz I Feel Like It,Yella Beezy,Neutral,2017,0.657,0.547,
3MgztHRPUYCiIcJSamRP5M,Fleshcrawl - Live In Chicago,Autopsy,Neutral,2020,0.043,0.513,
2EoDC25BVIiTYTdvZvgKis,The Wrath of Dorath,Revolt Production Music,Neutral,2015,0.487,0.799,
14AXT8Yl7oqtWmEQs0K2td,Words Are Not Enough,Frehleys Comet,Neutral,2019,0.524,0.755,
6ZmtxXUXRVjxOhugKkmerC,Dil Mere,The Local Train,Neutral,2015,0.572,0.473,
73jDAczXT91APHDCP6v4CY,Spiritual War Stories,Dylan James,Neutral,2016,0.485,0.826,
2vFi3Lw8Q3NotNx7jaBIuk,Burning Me Inside,Pastilla,Neutral,2017,0.648,0.463,
50xh8vIxoys6xsGd9Dsaw4,Tabi no Kyokuhoku,Ryuichi Sakamoto,Neutral,2015,0.468,0.41,
721zLDvXO0PmGjVCKqno5c,Pendulum,Royce Da 5\9,Neutral,2020,0.481,0.572,
678LQiRTehgW2RGk0kpMX0,Spells in the Well,George Trakis,Neutral,2013,0.66,0.317,
7b6S3f0tPoh1lFy7SQZd3v,Rise,Aittala,Neutral,2016,0.514,0.951,
0mFzH1q62MNcGt8QGYEYIu,I'll Never Be Happy Again,Eleanor Friedberger,Neutral,2013,0.201,0.487,
3bRGXcuVGOkfBNJke9IgvR,Ton cadeau,Maryse Letarte,Neutral,2015,0.498,0.447,
65dS9Pg5o4jfkKB6inBhwx,Weep Not,R-Juna,Neutral,2019,0.473,0.388,
4K1H4pt8kTppT2nxkGd5UZ,Jodeci,Napoleon Da Legend,Neutral,2018,0.663,0.494,
6OW9b1kktvy6BVuSQnmxeq,Jehovah Sabaoth Intro (Plagues),Donald Lawrence,Neutral,2019,0.171,0.506,
4EspT8PwXWgr9xPo7zOMhO,Hollywood,America,Neutral,2015,0.568,0.455,
7FyImG1T5kIuktHiSMmTP6,Work,Dumbfoundead,Neutral,2012,0.462,0.87,
0zh4UsKtESn0jq9nstzx0u,Fields,Giveon,Neutral,2018,0.225,0.498,
2xxq5LXFBFyawPChsOOWVu,El Amor de Mi Vida,La Adictiva Banda San José de Mesillas,Neutral,2019,0.786,0.503,
6xnVvqX8EIWHaDnJDBI5Pa,The Satin Box,Noir,Neutral,2013,0.42,0.493,
21mGtYdYccC41aELH2Wu0M,Love Will Find a Way I,Shawn James,Neutral,2019,0.246,0.542,
2czl4J3FEB3blBIN5SoQ4a,Sweet Surrender,Tim Buckley,Neutral,2019,0.52,0.371,
4zVf5vZbmF1WQhnZPj6Rmn,I Will Follow You Into the Dark,Peregrin,Neutral,2015,0.589,0.499,
0t59EOp71Etp6peLg0rpk2,We All Know,Twang and Round,Neutral,2020,0.237,0.472,
0P9Wr09WjN6ljQRGoVem9q,San Antonio Rose,Catherine Reed,Neutral,2016,0.67,0.4,
7DeoryzO68snpxeDtUhiDQ,Love Sucks,Dhruva Aliman,Neutral,2014,0.49,0.624,
4o5riFrjmHVBVao6LJF2KO,Overseer Overture - Stereo Mix,Jethro Tull,Neutral,2014,0.647,0.535,
5FYZOuwVbvJHCIE0KEwlpC,Trying Times,Demon Hunter,Neutral,2017,0.45,0.881,
3fCjm2URbeq1uZ1ZzwSpIt,Spilt Whiskey,Giyo,Neutral,2017,0.418,0.451,
13mLSbSiAjxXzKw0FoJ9Nj,Jefferson and Liberty,Lee Murdock,Neutral,2012,0.817,0.377,
42QerIBOSfW3v37hSvl6Il,No Air,Tar Heel Voices,Neutral,2013,0.452,0.594,
59xrVXBUKzpfPxsAGzPKo6,Step Back,The Coathangers,Neutral,2019,0.638,0.479,
0fvEiKQQ9kQr6YEPKkqGZg,Glory in the Meeting House,Eden MacAdam-Somer,Neutral,2015,0.935,0.389,
361roewOcWEB5b16lpaLJF,The First Noel,Planetshakers,Neutral,2019,0.48,0.557,
3FCXuJ78fwKx8IslpHU5Nm,Party Girl,StaySolidRocky,Neutral,2020,0.621,0.431,
2i6NCE4hfPFSsEmWbWKQMR,Galway Bay / The Drunken Sailor - Live,Kevin Burke,Neutral,2018,0.969,0.423,
78oLawx2EcUdFgfJRmIsiU,Saturday Night in the Village,Brian Bromberg,Neutral,2016,0.36,0.473,
6GgrL3xElxD9Th2SDfPsHd,Triangle Walks - Live,Fever Ray,Neutral,2019,0.521,0.826,
5sCNgfQOKWSRYRrzXrGQkA,Dior Kisses (feat. JGreen),Derek King,Neutral,2020,0.411,0.473,
1CzhW7ohSvWYMAyerNxXv0,Rotten Apples,Sensi,Neutral,2018,0.961,0.39,
6MKsa8IVUy2qRhkyymgZYr,Love (Can Make You Happy),Mercy,Neutral,2018,0.482,0.355,
3RpJh2yMZk6jm0nsu30ehQ,Momi Likes Her Boy,Organ Explosion,Neutral,2014,0.576,0.545,
2QeF8tHkuYdYYSwdDnaT4M,Los Tamarindos,Arturo Villela,Neutral,2015,0.455,0.366,
4t3fKOatdIOo7ZFSqPlf5f,My Song (feat. Alan Doyle),Glass Tiger,Neutral,2018,0.543,0.784,
5C9ejh1Sa7lBRbrQH3WN39,"Divertimento: V. Turkey Trot. Allegretto, ben misurato",Leonard Bernstein,Neutral,2018,0.555,0.022,
4kArZXE0TyxTJ3GbUNgnZ5,Well Below the Valley,Sharon Knight,Neutral,2013,0.57,0.529,
18seZ3yFkOtb53GovwOBUt,Off with a Reprimand,Hor,Neutral,2014,0.436,0.534,
7hpmEcY3sGMDGA3m0CKJzw,Eatndoggyfood,VRITRA,Neutral,2016,0.462,0.563,
7ao2LCmfEZMt2qKs5RZxFm,I See You (feat. Vikter Duplaix),Cuebur,Neutral,2019,0.451,0.393,
01QKyr9reIIlG3PVIuIDFe,Ambition - Mixed,Mason Maynard,Neutral,2017,0.474,0.726,
7sUrbAJOK7vBt4uD6AzfFe,The Man Who Thought Death Was Dying,spielgusher,Neutral,2012,0.685,0.406,
7ow26hlhCQfG3TfbLKSuIV,Fuck That,Peter Pepper,Neutral,2012,0.475,0.822,
4vZOoSFplBM0WqRrxnehgG,One Two,Ugly God,Neutral,2019,0.156,0.519,
0LmVG64In30d2DdNsHVZ7r,Industrial Bitch,Die System,Neutral,2015,0.49,0.675,
7jEThn3zwV7okYgf1Tn0hb,"Feelings of Forever (feat. Christeena Michelle Riggs, Justin Williams & Millennium Choir)",Lex de Azevedo,Neutral,2016,0.07,0.465,
3BHHgRBpCpQV5QQ5FfS3B2,Disappearing Act,Trent Reznor and Atticus Ross,Neutral,2016,0.83,0.346,
0r1K27I0zfsXDv4wUwnWY9,"Flute Quartet No. 4 in A Major, K. 298: I. Andante",Wolfgang Amadeus Mozart,Neutral,2013,0.658,0.1,
2LM14Gbvm1lKHWCHjfGMzs,Fucc Yo Opinion - Remix,Spice 1,Neutral,2020,0.582,0.512,
7A8lQrKj6601AbYQIN0fIK,Big City,The Dena DeRose Trio,Neutral,2014,0.72,0.327,
6bpPnOgHTPte4WrnDMWVQY,Stir It Up,Bertie Higgins,Neutral,2016,0.892,0.404,
4xMsu8KAbeOI6SjgPW3TYC,Hydro,Zeroh,Neutral,2020,0.096,0.547,
63FYqD3eTRaBtwAqUV04FQ,Anhedonia,This Hisses,Neutral,2013,0.159,0.458,
7J5uWgdaXAr8JmB4mlR9lP,Pooling Acid,Tin Man,Neutral,2017,0.453,0.694,
1cOm7LNCe10EvOX8SH4Udq,Esta Mujer,La Rumorosa,Neutral,2015,0.49,0.371,
42SAToPGbH9j22YKcnadHG,Radio Rhythm,Various Artists,Neutral,2003,0.668,0.285,
3mSXmCvKCcptx5H3QsJ9zN,Garden,Verbow,Neutral,2000,0.039,0.483,
1XQVnHDe8aNHNPF6qvC8I8,Merrilees Lane,Emma Beaton & Celtic Chaos,Neutral,2008,0.503,0.318,
0L4TKEswCqMdhLEM34xevg,In Your Arms,Burnt,Neutral,2009,0.967,0.426,
5fEQZ1yfzl6bjrZoZ0kzCJ,Muerto De Amor,Ana Belén,Neutral,1998,0.459,0.593,
6ep1j1dFVX2KAsOuQkSEDF,"It's Whiskey, Rye Whiskey",Oscar Brand and the Souses,Neutral,2009,0.811,0.262,
31woN5bPQLa9nEn48q7cfN,La Matelotte,Anonymous,Neutral,2004,0.483,0.177,
7vTXYelLQfFinOJPO6pijs,What's Up In Your World,Dazz Band,Neutral,2002,0.645,0.505,
0WLb7yIUF7ca0sFE4H2vqy,Where Is the Circle?,Lisbeth Quartet,Neutral,2009,0.615,0.294,
6PtNRmPhBaLM58XijH7LzZ,11 Easy Steps,Trout Fishing in America,Neutral,1998,0.311,0.513,
0oH7ZWV2Bm4v3b4VHmKCbB,I Wish I Would Know How,Ida Sand,Neutral,2011,0.317,0.494,
2SMIBmUikuK6prkKGWKjud,"We Live A Long, Long Time",Jimmy Murphy,Neutral,2002,0.776,0.427,
4hfj8mhOrq9UCHAXB9mCQD,Pretty Freak,Leah Andreone,Neutral,1998,0.196,0.51,
2CKCxozeTDCfh6zrnYDCAk,500 Hurts,Nod,Neutral,1998,0.389,0.549,
2BMbufsmTG5ldv37rFNANJ,Bad Mr. Kurtz,Rubblebucket,Neutral,2009,0.453,0.749,
1eQUWhY90lswidtFV52rQo,Hide Me,Bailey,Neutral,2011,0.698,0.526,
16sZx2QT1tTyu8iDOBYhRG,Apes-Ma,Captain Beefheart,Neutral,1995,0.6,0.085,
4zSvqMbMKsyEVuiKXMY44O,It's The Most Wonderful Time Of The Year,Andy Williams,Neutral,1987,0.686,0.482,
2CYGt1wYIiU5bQPlnLnsYf,Wondering (remix),Eight Two,Neutral,2010,0.751,0.375,
0nGNluP06mhVkgPjSu3IBT,Blood of My Heart (feat. Denizen Kane & Big Drew),Power Struggle,Neutral,2010,0.502,0.807,
0QJAP3KlfnALSaqKepx9xU,Weapons in Sand,The Stock Market Crash,Neutral,2006,0.262,0.464,
6PhxEdIa9GYkwLJ6YTpirW,Memories Of You,The Chenille Sisters,Neutral,2007,0.506,0.593,
381NAcMA7V7N0NxC1iGwKl,"Art of Fugue, BWV 1080",Gustav Leonhardt,Neutral,2006,0.466,0.754,
39SHjPPvNVW2H9rSsGGOPD,"Another Brick in the Wall, Pt. 1, 2, 3",Korn,Neutral,2004,0.09,0.496,
2WPD90AxS1ccHXTqnro5jU,Skref,Stafrænn Hákon,Neutral,2002,0.039,0.525,
2mWOTgPXz3nBg6J6NpOjf6,Stroller Town,Jonathan Coulton,Neutral,2006,0.917,0.524,
1YzHX06lRLpQc0ukYHJF12,Sleepwalking,Cranes,Neutral,2008,0.046,0.522,
0VCxnMdEmqM4SVc5TXcmIV,War Pigs,Cake,Neutral,2007,0.465,0.552,
5TeETcdZd5LpNhCEeasJ35,Silver Lining,Garfunkel and Oates,Neutral,2009,0.842,0.255,
1VZwUfajBQAT3TdRDP3G4g,"Piano Sonata in C Major, Op. 2, No. 3: IV. Allegro assai",Ludwig van Beethoven,Neutral,1999,0.617,0.239,
0iLMFbQaj4bllJvfbd3pBo,Played Twice,Fleischer Jünemann Quartet,Neutral,1980,0.467,0.253,
20wMvNOK18AT9hJzzwgOlP,The Life: You Can't Get to Heaven,Cy Coleman,Neutral,1997,0.619,0.409,
7wwTH4DzHzsj7SdP7h0oUH,Weave Room Blues,Fisher Hendley,Neutral,2006,0.652,0.237,
28Cd2rpmuwmCAKC1eTNQxx,Panj,Chronomad,Neutral,2004,0.46,0.487,
2kegWRe0IJc701xIE5Ra27,"Rhapsody on a Theme of Pagnini in A Minor , Op. 43: Variation. No. 3, L'istesso tempo",Sergei Rachmaninoff,Neutral,2011,0.937,0.043,
2Fa3PVfXdT2wfmZxpRpsbt,No Me Amenaces,José Alfredo Jimenez,Neutral,1999,0.623,0.368,
5SIz0SBL6WgNe5p5f0bIJ3,"Matthäus Passion, BWV 244: Chori, ""Ja nicht auf das Fest""",Johann Sebastian Bach,Neutral,2007,0.0,0.514,
5GLCuomw8ufWCtwPs1u1JJ,Haunted House Bear,Shotgun Party,Neutral,2007,0.537,0.393,
48dZyA3WhgDyFSDJPcfz73,Hark! The Hearld Angels Sing,Music Circle Band,Neutral,2009,0.689,0.306,
6M3IPJ5ORL2Ed039JhYyq3,Here and Somewhere Else,The Samples,Neutral,1998,0.566,0.415,
3jcFP5hVmTRtyJUwWe9K3x,900 Miles,Clodhopper,Neutral,2010,0.548,0.743,
23ir3JV2amAQdji0ji1RbH,you never know,Bernhard Lackner,Neutral,2006,0.587,0.472,
1pvWlpcm2MfCCXNSJa1lFX,Keyboard Sonata No. 73 in D Major: Harpsichord Sonata No. 73 in D Major,Antonio Soler,Neutral,1999,0.873,0.401,
1s38sPu8OrtQ9R7aRPSJxD,Why Can't We Love Each Other,Juliana Hatfield,Neutral,2010,0.767,0.303,
20SxlNGaPDzM023cPjamm0,Ghetto Maybeline,Johnny Ca$h,Neutral,2011,0.743,0.53,
6orgFc7OMaTd2mQbQU4egy,Leavin' Alone,Adrianne,Neutral,2005,0.528,0.315,
1faAOKW0jJYn2Aezf5uFEv,"Overture (Suite) No. 1 in C Major, BWV 1066 (arr. E. Gloeden): III. Gavotte I - II",Johann Sebastian Bach,Neutral,2000,0.952,0.314,
5jsluw5xzp7KDIcNDGbCPI,Botany Is tha Block,Botany Boyz,Neutral,1997,0.848,0.495,
49rQfhegqKtRBgPmsvKRyq,You Could Know As Much,Gene Watson,Neutral,2005,0.704,0.499,
5xV3eaV0Ij6UcrpXAkbIPG,Einstein's Brain,Nathan Caswell,Neutral,2003,0.548,0.451,
48eEYwzHJfRDeLGdFWXL5r,Gaîté parisienne: Polka,Jacques Offenbach,Neutral,1995,0.516,0.132,
05Ci0AZz62s9tg1BWO1y4t,Setup,Via Audio,Neutral,2005,0.191,0.481,
43dQTsF1nKCO7AH1KP1l5v,500 Años,TARZAN,Neutral,1994,0.526,0.905,
6pqmeiIG8uhkMWTGzl1QQn,"Baby, Please Don't Go",Ted Nugent,Neutral,1981,0.535,0.825,
6Cjct2gHIFWrTzdXGvADbD,Show Your Teeth,The Christmas Lights,Neutral,2008,0.728,0.479,
1WDULJPoiC6NqbzB78yDFl,"String Quartet No. 54 in B-Flat Major, Op. 71, No. 1, Hob.III:69: III. Menuetto: Allegretto",Franz Joseph Haydn,Neutral,1990,0.52,0.023,
4ZKkH41WZV75v91cQwViad,"D'Agostino, Gigi",Gigi DAgostino,Neutral,2006,0.542,0.753,
0eNsziKTUPBWxmuwO1aC1J,A Better Man,Ogie Alcasid,Neutral,2009,0.19,0.503,
6Vo22tElHgtJD3VTPoE1PH,Rhythm-A-Ning,Esbjörn Svensson Trio,Neutral,2000,0.599,0.387,
5jcGXTNNg2og7X6oGsuVUt,Caminito de Contreras,Lucha Reyes,Neutral,2000,0.829,0.499,
5UfGIHdQckPtvbZsYJgpKZ,Hamsta My Dear,Original Hamster,Neutral,2005,0.828,0.46,
4tTOMONuB8ztnlnCOso167,Sleepy Head,Firecracker Jazz Band,Neutral,2007,0.643,0.436,
2iWPmdf6A0xVIH7APrpeoC,Tra Veglia e Sonno,Al Fabrizio & Hugo Wainzinger,Neutral,1998,0.96,0.528,
0vCuS7ckBat4b3jQOGyEOq,Coat of Many Colors,Dolly Parton,Neutral,2003,0.742,0.269,
46Q9SWK8agi0TE3SGY1TQ6,She's Got Somethin' On Me,Cedric Burnside,Neutral,2008,0.526,0.333,
4knJwvWM1HNVXWpi0mXMTT,Don't Miss the Water,3 Legged Dawg,Neutral,2011,0.46,0.632,
1Ak5xoamWFpo49N4ym1lIY,Bizarre Love Triangle - Split Mix,Days Of Fate,Neutral,2002,0.481,0.803,
1OgWF2s0NmlGbwMkejwRMR,"Ghost Under Rocks (Live at The Echo, September 25, 2008)",Ra Ra Riot,Neutral,2008,0.482,0.932,
3spGAtWW38vs4IpznXwp3g,A Little Hey Dad,Dave Moore,Neutral,1990,0.697,0.247,
1yj2Dz4Ai4OlZpdrlL5SqA,Cree en Dios,Narco,Neutral,2008,0.503,0.956,
6XCUr0TjFnVtinEg4KClRi,Pretty Me,Vanities,Neutral,2003,0.475,0.904,
211E4X0yj4GQ3SbspAmiK3,Why Don't You Tell Me So,Curly Seckler,Neutral,2005,0.495,0.254,
7Gib4jDwmTRVjdiABMq0KR,The Wrong Order,SJ Esau,Neutral,2007,0.203,0.525,
1K0l6IAQJsthCflYw2sumw,Another World - Live,See Colin Slash,Neutral,2008,0.512,0.49,
2XG88OheKsgCOrD7EIrdWc,Stealin',Olga,Neutral,2006,0.61,0.45,
1E6Qa9yY1tSxckZdolFKx6,Same River Twice,Darryl Purpose,Neutral,1997,0.471,0.393,
7aX64qY3uWq6kIt7aCisV1,Dangerous Times,Chuck Brodsky,Neutral,2004,0.64,0.443,
6VkVvSDc453AB7CdK4Njod,In This Town,The Wood Floors,Neutral,2008,0.64,0.523,
6qUttcMFrM3bos6vVmrLrr,Brace Face,One for the Team,Neutral,2009,0.527,0.673,
0vdAnUdLPFnmrdYVjCyqwr,Nicotine & Gravy,Pickin On Series,Neutral,2005,0.829,0.318,
3dXQ2NI63LwZg9dseh1Ahi,Rajah Quilt,Cathy Miller,Neutral,2000,0.489,0.364,
1b29WdQjYEjFpke22cXcwT,Record Commercial,Don Reno,Neutral,2005,0.877,0.169,
0XrRcI94eeGQu8VCKqLpr6,Aparecida,A.C. Jobim,Neutral,2004,0.593,0.444,
3so9YA3LbfATOsObwoQ0eO,Eat Yr Heart,HTRK,Neutral,2011,0.31,0.519,
6sJDs1rGCii3DIk4sM39wO,Addah Polka,Frank H. Losey,Neutral,2009,0.472,0.093,
7H0EpjbO9eCBVpsIBJs5YV,Music for 18 Musicians: Section VIII,Steve Reich,Neutral,2007,0.517,0.394,
5ImFfN2J21XzcXQUkuYdgB,Ces choses-là,Marie Denise Pelletier,Neutral,2011,0.068,0.454,
7buNQkOEvOcrKjqLHX55V2,I'm an Addict,Sarah Guthrie,Neutral,2003,0.837,0.275,
5FZqdmYItM5A2DneORjQaw,"Guillo, pran ton tamborin!",Traditional,Neutral,2011,0.739,0.171,
4IJRo7iHgO3USwGhDLgfzc,Carry On,Soulganic,Neutral,2010,0.609,0.452,
1g60pTgWJMdn4v4e0S4pwR,Friday Afternoon,Laverne Butler,Neutral,1994,0.54,0.34,
3wFgl14ocjAwVsBcWr4VmT,No Hay Aire - Versión Grupera,Gisselle,Neutral,2002,0.544,0.648,
5SmApT0v0sjtbEUbllESM8,End of the World,Southern Gentlemen,Neutral,2008,0.481,0.799,
2aGDqf0qZ2sp0iMJDhkgZc,Swing Jig,Ray Brown / John Clayton,Neutral,1989,0.463,0.326,
5QIJyCYzFJ3aYj5oMgDuKo,Prayer #52,Ten Cats Laughing,Neutral,2006,0.96,0.415,
2kQ8QEDaMtLk9z1ZEkfcOB,To Love Somebody,Nina Simone,Neutral,1961,0.543,0.484,
5vYjzg2eXz6R7iYab4NKLN,Somebody Stole My Gal,Fred Elizalde,Neutral,2007,0.933,0.347,
3IP2UScjrHeDa1gEM1xTme,Trail To Your Heart (Sailing Without A Sail),Bill LaBounty,Neutral,1979,0.706,0.415,
4dbkCQhRO9e2NZh7O6D7kt,Thank You,The Remains,Neutral,1966,0.527,0.467,
3hfqwHXcRLq6BSneRpEdtm,The Diary of Horace Wimp,Electric Light Orchestra,Neutral,1979,0.619,0.494,
0Cm5Y23bCocW0FHJBX99ef,Stop Control,Segismundo Toxicómano,Surprise,2015,0.961,0.978,
0zGaOUlpJERDjy2VFyKCeA,Love Is Our Cross to Bear,John Gorka,Surprise,2016,0.588,0.698,
75ah8tE0II1zeTWKGOLHax,Shine On,Azure Blue,Surprise,2019,0.67,0.866,
4njoBUd8regrv78W3abc8l,"¡Corre, Corre!",Leño,Surprise,2018,0.648,0.959,
4vTWoqJGoTWUGlWatJbhZ5,SoFine,Guru Griff,Surprise,2017,0.961,0.589,
1VqwnoRt6vzSq9akUIqOLn,Anytime,Country Westerns,Surprise,2020,0.652,0.937,
3ZLMfoidYegFbzKI6i0R7s,Open the Gate (A Tribute to Gatemouth Brown),Tony Black,Surprise,2014,0.637,0.866,
1LfuM5BRMvZZ0vKbn7VYNQ,Challenges,Joe Cash Mahall,Surprise,2020,0.73,0.728,
1pd4Clp1a4m07kB57GXjvJ,THERAPY,polearm,Surprise,2020,0.716,0.561,
0C4iElNAu5zQ0RgaQXvOdl,Customized (Sax Tape) [Bonus Track],Shadowy Men On A Shadowy Planet,Surprise,2016,0.627,0.741,
5kSAmtLM0sjnSFPp35hbHm,Oldma,Iamdred,Surprise,2016,0.644,0.891,
4WUArmoJ0tcXLmCLZrU4ZG,Rattler's Revival - (featuring the Honeybear Horns),Toadies,Surprise,2013,0.638,0.949,
2AFG18Ce4ue7fn6EKGjASg,Aggretsuko - Instrumental,Starrysky,Surprise,2020,0.654,0.901,
412DyHrVjSUBrpDjkyIOmu,Donne,Marie-Mai,Surprise,2014,0.659,0.88,
2dqWXhlRvAodBMWDnRxFsA,I Like To Hear Them Preach It,Lillie Mae,Surprise,2016,0.659,0.692,
7LCoJTFqDiYrDJSsMZhh2l,Falling Down (feat. Sheng Xia),Red Leaf Songs,Surprise,2015,0.597,0.583,
61qDKByJMYbbCj8rFR8xY7,I Used to Love H.E.R. 2012 (Interlude),Hydro,Surprise,2012,0.749,0.816,
2V66YW2zw1p7yGYzIf7G38,A Million Dollars for Christmas,The Andersons!,Surprise,2012,0.567,0.728,
2QENPLMCZyWi1bKiAB1QTO,Fuel My Fire,The Prodigy,Surprise,2012,0.682,0.955,
2Y2VABrQqR9I5CDbXDv2EY,Linechecker,MiSLeD,Surprise,2012,0.583,0.937,
6lNpSXXuQr69PII7ioFOHE,Run Boy Run,DeWayne Wear,Surprise,2016,0.873,0.593,
1haVjiYcWoyaYxfI3901lb,He's Moving On - Single Version; 2013 Remaster,Dionne Warwick,Surprise,2018,0.762,0.617,
4YxgGLvjMJluQfQCtEADZq,Feels of Fire,David J Caron,Surprise,2012,0.675,0.92,
54lTwHgMSjiYpJJ3DiXc0n,Pop Corn (Live),Massiv In Mensch,Surprise,2013,0.594,0.925,
5eklhE0x00ri4IEctCHHbD,Up and Down,The Reputations,Surprise,2017,0.954,0.905,
4GwCQpdFCh8QIYFppXfak9,99 Revolutions,Green Day,Surprise,2012,0.669,0.949,
5Ln0cirm5tlyh5IuONiU7O,"Goodnews (Parody of ""Footloose"")",ApologetiX,Surprise,2014,0.868,0.849,
5nqtQQ7ffQlMCvfjD4Su2F,Agitador,Bluesmog!,Surprise,2018,0.561,0.68,
1XO91Ch2WYWZWFzybX7zqc,Prison Walls,Watermelon Slim & The Workers,Surprise,2013,0.649,0.893,
74qnubz7qQ75YzqC9dKUKp,Little Drummer Boy,Natalie MacMaster,Surprise,2016,0.688,0.592,
3Zesl23zBo7VF2PbyJVsIW,Don't Give It Up,Milagro Saints,Surprise,2012,0.607,0.752,
4OpQIfmJS05wKefcCqLig6,Them There Eyes - Live,Beth Hart,Surprise,2014,0.849,0.921,
3M35Cu9Cbkdq6lakYClYxo,It's Not Funny,Tinsley Ellis,Surprise,2014,0.928,0.911,
6atfUTl4ZfphkD9Z9NNOtt,Road Rise Up,Stormcellar,Surprise,2012,0.955,0.757,
5pTdzNFPtP2OHbnY2WnV1E,Hands Part 1 (feat. Stick Men),Pat Mastelotto,Surprise,2012,0.673,0.847,
6v4ksTecq9bo8mqHPQKowe,Traveling,Tennis,Surprise,2012,0.775,0.884,
4ozZXnog1fbZsVLDErFX1X,Talk About the Past - 7-Inch Version,The Wake,Surprise,2015,0.803,0.76,
726d6NY4zGA61j8YknGZJt,No Somos Nada - Edición 2019,La Polla Records,Surprise,2019,0.681,0.903,
3QTa9hb6mY1G1rLOjL517R,Dicen,La Beriso,Surprise,2018,0.704,0.751,
58tGCdL4BEpGhqmi0NFeZ1,Under the Sun,InTechnicolour,Surprise,2020,0.649,0.736,
6jOqz4JvPMqXj3bn0OlT83,Pirate Metal Drinking Crew,Alestorm,Surprise,2020,0.719,0.948,
2bbfXi70eYYGTkOY0XuRq8,That’s A Lifestyle,Dirty Projectors,Surprise,2018,0.739,0.582,
4STjNobYrUYvjATZU9Ikme,The One,Tim McGraw,Surprise,2012,0.746,0.87,
5REQI9ORBxkwoGpN39cpbH,All She Wants,Outbound Calling,Surprise,2018,0.835,0.684,
3kuOMfgFPq7jR2O1qMS6qe,The Feeling,Spissy,Surprise,2016,0.778,0.892,
1J2XhYZlOOwipTwp6tYwtd,We All Just Wanna,Gnarcissists,Surprise,2018,0.774,0.877,
0avBnul3E6QZECvpPITHTm,Heaven Sent and Hell Bent (Brian's Last Rehearsal),The Holophonics,Surprise,2015,0.59,0.845,
5GRT1kBjuNDMZhG6BktaId,Hook And Line,Roscoe Holcomb,Surprise,2015,0.857,0.715,
4MFviNWj6ze0BR503yu2cz,I Saw The Light - Jim Eno Sessions,Spoon,Surprise,2017,0.616,0.76,
3aQwxVbCcd94hw1vA4N03r,We're Not Gonna Take It (Single Version),Twisted Sister,Surprise,2019,0.628,0.905,
4eaDaagiTDtxofzipHRIKy,Stiletto,Uri Caine Trio,Surprise,2015,0.646,0.655,
1L9mrG8kQmeZ7GtlMeea0D,Marissa,Missing Cats,Surprise,2012,0.79,0.932,
5QsnlRNop6FIH4taDZ12yA,Donald MacGillavry / O'Neill's Cavalry March,Silly Wizard,Surprise,2012,0.951,0.911,
7aZbLOPWrOjGIU6hg0DBGG,Aie Aie Aie,Quel Bordel!,Surprise,2015,0.904,0.649,
12dStk0FNN71eYqAEJk3xX,Starting Over,Hooray for Our Side,Surprise,2013,0.668,0.856,
32xAlwGD5ajg07M8eBDVcg,I'm Not Cheatin' Yet,Debbie Davies,Surprise,2015,0.926,0.719,
2scnq5RdoLD1MYIiw7xmDV,Wake Up,Join the Dead,Surprise,2014,0.579,0.958,
3Pgsb1WVVvQRXx9CwMl4N3,"Broke, Soaked and Dirty",JD Pinkus,Surprise,2018,0.582,0.625,
3dYA53zK2oO3lv9xUgvy28,Papá,Perroculo,Surprise,2020,0.878,0.619,
3mj6aQIDoGkSi38XsnxK2p,Subject,Dissension,Surprise,2012,0.69,0.856,
5m8YaFw8iGe1KVvWhWGhKk,Dancin' Down Below,Aaron Buchanan And The Cult Classics,Surprise,2017,0.67,0.931,
3sswH3PZcZ2OIHn9UlPYSm,What's Wrong with Me (feat. Edwin Michelson),Plunk,Surprise,2019,0.726,0.762,
0NaQSixyaaZKyWxNpxlM1L,Taxman,The Suburbs,Surprise,2013,0.762,0.717,
14M9VAKSyESQakIZTfklgQ,Shadow Blues,Scott Sharrard & the Brickyard Band,Surprise,2012,0.645,0.785,
0U8FuHu8jwu0vZQQR5KJjn,Hero,Jarekus Singleton,Surprise,2014,0.792,0.815,
1SXyIeZAY0inDnha5Z8gRH,Faster Pussycat,Josie Cotton,Surprise,2020,0.701,0.908,
2Hs6TgSf51t5JoZ7g943mt,Pilgrim,Circle Music,Surprise,2018,0.799,0.718,
38WNHFx6TnoHcuCGO5kuZS,WHO GIVES A FUCK WHAT YOU LIKE,Murder Junkies,Surprise,2013,0.768,0.895,
3TB79z0aolcxO6kjaBFK7u,trippin' (i like it),lojii,Surprise,2020,0.818,0.605,
2jySCu6TFbNbo4DBqLt64J,All I Have,Charlie Barnes,Surprise,2018,0.572,0.644,
5Sctd0McIX3IHmcmHLVsDL,Free,Kirra,Surprise,2020,0.709,0.83,
0fyodauTw18przKp2u7DQ7,For Now,Moaning,Surprise,2018,0.56,0.831,
4rxgUz9bNBwudvtyJe9yKo,Power Pony Up!,The Shake Ups,Surprise,2014,0.908,0.936,
1frbY46iE7sGNwqsvC9neV,Gotta Get You Outta My Head,Zorton and the Cannibals,Surprise,2017,0.798,0.938,
2PLCNONkfjbCwJ9GK6R8KB,Spend Christmas With You,Ayla Brown,Surprise,2014,0.683,0.735,
4haecls7x0Av13B1UcSq7X,Tout un party,Gros Camion,Surprise,2020,0.81,0.988,
2hGP9H6vtoXCxDFoiDevXe,The Thrill,LOVELORN DOLLS,Surprise,2014,0.675,0.891,
1vOYIc90kCFxlRdqCYLj3o,Metal Heavy Lady,Lions,Surprise,2020,0.759,0.66,
0ijm455DflPBNDo8jP4LUz,Midday Sun,Dave Hanson,Surprise,2016,0.709,0.796,
5zoHg8MimPLNLsnHJJSydX,Fun Mob,Tav Falco & Panther Burns,Surprise,2015,0.773,0.818,
1QRwPbRa0Qzbb1IZvvkycM,Know Me,Frankie Rose,Surprise,2012,0.705,0.731,
6hPidiLakoemgyX7WmsruN,The Nutcracker,Buku Broux,Surprise,2017,0.584,0.586,
4t13HYdKCQNI69YfgXbmDR,Tommy Blank ist tot (feat. Moses Pelham & Haudegen),Thomas D,Surprise,2013,0.607,0.801,
1op68OsFJJwindofNzW03N,The Drinking Song,Electric Angels,Surprise,2017,0.61,0.897,
2DZKWqIWeplHKYGZzlO3Eb,Angels,Moms Rocket,Surprise,2013,0.609,0.883,
5LHmw0n6BABpvOGV7ra6Qj,Higher,Change,Surprise,2020,0.814,0.729,
25nzZY6miSWx1Mat48xMQJ,Who Told My Wife,The Bluescasters,Surprise,2014,0.766,0.727,
1bFAfIkEvBAw2f0oIH9Kb9,Contrabando de Amor,2 minutos,Surprise,2019,0.691,0.964,
3Xn7SFjB5cLAQPKsVIBc2q,Yin Yang,USS (Ubiquitous Synergy Seeker),Surprise,2015,0.751,0.892,
5IRyMTzDhD3EgU78PngMox,"The Invaders (feat. War Generalz, Pariah Rebel & Masta Of Ceremoniez) [Alien Mix]",The White Shadow,Surprise,2019,0.765,0.933,
1aTKSlyQiIZiPO5COwXPJ0,Peppermint Patty,Hadden Sayers,Surprise,2018,0.749,0.858,
3oNU3VE9ZoBg6Nx0iM1AvH,Outsiders,Thunderbirds Are Now!,Surprise,2017,0.692,0.861,
4QFWXOjnSdx4v2YnqbordZ,Untitled 8,Captain Beefheart & His Magic Band,Surprise,2012,0.792,0.779,
2YpHPASd2C2czbTFPkXLh0,Tiros,La Beriso,Surprise,2018,0.685,0.858,
0hik2FRdye5G3SOY3xe3D7,Mosaico de Merengues: Blanca / Fiesta para Dos / Nena - En Vivo,Orquesta La Reunión,Surprise,2015,0.715,0.746,
1gmlgYBwzRLfJibOQSWpoo,Working for the Weekend - Remastered,Loverboy,Surprise,2014,0.786,0.909,
6XO1JGU9umiJod9BRPJ0nQ,No Te Acuerdas,Jessica Burgos,Surprise,2016,0.64,0.792,
22Cwm3FYb6AZVTYrqCvjbR,Hidden Charms - Live Version,Joe Bonamassa,Surprise,2015,0.563,0.965,
5qfjbeLrAAxCL5obuU9Xh9,Fragility,XP8,Surprise,2016,0.654,0.926,
0YS6s5xJ9D782L1lheSC0R,Alone Again,Age Of Evil,Surprise,2012,0.611,0.949,
2lNtIzYr89FJQItLOc7Px4,All You Pretty Vandals,Casey Neill & The Norway Rats,Surprise,2013,0.635,0.844,
4OBrZqJzkwdDaXoYVfmIw7,Outlaws & Outsiders,Cory Marks,Surprise,2019,0.629,0.866,
3GAN2OMZaZmyp8uwzN5MIS,Full Clip,Seven Spherez,Surprise,2018,0.811,0.799,
1j8OOrLRXR5Sz8avQeQUqa,Dragon Slayer,Ninja Sex Party,Surprise,2014,0.556,0.931,
70TrttkCMFmxciICkesNt2,Gonna Walk,Faster Pussycat,Surprise,2018,0.602,0.893,
4n7hmqP1tRYw6lfjV4YWW3,Call Me,closure.,Surprise,2020,0.553,0.71,
4aEtjYqdqtQHuyQro3oFiN,Bite My Tongue,King Khan and the Shrines,Surprise,2013,0.679,0.743,
6t1CRONm4d1cGUQPwlngMs,カゲロウ-album mix-,SCANDAL,Surprise,2017,0.675,0.867,
4kOn3clLaL1D0ECuiDZjRa,Sunset Dance,午夜乒乓,Surprise,2016,0.665,0.806,
3U15LQXGV49Ej1ufaXU6St,Little Girl - Live,Joe Bonamassa,Surprise,2018,0.873,0.894,
6QVUWQdAgv6S5B973Oh7tw,Lovers Apart,Blekbala Mujik,Surprise,2013,0.55,0.674,
6fDNY0V5c9V8I9tqxrrUcG,Why Get Up,The Citations,Surprise,2012,0.874,0.704,
23h3CoC3mKpofkncvvIEwm,Blankong Papel (feat. Aya),Smugglaz,Surprise,2015,0.591,0.98,
0ynMdz0BsYpaiemBi26rid,Hijos del Cañaveral,Residente,Surprise,2017,0.811,0.705,
11P7UDki5NP7oHP2UDxAXL,Uncertainty,INDIGO,Surprise,2020,0.637,0.875,
6NoDlXYjJ1YdRuzTGiu6cV,Rock the Nation (Live),Babylon A.D.,Surprise,2015,0.849,0.901,
2mrrxbm1Euziqbb2RAMRa3,Sister Golden Hair,America,Surprise,2018,0.714,0.76,
7Bj1TLrsxlh3xJr8Libkgl,A Quien Es Infiel,Gil y La Propuesta,Surprise,2016,0.821,0.657,
06cyBZMXDRj2f6EhqDRwVp,Relentless Grind,Epic Score,Surprise,2017,0.554,0.985,
7d541BtWcfQuKUC8TQpIQN,Little Bit a All Right,Big Sugar,Surprise,2012,0.587,0.681,
2WuUAQq85HeSlcm9uLPEhQ,Mental Destination (feat. Mets Phobic & Drop Vs.),SniperShot,Surprise,2013,0.627,0.807,
2O6LE1e7Q9JMHxNJ9RnNEy,Fecha De Caducidad,Montez de Durango,Surprise,2014,0.603,0.683,
2ZR5d8KYNrXtLdFwIiJ7H9,Life's Getting Better All the Time,The Del Lords,Surprise,2016,0.831,0.814,
1LihjeJErJdrVwsGajlCpa,One More Time,The Benton Roark Band,Surprise,2016,0.567,0.934,
44K14Xsq0SbmEavHr5H141,Guilty Party,The National,Surprise,2017,0.588,0.686,
4sf9cdnvnjR9Z3a45caNfu,Paha silmä,Teräsbetoni,Surprise,2012,0.558,0.954,
3BtcwPXSrPPT23tjj37XZe,A Good Fire,Clutch,Surprise,2018,0.692,0.869,
0YKhR0Zz6IptR7lq4ehqHw,City,Cel Damage,Surprise,2019,0.859,0.67,
3t7yPbe9fjixzLtlhdgoOs,"Stone of Mu, Pt. II",Shake Stew,Surprise,2017,0.602,0.846,
2G83Pb0kB47FaKKz0ISkgo,Free Merchandise,Scene of Irony,Surprise,2013,0.575,0.976,
2NH3UiKjy13MhT0YDAAxVm,友達なんていらない死ね - 2015remaster,Shinsei Kamattechan,Surprise,2015,0.615,0.972,
5iRpuqf4j6u3xiCIBQNDjA,Ornamental Boogie,Farmers Market,Surprise,2015,0.869,0.601,
7dzOg5SkVHJEgYYPMeyXwy,Mbira Modise Maitshwapelo,Galalabadimo,Surprise,2019,0.605,0.672,
7EXx57c9VieKucOTTZO7YS,Nipple Train (Bonus Track),Cudzoo & The Faggettes,Surprise,2012,0.858,0.781,
6WsrTaAKuIcU9Tx8PlbvdM,Come on In,The Oak Ridge Boys,Surprise,2014,0.837,0.918,
79LjZW7DzbqsiUcuEvyCn3,All You Ever Think About Is Death,Elias and the Error,Surprise,2012,0.576,0.996,
1LuWs4xpHqU48OlNy0CBqf,Will It Ever Change?,Luther Allison,Surprise,2016,0.679,0.894,
4eyXydGKiZT4sQkhEoeemX,Bwanawe,Wells Fargo,Surprise,2017,0.875,0.677,
7heAgXjqhJ0BHmkIhPIfiA,De Amor Virei Amante (feat. César Menotti & Fabiano) - Ao Vivo,Diego & Arnaldo,Surprise,2019,0.705,0.732,
6kwExIbnYUVss0EkLZ29w9,Moonlight Mile,The Babies,Surprise,2012,0.677,0.916,
0zLxhvjcwuRRN2rdOXC5Fm,Rats,Radio Hate,Surprise,2014,0.554,0.954,
7wBY78qLdiQcNwKjq5FCUy,You'd Better Think Twice - Live,Poco,Surprise,2014,0.835,0.724,
5DAaQVp84bCzmfvqI7egvI,High School (Don’t Like Them),Naked Giants,Surprise,2020,0.721,0.966,
5rD1NNfDsA7Nb2x3Vky6aE,Touch the Ground (feat. Dickey Betts),Frank Hannon,Surprise,2012,0.557,0.882,
1yY6FYzGRzM6odwTG7RnHV,Radical,AWOLNATION,Surprise,2020,0.647,0.885,
06sRELwHop3KJOFl90W7I2,Coming Around,The California Honeydrops,Surprise,2018,0.754,0.864,
3GsyV8pOWze3OyYgzNxAEg,Fortunate Son,Moonshine,Surprise,2014,0.572,0.882,
3VaMHbs7YjqV3vjUCz8Ryl,Net Priyatnosti,Увула,Surprise,2016,0.66,0.802,
2Uds1NhOnlmqpsHYWcEtpK,Too Many Cooks,Jimmy Reiter,Surprise,2015,0.832,0.714,
3q5w5fD37sOEMDQV59U1SO,Rak Smachot,8th Day,Surprise,2017,0.781,0.883,
0kUmxdaEIj3lYxtPOJfO2Q,Diggin My Own Grave,Tinplate Tiger,Surprise,2015,0.94,0.94,
1MhE4se2feQKmyV9Pc9Q45,License to Kill,Killing the Day,Surprise,2019,0.623,0.783,
5rRJMy9IVdYSuG3CmLJIBO,State Line,Black Diet,Surprise,2015,0.722,0.789,
5JkgWo3YKIDCmJbUEBGkRW,Dog,Plunk,Surprise,2019,0.785,0.647,
2XuOWVjeehDFN85A2km0O5,Maybe,Ravenscry,Surprise,2020,0.688,0.772,
0osoCCwbXfkGG1I0qXf9Vp,Waste Your Time (On Me),Sweetheart Surgery,Surprise,2013,0.591,0.801,
4IjZ0QuHxDmUkIA19Lslib,I Will Dare,The Replacements,Surprise,2017,0.579,0.874,
6m45ID4ItepsfMzJbTzfGK,Love Ain't Easy,Buck69,Surprise,2013,0.694,0.622,
1EUdo3Xwl0ThfNSG1FkxLL,Block of Ice - Live,Thee Oh Sees,Surprise,2020,0.623,0.921,
5G94kYOZ4nra7oiVgF7SZX,Heat,Ray Creature,Surprise,2014,0.807,0.907,
4hbKJGTWAMIzwpuSwrCAHz,El Wisky y el Bandolero,Los Pajaritos De Tacupa,Surprise,2012,0.963,0.588,
3FS3bhdj4oIImJc2UQS4Rw,When Love Is Hated,Michael Sweet,Surprise,2019,0.813,0.925,
2uWh3JTxpPJvc0K5orrtbY,Life Fuckin Happends,M.M.M.F.D.,Surprise,2013,0.596,0.847,
0C0emN5HYeZmm74QJiBPMv,Destiny,Blue Swede,Surprise,2014,0.668,0.65,
2E2aPkQE1vpgQnFhDlcgJE,God First,Bush Baby,Surprise,2014,0.649,0.691,
59lsMTIijv1zwcGEQX0oGy,Going out Tonight (Live),The Brunettes,Surprise,2019,0.812,0.712,
0wZBbwtHm9jhOgt73IK3Su,Sultans of Swing,Aaron Meyer,Surprise,2015,0.558,0.864,
6FsxBY9c9n2VYaX867wcBd,Squeeze,Ghalia Volt,Surprise,2019,0.778,0.718,
05ax2L822xpgCNecthSFUJ,Glitch,Absolutely Not,Surprise,2019,0.565,0.722,
20wUVRzaSluRsSJLtqmIEF,Kopfverlorn,Granada,Surprise,2018,0.869,0.809,
2uqpAghykPQRxqF8pKjzD6,Space Age Love Song (Live),A Flock Of Seagulls,Surprise,2018,0.635,0.769,
5zCBOHO0jpVObvHz1JHlxt,Shake Your Moneymaker,Johnny Winter,Surprise,2016,0.562,0.978,
1IEVG5gwrPHrZAXzJ5R6MI,Os Novos Malditos,Judas,Surprise,2018,0.589,0.759,
4Mfxjjtjy813YBAQIj2b3Y,Disciple,Tarby,Surprise,2015,0.594,0.76,
5f0FCcrkvyhiRT5wynS0XN,Interlude: Talk Radio,Gorillaz,Surprise,2017,0.609,0.935,
6JzIMUZ2w2xD92CA21UV6h,Manic Depression,Luna,Surprise,2013,0.653,0.907,
3XsUUXH3d0GvTLQDstrzOJ,No Shade In Shadow,Kristin Hersh,Surprise,2018,0.752,0.885,
7sFJi5ey5GnFQBzaGDQjWA,What Would You Say,Raw Power,Surprise,2014,0.781,0.953,
4xC9VqTZ7RWEP97rvrGeXk,Italian Movie Theme - Remastered,Pylon,Surprise,2020,0.734,0.848,
5plwPLAjrrO2EYXAt289OI,Pillars of Eternity,Pastors of Muppets,Surprise,2017,0.756,0.714,
2YJNoQKf1MPwlInwFPw28P,I Hope You're Happy,Blue October,Surprise,2018,0.672,0.939,
1WglJ7aAcTsrDCPQi3Q3eQ,Ride of Your Life,Gioeli - Castronovo,Surprise,2018,0.746,0.82,
5azinF36czraHeORukUsnW,We Are the Lucky Ones,People On Vacation,Surprise,2012,0.552,0.802,
0dBV0shmyyXjPkZWPatEM0,La Cabeza,La Castañeda,Surprise,2016,0.691,0.831,
6OK5CzIqFiyWD9Jb58sebj,Karen,Surfer Blood,Surprise,2020,0.879,0.851,
7Anf685YYjONK0xd8rVS2I,OnTrance,David González AKA Dmonick,Surprise,2019,0.62,0.809,
2FkUsDEeHlwa9O1I8LZW56,It Ain't Right - Live,James Cotton,Surprise,2015,0.877,0.895,
5A6YDExGnqkp8rWZfUN7yh,Record Players & Living Rooms,Lost Years,Surprise,2013,0.611,0.713,
5R79G0N3jXKTTF1swEBoSH,Turning Years,Kapitol,Surprise,2012,0.846,0.89,
5k3WLWTfdtjQibW40HDfxU,Lay Down Your Burden,Red Molly,Surprise,2014,0.802,0.586,
0YQEPJxE7VyP8O6tMONjqD,Real Deal,Radkey,Surprise,2020,0.71,0.876,
6dd8StQSM7lGupZ9xadBDu,Cartwheels,Ambulance Head,Surprise,2019,0.69,0.688,
1vTr4RfesdFDexrCxy2tSc,Mary Had a Little Lamb,Tony Frye,Surprise,2014,0.86,0.623,
0fo6p6CDvq7lRXLicmAngM,Moanin' at Midnight,Maya Beiser,Surprise,2014,0.674,0.551,
4V585UhKNvFWCsQXAt06Wm,Bullshit,Complaint,Surprise,2015,0.596,0.935,
78qHrYbulCiOtkgNKw0iMQ,Buenas Mascotas,La Vela Puerca,Surprise,2014,0.715,0.902,
4NakDzzJ0XTfZLmad6twoi,Early in the Morning,Langhorne Slim,Surprise,2014,0.789,0.729,
2ILSuweSpiBtIim142S00B,"Dr. Music - Live at Bond's International Casino, New York City, NY - June 1981",Blue Öyster Cult,Surprise,2012,0.661,0.929,
6Gh2J3YrPr36Bdbj8R8GXQ,Come Together,Ina Forsman,Surprise,2017,0.585,0.586,
585ugf6pzJYF2zVByHq1Ez,Manifesto,CHANT,Surprise,2015,0.906,0.998,
1bDZ4NYGwzjvgrg5sJkuRi,September,The Teledynes,Surprise,2018,0.903,0.885,
2GKXCVzCTurVMO2t0RhmZE,Too Many Lovers,Cecilio & Kapono,Surprise,2012,0.895,0.808,
6xjt6cVogd0KObew4bwP8c,Did You Know?,Starfire,Surprise,2013,0.678,0.949,
0t0EWZiHMGLya0HQUKkYMi,Stack (Gettin Money),G-$tack,Surprise,2017,0.618,0.815,
0T6T5pJApKfnaqItsyeuNF,Slippin Away,Nine Lies,Surprise,2020,0.611,0.967,
0sPMUWzg4TtYJpADYJO7YU,Raze the Maze,MoeTar,Surprise,2014,0.564,0.776,
6tfmfIJ8EdOuGF9WrNo2tv,Bent Al-Noura,Alla Kushnir,Surprise,2013,0.752,0.644,
07UTEARCE869o2492hCBO3,Alone,Girl Tears,Surprise,2014,0.736,0.938,
3cEw842LgZ2LWaapCuHbOQ,Set the House Ablaze (Live),From The Jam,Surprise,2014,0.574,0.969,
4N7BZkEUuthTqWVySYtNk5,Farewell Blues,Kristin Scott Benson,Surprise,2016,0.745,0.863,
0GQZGWwLSJMr7Jgqxm48p0,Are You in Love Again,The Greenberry Woods,Surprise,2018,0.665,0.912,
77HboP3Wks3VABL4TLjHje,Song of Martin Luther King,John Baldry,Surprise,2013,0.9,0.611,
2VWSvdPNg5yHbd262XMJMU,Little Run,Hazy Sour Cherry,Surprise,2019,0.964,0.876,
01pXI65DVPgTAkSafPCAE6,Julie Bye,Paddy Nash & The Happy Enchiladas,Surprise,2012,0.697,0.904,
3Y3b5MNRncEOFQXyw5fU2p,Warehauz,Post Life,Surprise,2015,0.585,0.933,
1aTSFxr2WB3uKn3p7dEcjQ,I Know,Quakers,Surprise,2020,0.678,0.688,
0YzxriCJWZI0RfQ5NAmjxU,Turn to Stone - Live at Wembley Stadium,Electric Light Orchestra,Surprise,2017,0.664,0.833,
76aJdmWWyymQ6yDrghjvWa,La Droga,Los Polares,Surprise,2013,0.839,0.882,
2KdYwQDq2yZnDyHjmoGCZj,Play Me Like A Violin,Stephen,Surprise,2018,0.608,0.683,
4hBrmBHzyRcN1hhPnKYG8i,Dreams,Be Like Max,Surprise,2019,0.643,0.996,
4KOBFzT9r1LZgxPf0j0erc,Ticket to Nowhere,Carl Solomon,Surprise,2018,0.644,0.593,
307ddRhifiXaVHUUNo7Ujm,Formula Won,Canibus,Surprise,2015,0.879,0.866,
3BCVYrQNeBlskEsNluRNhZ,Buy the Ticket Take the Ride,King Rat,Surprise,2014,0.704,0.933,
0AOg7KgOCCovOXd0R9pW22,Are You Washed in the Blood,The Bontrager Family Singers,Surprise,2013,0.961,0.833,
0sHLx7HQsuZrFFze1Y89Nz,Walk Away (Live),Pavlovs Dog,Surprise,2016,0.57,0.814,
7k5E64RpG6raHaYdEB7NuK,No Fences in Little Eaton,Eaton Cage,Surprise,2014,0.568,0.765,
3WhQ96bVXB3UMaaWDMM9Sj,The Only Claude That Matters,Worriers,Surprise,2013,0.638,0.927,
6dVhyvhxPdMmKVXdZrauRK,Nine Eyes,Brown Bird,Surprise,2013,0.706,0.642,
0FQlWYJePjAf3JjGbqbQwn,Sunny (Rs Newair Trance Mix),Xlarve,Surprise,2016,0.722,0.7,
0af8LdgPK3l03Qsq37BH4p,Paper Chaser,Roxxcalibur,Surprise,2015,0.567,0.936,
0qhI93qgpRzwHYMSgWFStX,Return of the Jedi,Mauve,Surprise,2017,0.714,0.801,
7oESc3JyDazAK2SRu8lSKF,For the Kids,Authority Zero,Surprise,2013,0.606,0.955,
539pGuJZDD5Iwf9rxESlzx,Just My Luck,Vintage Crop,Surprise,2020,0.912,0.897,
4aGSazJIHkSCbRKNEj2DGJ,Cool Rag,Old Man Kelly,Surprise,2016,0.921,0.699,
6W0LDJJSUUpMP2j2l8mRBS,I Will Buy You a New Life (Re-Recorded),Everclear,Surprise,2014,0.674,0.784,
37WekrVB6bqkMHKDrIMSCC,Overblown - Demo Version,Mudhoney,Surprise,2017,0.56,0.978,
1eoWYCsq7o8hzylm8YbK6b,Paper Cutz,Guided By Voices,Surprise,2017,0.66,0.953,
2xr4IRwqQb8VqWm9Wwswao,Magi,Kagami,Surprise,2018,0.96,0.759,
0AF4nFW2s0QowFkDS8Cruj,Love Hate,Guillotine Riot,Surprise,2014,0.743,0.93,
60vs4aVF48RQmk497thYcI,Bad Tornado,Bridget Kelly Band,Surprise,2017,0.808,0.873,
22wX7HVPHzEuyDIxVaTuOc,In the Night,Mike Mains & The Branches,Surprise,2014,0.675,0.733,
3tNEKkMCW4dhlJlHzmNZGh,WORD OF THE VOICE,FLOW,Surprise,2015,0.705,0.926,
0KVrdU75izBNjdAJDstfgP,An Angel Called Night,Society of Beggars,Surprise,2017,0.561,0.933,
5sb980D807isFfXcfNINMP,Overhurt and Underloved,Neil Hamburger,Surprise,2014,0.962,0.736,
1TdE20xSHCfSSsbupblEio,We Could Be Flying,Karin Krog,Surprise,2015,0.644,0.812,
58sIP4AJWpDdRvRIbzJjlj,Strut (Like a Champ),Watts,Surprise,2016,0.76,0.876,
0A4mDmCOoJlN9XHDKwjJeu,Gonna Be a While,Tommy Alexander,Surprise,2016,0.653,0.732,
60e62IbDWc59JP4JpsVOIz,Forgotten Beech Grove,The Bills,Surprise,2016,0.661,0.736,
7fu67Zso8hS8rcAMXuPhcJ,"Gold Jacket, Green Jacket...",Senses Fail,Surprise,2018,0.627,0.903,
6vCcmNLFnLAheZA21bV2li,Slaves of the Night,Metalwings,Surprise,2016,0.79,0.929,
6YhNcDhEI4ExBPAtIvMqd1,Running Wild,Army Navy,Surprise,2013,0.7,0.941,
1xLGfLaW34d0q0cLvVfQXy,If You Should See,Wye Oak,Surprise,2016,0.552,0.951,
0DR0hkFqxQg6m4nEEUIvbK,Serves Me Right,Nick Moss Band,Surprise,2016,0.643,0.896,
2CN5WOlqzNqlkEOtsUWAbY,Shindigjig,Dizzy Mystics,Surprise,2019,0.704,0.877,
3c9Fg8lnImTBj2K1aXd1Nk,Suddenly It's Spring,Joe Magnarelli,Surprise,2014,0.704,0.614,
0P6AACgaP6IuWe2bIBBfJp,Mandelbrot Set (Live 2014),Jonathan Coulton,Surprise,2014,0.794,0.837,
2KTHrDH12yrGnpm4AVnXoO,A Wolf in Jesus Skin,Polkadot Cadaver,Surprise,2020,0.735,0.978,
6jXkYrZwZl4HSCJQCjE9Ui,Swarm,Whiskey Shivers,Surprise,2014,0.653,0.842,
1u5FEPZI3D05SIMXrgCUX8,Endless Journey,Stew,Surprise,2019,0.581,0.631,
58NyOjLFsmx6xqgzT1isOk,Promised Land,Ward Hayden & the Outliers,Surprise,2019,0.809,0.892,
612cjA8olfvMncrMizURiR,Fix You,Robyn Hitchcock,Surprise,2013,0.711,0.859,
3QGgjoCZO7AR0eUzapg9wA,Bust A Beat,Quakers,Surprise,2020,0.743,0.729,
60EvUGZhVmmx15wZtOXwpm,Hey Diane,Bowling For Soup,Surprise,2016,0.614,0.979,
23ggMolKaaNYnJOAzEFh2h,"koinisakunazo , haraharato - Instrumental",AOP,Surprise,2018,0.827,0.909,
4jQfh94E6lZCebWgPGzvpw,Let's Jump (Head over Heels),You vs Yesterday,Surprise,2016,0.663,0.838,
64X7j2HbjSLGxUkOCf3DAs,Holler,RHR Redfern,Surprise,2018,0.562,0.825,
2gtLUgASnxEJnts7ZKGQI7,Pandemic #44,Pow Wows,Surprise,2012,0.612,0.79,
0CYyVHgm8RNqXmdb08FwZX,Insolent,Spylacopa,Surprise,2015,0.621,0.803,
27hnOje1oCoYnTlM4I6ALv,Beautiful Mask,Full Tilt,Surprise,2012,0.616,0.902,
2qb2nIpamLPPHjhXGzrRa5,Nice Girl Gone Bad,JP DEN TEX,Surprise,2012,0.852,0.709,
4YycecKIr0uk5KUC8ugL6H,Under The Double Eagle,Don Reno,Surprise,2015,0.964,0.769,
4pm7LZ3LqPc6WM68EweLC1,Messin' with the Kid (Live),Taste,Surprise,2014,0.829,0.686,
3UBEA1W83jCwKmxVRMhECP,On the Mend,Brick Top Blaggers,Surprise,2017,0.919,0.934,
1lxZMbykAhcymw4yzrt1pi,Carolina Moonshine Man,Lou Reid & Carolina,Surprise,2012,0.871,0.837,
4AvXatm9mfiNFjgsTl5HLw,Larzan - Live,Shahram Nazeri,Surprise,2012,0.759,0.645,
1bMA3WrlkCV7RzOTJfqu6C,Dear Daddy,Craig G,Surprise,2020,0.62,0.926,
62HmXpzeZCCuYDQsnLDaH8,Pretty Green (Live),From The Jam,Surprise,2014,0.764,0.766,
6L7nmLhEkpwwTJUWP2THcn,Boy,Ski Lodge,Surprise,2013,0.594,0.796,
2Z9TsGubYWgv0AQITHo85G,Take a Walk With Me,Christy Rossiter,Surprise,2013,0.694,0.73,
3HgFbIMoiOWOqx6UsGeU4A,硝子の瞳,SID,Surprise,2018,0.66,0.941,
7k5MhcuVAHGEbWu06JMYO9,I Like Those People,Montgomery Gentry,Surprise,2013,0.578,0.654,
44wQhCgrB5BDzcoDU1I0Gd,Never Felt Anything That Good,SiR,Surprise,2016,0.794,0.725,
7orfDkY5iwXCdIeGAHhO9g,Overseas Suite - Square Earth,Nguyên Lê,Surprise,2019,0.654,0.718,
5feSShYNcxkjvISRXHhxhY,Fannie Lou Hamer,The Chairman Dances,Surprise,2016,0.905,0.735,
6B3GjkWoFVMKTYRRuNOQIF,Traveler,The Travelers,Surprise,2019,0.967,0.923,
04pw3Upuz8Qsxxoj4pdAeA,To Be Amazing,Your Favorite Trainwreck,Surprise,2012,0.851,0.862,
1g6vi4a4cjIPa2jF5Hqu1g,Poursuivi,Offenbach,Surprise,2012,0.838,0.883,
06FduzXbpu4yUtbK8Mt5CK,Neighbor Neighbor,Brett Ellis,Surprise,2016,0.674,0.858,
7sQo3M5NjpNxnVvC6tFmhl,Never Be the Same (feat. John Brock),Android,Surprise,2014,0.586,0.55,
5DnF9lEE7utQX2CuNXEO9R,Bloodclot,Los Kung-Fu Monkeys,Surprise,2015,0.765,0.962,
7a19ONgUWreV4yZykAy7Ub,Nothing but a Cliché,Black Joe Lewis & The Honeybears,Surprise,2018,0.904,0.778,
15MEz4kKPomammP0Mzljgg,Papageno Eléctrico,Chicha Libre,Surprise,2012,0.961,0.913,
3lUYdMJQclJ0pIAQ8FhbK5,Pool Party,The Aquabats!,Surprise,2017,0.707,0.966,
3mk3vEeB4LrimUXcoCcop2,Oberheim,Batboner,Surprise,2017,0.674,0.984,
5wzzFliPT5D8JixX2WoY1o,Will the Sun Ever Rise,Five Finger Death Punch,Surprise,2018,0.592,0.937,
5An2878hIWccxBkzspKv5b,Acid Orgy (feat. Sonya Scarlet),Alien Vampires,Surprise,2012,0.648,0.982,
1c1VPFdolXHqvcgzJ4C3AM,Take On Me,a-ha,Surprise,2018,0.797,0.925,
3iRSqnOpgaD92APXxWzBX5,Let's Be Pirates!,The Future Kings of Nowhere,Surprise,2015,0.621,0.879,
0WFTcU9Sj0QxjFvcrYUDvb,Fray,Every Mothers Nightmare,Surprise,2020,0.555,0.842,
0Su2XCb3fthAYw7BIk8dUa,Uphill Scramble,Satans Pilgrims,Surprise,2017,0.683,0.928,
5wZQXUcphAyBZfVdWmAiYX,"Sarasuda Varnam (Raga Saveri, Aadi Tala): Jaya Jaya (Raga Nattai, Khanda Chapu Tala)",Nirmala Rajasekar,Surprise,2010,0.87,0.595,
3TivCvr6fEIlZHYwRU34sS,Let's Start A Band,The Emotron,Surprise,2010,0.639,0.844,
4os7Wy43CJ4XBcqSPWUY4Q,Rawhide,The Seldom Scene,Surprise,2005,0.956,0.562,
6aOvaNVoKJ2Txqn8ilRWyo,Blue Suede Shoes,Jenn Gambatese,Surprise,2005,0.712,0.585,
4xDfHe9HhnEA5EDYEOY9cI,Crossfire,Surgin,Surprise,2003,0.792,0.746,
37LhgsUcfOV4UHDdrv02vP,Girl in the Hi-Tops,Peter Mulvey,Surprise,2006,0.931,0.937,
7opozoH7micgFKWREQ06q0,Country Gold,Don Walser,Surprise,2000,0.68,0.567,
4Uv02F2vPNuJ32Z22jABfR,Mani Mani,AZA,Surprise,2007,0.897,0.631,
3Y3BkX7SfV77Qvo9OqNBrf,Put Together,The Willowz,Surprise,2004,0.73,0.901,
0MSLsXJIhsMDpwga1wF1eC,Santa Looked a Lot Like Daddy,Brad Paisley,Surprise,2006,0.965,0.985,
7yI8SwflKsysTQNZQY3rwC,Where AM I? (Through the Rhythm),13th Floor Elevators,Surprise,1966,0.762,0.777,
1hFSkxut61UwIEGey9VgNv,"Por fin..., directo",Platero Y Tu,Surprise,1996,0.81,0.95,
5MKRxPOcUEBmrZexOL5Apf,Death and Destruction,Heart Attack,Surprise,2001,0.789,0.754,
6yXVSOOiFsJDwH5Jfs0UTL,Green Electric Glow,The Blackouts,Surprise,2002,0.882,0.955,
4kkxz6eovxS8qXrewDLCHm,Shleppin' and Kvetchin',Meshugga Beach Party,Surprise,2011,0.606,0.851,
0S3wDz8Wd11JNagRvBRHCm,What's Not To Love,Trick Pony,Surprise,2005,0.753,0.961,
2lcdtMTejCbDYMdHIBrJ4D,I'm On One,Talib Kweli,Surprise,2011,0.749,0.731,
0k8unJVFHpvi8rsnv1bfyv,The Dream Stops,Zru Vogue,Surprise,1998,0.808,0.761,
4tLjmytbxWRGng5KVkhoal,Lady,Dead Meadow,Surprise,2001,0.662,0.614,
1SAGX0iwvEFhUGdK9rxUNw,The Whole World Turns Upside Down,Television Personalities,Surprise,2005,0.659,0.683,
59SzzRv9FzGLcsnB0F65KX,Explosive; More Intense,STNNNG,Surprise,2005,0.666,0.976,
0G9CKAvyPvkcYQNoX0JAGw,Silver Platter,Blair Hansen,Surprise,2005,0.613,0.7,
4bfL9xZXOqnsz9Ljpk90Qs,Rockin' Heaven Down,Heart,Surprise,1980,0.612,0.765,
1vd1wNenr9CU6omViJ6ypA,Purple Mountain,Thirteen Arrows,Surprise,2008,0.557,0.94,
4254RU7nZ7MXB5VZCfCDzm,Long Journey Home,The Country Gentlemen,Surprise,1988,0.85,0.709,
7y0DvftgROIuLa2REG6i5v,Groundhog Day,Double Trouble,Surprise,2001,0.66,0.677,
5l39ITnk6hh5dPZUuhtuei,Sweet Little Sixteen (feat. Ringo Starr),Jerry Lee Lewis,Surprise,2006,0.709,0.963,
28UFEGmyymA4IWwjW3Rmfp,Flat Stanley,The Kimberly Trip,Surprise,2007,0.769,0.861,
6GENZIrQPWVt0SdsBq2bym,Old Molly Hare,Mary Z. Cox,Surprise,2004,0.851,0.578,
4wtm8V5soBE4ygRxwYxKke,Talent for Fame,John Farnham,Surprise,1993,0.706,0.572,
6iJznyrcEqiblKb7V4iHy2,Girls Ain't Nothing But Trouble - 1988 Extended Remix,DJ Jazzy Jeff & The Fresh Prince,Surprise,2003,0.744,0.718,
7De5s10u2HOY5ndUwxuwnP,Beautiful Outside,Dipsomaniacs,Surprise,2003,0.553,0.896,
13kKeZC6R1xVxfBnyJvWbe,Senin Gibi,Gönül Yazar,Surprise,1969,0.592,0.623,
1EqfEdJCHC0NyOfBKz9iq1,See Through Dreams - Drum & Bass Tracks,Death,Surprise,2011,0.61,0.652,
5rmZlsBBnHZnqH2K9Getbo,Clinch Mountain Backstep,Ralph Stanley,Surprise,2005,0.877,0.666,
4NCMkZQWbOhDZ3NAf7yv6I,Shitty Record Store,Beach Patrol,Surprise,2008,0.591,0.907,
708jihfXb7iJjl1vSjiddw,Cumberland Gap,Raymond Fairchild,Surprise,2003,0.968,0.981,
00mw0brzkFSKQhi3l7d7mp,Burgers And Fries,Weird War,Surprise,2002,0.716,0.785,
1b3rHwtO1wwgIAfzBNjyPc,This Is My Voice,Shane Koyczan and the Short Story Long,Surprise,2007,0.628,0.642,
7rznhS9dLrW5hrViQOs2hO,Step Inside Love,Kate Pierson and Johnny Society,Surprise,2011,0.593,0.759,
6icyNJnfCV83FnktmCeLPv,Giant Merry Go Round,Small Factory,Surprise,1996,0.789,0.835,
7yLWV29jEwG21QyTngBIYd,Fly Away,Nicole Campbell,Surprise,2001,0.757,0.723,
60Zuf05dxLk5cd0h76rCVQ,L'Shana Habah,Ira Heller,Surprise,2010,0.696,0.847,
4j9UcnXtdfnk4cyLuLf3uN,Jealous Girls,Gossip,Surprise,2005,0.914,0.833,
1En5VJWKSjIfuuobsViZC0,Talk Of The Town,Riddlin Kids,Surprise,2004,0.574,0.953,
3dA6RxFNDDlHRH1Umv4w9R,Waiting,The Rooks,Surprise,2000,0.821,0.744,
1wHnuEWhSMcxy3b2LapCT3,Potato Chicks,New Duncan Imperials,Surprise,1999,0.867,0.84,
6vuMTFWiehXGOV2ux0PFUD,Banjo Hop (aka Mountaineer’s Fling),The Country Gentlemen,Surprise,1988,0.931,0.82,
0AxhKGmzwttZZHscroVIem,Wake Me Up In San Francisco,Jackie Payne Steve Edmonson Band,Surprise,2006,0.709,0.661,
5MFzIiLG5RIafN0r0wu46e,Standing at the Station,Ty Segall,Surprise,2011,0.666,0.988,
1NUIxFvynWdBdMGDgxrAoe,Tragedy,Wipers,Surprise,2002,0.703,0.889,
3QHajDXwnvXgUwedXz4Qzs,Tin Spam (Bokkle Mix),Stubborn All-Stars,Surprise,1996,0.843,0.633,
55m4ekJ1zgqiV3ODvEqQus,Fire on the Mountain,Nate Grower,Surprise,2010,0.738,0.785,
41izIoSkrxUSR8wUoGNhBz,Gimme Me One More Chance,The Romantics,Surprise,1980,0.959,0.886,
74N6rvhPFHdORjMvPLJSvX,Theory,Margin of Error,Surprise,2008,0.551,0.981,
0qqU1JVq5RsXiwMcPaEC1R,Some Girls Like Cigarettes,The Karl Hendricks Trio,Surprise,1995,0.832,0.966,
1sXVISIFG47g5k59gc3UcJ,I'm Frank - Live,The Fall,Surprise,2001,0.818,0.907,
6aVdWnjgsodp7vaLuIHqsE,I Wanna Date Your Avatar,The Kimberly Trip,Surprise,2007,0.869,0.902,
6JSiri43SKSh8uFdnhieux,Crumbling Heart,The Ducky Boys,Surprise,2004,0.667,0.918,
12k99rAoL3oKEk3RbvbMY8,A Girl Can Tell,Wild Seeds,Surprise,1986,0.766,0.895,
0IjSKSnoiOJ7JSwMzqfeHM,Never Grew Up,The Fleshtones,Surprise,2008,0.67,0.963,
2GelCrUb7CpvPOp0tjfJlq,Nas Is Like,Nas,Surprise,1999,0.943,0.842,
5FFccVaox0sPGojT4XbKUl,Smile Awhile,Mitch Friedman,Surprise,2005,0.611,0.799,
7eEOqwyZlg4vfPog73DXSO,Salt Rock Blues,Eric Noden,Surprise,2008,0.794,0.699,
1g9Hx6mNTH8KZSssGkxsc4,Tank! (arr. J. Oliver),Ben McMillan,Surprise,2011,0.583,0.656,
5gxRPbW4uCfBdmAJmfsqLQ,Everything Is Black,The Faintest Ideas,Surprise,2006,0.568,0.865,
6F5ciWTwByW09uF7JXZzrH,You'll Never Get Me Up (In One of Those),Nick Lowe,Surprise,1984,0.716,0.806,
0gtiISgK6WZMupyafK35Ff,The Other Side of Sin,The Washington Squares,Surprise,1989,0.719,0.853,
3ZGVDQwOjO3lSYpT6xWFkq,Your Generation,Five Fifty,Surprise,2004,0.678,0.702,
73Ut3VCrAW5G4EMNd5b74B,Auf Wiedersehen,Cheap Trick,Surprise,1977,0.661,0.874,
4H4tc7cSzQhXCpsD9d7Tfz,One Luv,S.A.G.E.,Surprise,2001,0.779,0.571,
0vqs3hiwaEuqz3A7j1Ctx5,Shadow,Jesse Harris,Surprise,2007,0.792,0.628,
2V8JJbs5w9HwVbKIN3Bmh0,Wake Up,Jeff Larson,Surprise,2008,0.613,0.667,
20m0LF91BYIhJANbteIfXm,Crazy Job,The Suburbs,Surprise,1984,0.727,0.908,
4r3reGgzLIxWI7vrJDwBrG,Democracy,Stella Mudslide,Surprise,2011,0.847,0.596,
7k2ZkrgVcThJP6MCFiZIQ3,Clinch River Blues,A. J. Roach,Surprise,2008,0.739,0.638,
6Ot8p3DkQFxhrxZ0Vbmpwe,Liza John,Hurtin Buckaroos,Surprise,2006,0.76,0.656,
2L2sMffzOWVYda9n2bthfy,Surfing Channels And Killing Time,High School Football Heroes,Surprise,2006,0.628,0.846,
2KZs1NlMrEPnORL1SBfraf,Chernobyl Boy,Svetlanas,Surprise,2009,0.609,0.914,
3t0xB52gk9sSxA83wpXv4G,Ibiltaria,Governors,Surprise,2010,0.706,0.918,
746mBLpBWXqThDMeYcfwtz,She Wants Me (feat. Freeze & Smiggz),Ampichino & Shoboat,Surprise,2010,0.744,0.752,
1fiA7ufkel2WaGgp8C2EbF,Strength,Comet Gain,Surprise,1997,0.64,0.867,
5JOCGpbx8cUwVSdnUcr02U,Here Comes The Mouth,Sugarplastic,Surprise,2005,0.895,0.911,
27xUKjdtw0o1xVfjKPDDlF,Get Outta the Car,The Chop Tops,Surprise,2000,0.751,0.786,
03vKeoiHLZZo7YriZKupWT,Minha Mae Ochunmare,The Motet,Surprise,2001,0.709,0.649,
5oV0Z1w1yZePvSY2Q6gtnD,"A Big Hunk O' Love - Live at The Honolulu International Center, Hawaii January 14, 1973",Elvis Presley,Surprise,1973,0.807,0.852,
2Dbr42ETYZgVi4b2saXxrU,Replay,Logistics,Surprise,2004,0.896,0.997,
38Y0JlPwZURPhelx9dsXP5,Method To My Madness,Barrence Whitfield and The Savages,Surprise,1990,0.892,0.786,
3VF5nzx2eRmTMBLrBexlTY,No Puedes Salir,Los Explosivos,Surprise,2010,0.737,0.852,
2RkV8jCWAwMbSbSmNYxKOT,Siamese Connection,White Hot Odyssey,Surprise,2004,0.761,0.927,
42opYFg4GsEsbbcBHs2LO7,You Stink - Demo,Jon Cougar Concentration Camp,Surprise,2003,0.628,0.94,
6miXb9ZAqKdNyh4K4HOjAF,Deer Dance,System Of A Down,Surprise,2001,0.818,0.938,
73hhDlVX2MVNbFvWYiCMoA,Glide,TriPolar,Surprise,2005,0.961,0.861,
3MEExvSdcrIjeoaABKFAMM,The Sorcerer,Herbie Hancock,Surprise,1973,0.618,0.836,
0FWh9UkeWpTS4gFkk2gjIh,Can't Stop Lovin' My Baby,Microwave Dave and the Nukes,Surprise,2006,0.85,0.934,
0uOiMrh3jAKpk8mrLogbe7,Kurai Onrum Illai (ragamalika-adi),Vamsi Das,Surprise,2010,0.551,0.809,
1oPeg3HM8uv5ZVn3yDVtyk,Sabre Dance,The Juggernauts,Surprise,2008,0.768,0.593,
7JEYukTO6PJxYR2rwP2VIe,Brenda's Iron Sledge,Robyn Hitchcock,Surprise,2007,0.757,0.97,
2ESfCjEtlZMMXzphyoqJjl,Sexo chungo,Siniestro Total,Surprise,1983,0.706,0.837,
0pYqg3ylzKH8r3zKGrntrU,Amen Grasshopper,Ashley Stove,Surprise,2002,0.937,0.904,
59yYgpdPg6SJipVEaoOvUW,Black Storm,In Mourning,Fear,2019,0.074,0.951,
76SyEgG1v2BHOeQTTOUE1T,赤い夜明け,２８１４,Fear,2014,0.04,0.618,
6PzWdAo0kn6pV2jF0qWzjg,Davy’s Grip,Vane,Fear,2018,0.04,0.974,
5fHPGTk6iRh45P1ZTrdsWp,Dementia Degeneration,Venomous Concept,Fear,2020,0.116,0.989,
1g6TEOQrI4Adz26nDzlFpk,Heretics Fork - Live,Power Trip,Fear,2020,0.19,0.99,
1bxmSg34ipoJoqD1TjS9We,Battle for Immortality,Alexander Wolfgang Pfeffer,Fear,2017,0.101,0.688,
0Gw9BAMD9wV3rhUJrtfBAL,A Question of Heaven - Live at Rock Hard Festival 2008,Iced Earth,Fear,2012,0.215,0.871,
5Mk2XZ56x98UjYdhWW2nxv,Womb of Nyx,Nightbringer,Fear,2012,0.033,0.94,
1BEDBSjUWNtI8jnF3CN22x,Krieg Blut Ehre Asche Part II,NDE,Fear,2012,0.018,0.998,
7sOv4ICSz8eaI179SS3FkJ,Straight to Armageddon,Epic Score,Fear,2017,0.036,0.952,
2KevtQH7nHwnxz1EXYelVd,SEEKING THE ROOM WITH THE THREE WINDOWS,James Dean Bradfield,Fear,2020,0.187,0.913,
3ktrh8qZJBPta1ED0Z0Hwl,In the End What Will Be There Beside a Cry?,Stench of Profit,Fear,2020,0.034,0.876,
1uMPeSu0TuCmmbHCfwK3QX,Smoke on the Water - Live,Ian Gillan,Fear,2013,0.2,0.867,
7ETN4ibrE4SHX5uKs8si6I,Sano Dhukur,Chepang,Fear,2020,0.032,0.827,
1fpX0Q5ujnUpTYVYMCfVcK,Hey Mr. Tomorrow,Andy Lindquist,Fear,2016,0.222,0.587,
2Z9Q7k8cqrKXkh6KaEIDZ1,Binaural Transmission,Essenth,Fear,2019,0.18,0.877,
0ZBt3IJIitqFmW4Vuoxtjl,So Bunted,Happy Diving,Fear,2015,0.126,0.973,
5RP1nSuVlsem5FlbWU2arX,Popper,No Age,Fear,2018,0.211,0.97,
08zYafMSWiXEbBLgqPFLSk,Kings of Greed,Meadows End,Fear,2014,0.055,0.975,
65wNTFsJIWD2Ad7l05kfep,Abdication of Servitude,Unfathomable Ruination,Fear,2016,0.059,0.947,
7Cns0afDQGfFJZohqqAA1W,We Are You Now,Rupert Gibb,Fear,2020,0.036,0.779,
6Jvptp1dTAPrqkHyf5D6VU,Inquebrantable Voluntad Pagana,9th Entity,Fear,2018,0.111,0.996,
2UX5u6WK1tbj26yF6aqzZ7,I'm Blessed,Speedy Ortiz,Fear,2018,0.223,0.798,
2uNsd2y2jtVC1GgtypXfqW,Through the Window,Hegeroth,Fear,2019,0.16,0.835,
1jHBmk6F2xh30qs6Z2F7zO,Misere Noire,Insurrection,Fear,2017,0.16,0.983,
6jNerSKVQbfrXEynrkAnt6,Spellcryer,Essence of Datum,Fear,2019,0.037,0.989,
2nSeiZMjeD2OxLJ48W7vrn,Loss of Breath,Kaliya,Fear,2020,0.174,0.929,
0hswkZPgwrnC6laivBN5de,Days of Punched In,The Saddest Landscape,Fear,2012,0.064,0.983,
1SFA4UvR4zmHO8y2wRRLvO,I've Destroyed Everything,Static Daydream,Fear,2015,0.246,0.856,
4n9Mof4TK5sUSiqLYU4SGF,Stalwart Allies (Choir Solo Vocal),X-Ray Dog,Fear,2019,0.076,0.592,
1NBCdOnCnbgqDvnjQGIpZ0,Ode To The False (Esse Non Videri),Netherbird,Fear,2012,0.245,0.976,
7dex5q7x064BJzYtGntLZn,From the Curve - Live,Superchunk,Fear,2020,0.18,0.854,
2hju4VJozFLDMOTXTs0QGE,Rip N Dip - Tisoki & Ray Volpe Remix,Getter,Fear,2016,0.042,0.993,
5befn5EDxYYsZ8h7ITJFfj,Celtic Uprising,Matthew Mc Gaughey,Fear,2013,0.11,0.64,
07hjHLHQ8fttmwwkcABz0z,If Drinkin' Don't Kill Me,DevilDriver,Fear,2018,0.096,0.92,
17Y3FBAns9asfichm0FZyZ,Beyond Reality - Original,The Upbeats,Fear,2015,0.219,0.889,
0KKhSAPg89w21BF8snoeXR,Fear and Darkness,Suodeth,Fear,2015,0.21,0.966,
4LTpiSfQF5G3WtRKGZmYKf,To Be Human Is to Be Inhuman,Journey Into Darkness,Fear,2020,0.143,0.963,
07fXMMNFjaUmP6a7tnXc5D,Palace In The Sky,Jake Shears,Fear,2018,0.141,0.751,
3mWySIA6bUm3Ks54MWA26E,James Baldwin,Cellular Chaos,Fear,2016,0.118,0.762,
2Y8Fi5IB9I4HmU0Xda983v,Turned Killer - Demo,Eugene Viscione,Fear,2019,0.174,0.718,
39tnm5VlISbCD6ZXy4TwyM,Unity,Sundrenched,Fear,2017,0.041,0.668,
0RhIjTAycc5pofAOmmdmVv,Irreversible,Pneumatic Detach,Fear,2012,0.111,0.867,
1yUiweX2aiib6YLDtYDWfE,Golgotha Wounds,Craven Idol,Fear,2013,0.208,0.957,
5ZtYcAEaKzsEikq4frOcWG,Niunda Heim,Enslaved,Fear,2012,0.035,0.953,
49KJSojwLHMwpGFhZA7lWw,Midijunkies - Live in Tokyo 2011,Atari Teenage Riot,Fear,2012,0.028,0.999,
2ZZR6OcemfGlJWRSUukrN7,The Ghost Machine,Heldentod,Fear,2012,0.037,0.849,
3HnCaxW8kWd6wW2pIpQsX0,Neil,wtchs,Fear,2014,0.237,0.653,
60LhElymeCrKxYmUd6D4NI,The Shaman,Antillia,Fear,2017,0.178,0.981,
5Rt8nOFsRhGHE7X3U2zqPW,Gardens of Honor,Chestnut,Fear,2019,0.045,0.909,
1Xo1alxjHVTDiTdyJjRE5y,Rogue,Discipline.,Fear,2013,0.162,0.596,
0VzZtttlAqL7ijfgELTo9w,Seven Skulls,Autopsy,Fear,2012,0.11,0.955,
4tjbzmvyWWkVbj4TDrExsg,Ziiion-Ponk (Part One),FAT32,Fear,2012,0.173,0.86,
2u9AxFHgdMfVZyVEYrWm8S,Trapped in a Coffin,Nocturnal Hollow,Fear,2019,0.117,0.977,
4rC4brrg1Jb6sZAietBw6i,Riding the Razor's Edge (Datura Blackout),Mentallo,Fear,2012,0.058,0.987,
7rf35p503JBXoUncBrtnPe,Disembowel - Live In Chicago,Autopsy,Fear,2020,0.158,0.866,
3uVkjTVGXcVNMdD4yaXQnj,Time Goes By,Mystery,Fear,2014,0.172,0.59,
7IJZgxT4KFKm8DJxVDfBZM,Pack Your Bags,Jordan Rees,Fear,2017,0.189,0.609,
7ItjT5C2HkUNmkaQ5INfEE,Finish It,Car Bomb,Fear,2012,0.228,0.884,
03csMcRh5OEeBQbSxc4xla,Losing It Over You (feat. Ayme),Matoma,Fear,2018,0.196,0.658,
0tHKchkV0a8YBjPMmqx9S8,Planet No. 9,Sons of Huns,Fear,2014,0.205,0.926,
6EDqP5qZw8rcnYlZt7DdSJ,The Duelling Minds,Raventhorn,Fear,2018,0.04,0.791,
53j7fDIH8ivQIWVBde6FUP,Trudging,Morrow Knell,Fear,2014,0.15,0.639,
7yKcEebo5FJcIWsmP7hbcY,Humdrum,WRONG,Fear,2016,0.23,0.966,
6iiPu3zIgYobAK3xyBy5qq,Ceremony of Bleeding,Evoken,Fear,2018,0.065,0.708,
6YHzKDvU80XD5L7j4WhBh5,HEAVY,Dean Blunt,Fear,2014,0.218,0.746,
4Bfiuuih9uFISAz3xGQnOF,Tongue Tied,A Giant Dog,Fear,2017,0.076,0.967,
71jtjSyLdxNnoguqmXReVY,Murmurum,Æthenor,Fear,2016,0.042,0.705,
1xBbtKYzLXVBwDlRfKN0Sy,Alone in the Silent Orchard,From the Buried,Fear,2014,0.167,0.625,
5cYaUMJrJOQilik2gyaOgm,Silver and Green,Angus Khan,Fear,2020,0.226,0.986,
3Y7krVBr0Tnlfibfloz2FE,SIHEYMN's Lament,Liturgy,Fear,2020,0.138,0.739,
4KBCExh38kwC23EJOvo8vm,Opener (Intro) - Live,Seer,Fear,2014,0.038,0.877,
0w5wFm1ZxFo2vPwYNjJh9m,Australis,Novembre,Fear,2016,0.059,0.851,
62YMHLDVmjOXGDRORnkqS7,Friend and Foe,Sleep Maps,Fear,2020,0.117,0.828,
57aUwWpLPYIy0EU0LdtxJA,Assassins of Youth,The Flaming Lips,Fear,2020,0.082,0.794,
6zPRE8gmqGGugEQRzWt66P,Cold Hard Morning Light,Heat,Fear,2017,0.145,0.98,
4g1UgaMgeovh7qibOxGPFU,Apocalyptica - Original Mix,Faib,Fear,2012,0.191,0.855,
6yR2leG0WD2eRU7vzQ0b0A,Lon Lon,Temples,Fear,2014,0.075,0.559,
2DBxGhAxc17bhYgUeQcK2Q,Welcome,Lunar Woods,Fear,2016,0.148,0.883,
7gYaN5TYgd6Zm1vVdzwG8x,The Milkman,Jyoti,Fear,2013,0.18,0.653,
15GvmZOQ67FvYkshzyEptc,Never Give All Your Heart,Joe Bonamassa,Fear,2014,0.136,0.737,
26TupKsQgL1eiSwYoAXjBu,CND,Laveda,Fear,2020,0.068,0.662,
2s2KXmrDTSH151Ah3zNEZ4,Next of Kin to Chaos,Serenity Defiled,Fear,2012,0.077,0.961,
1eB168FV8b7ORTiBQS1u81,Front Toward Enemy,Baroness,Fear,2019,0.082,0.988,
6V1HisCykzWiuNmznbcmmK,I Honestly Love You,The Staple Singers,Fear,2019,0.167,0.553,
2775O196Hq68lyF3yF7eZ9,793,Varg,Fear,2020,0.104,0.992,
4f7f9FjXxDlpc46RNXi31N,Kings Of Invention,Manilla Road,Fear,2015,0.242,0.839,
1iiR8W05SBmF5IMg16ehbJ,Certainties Lifestyle,Never We See,Fear,2012,0.195,0.961,
56PAlFQLrKabM18RndjD2S,Mad Creatress,Chaedrist,Fear,2019,0.238,0.857,
13GIi4uEO5B1ilSghVJHrM,Doodsklauwen Uit de Algendrab,Elfsgedroch,Fear,2020,0.033,0.996,
2BWLbIRs1pbhn7nkb2dnv6,When My Dog Gets Out Let Him Run,ODeath,Fear,2014,0.239,0.551,
05beFAfQGOCUAeezeqhXqQ,A Plague Upon Gaia,Dave Van Detta,Fear,2019,0.081,0.951,
5rL1iexaHzKS5yyGKRGmTY,"The Message, Pt. I - Live",Konstrukt,Fear,2016,0.192,0.901,
408HI77k629XtkNS2VT9CU,Din of Consciousness,Vukari,Fear,2015,0.074,0.736,
3lXNkPAH9xgJZmYv3NMM63,Exciter - Live,Judas Priest,Fear,2013,0.108,0.991,
3SaGmSR6S3LBljXFRcalvC,Under the Floorboards,Dr. Dreadful,Fear,2015,0.157,0.59,
2FmgDd9rmyoBnEzrxShVrQ,Zingaros,Carlos Franzetti,Fear,2012,0.198,0.568,
3wPCDpBfTPBfOEICKJ0Mqb,The Clarity,Sleep,Fear,2017,0.184,0.643,
39FvWuHBtYQTJNdisJxZIG,Let Go (Interlude),RL Grime,Fear,2014,0.037,0.727,
7FyfqEtdOFhHp5kDLcbb0c,Ghost District,Subnuba,Fear,2016,0.233,0.98,
2irBjbEc5o2YHSrr3brTDZ,Dark Desires,Spell,Fear,2016,0.172,0.969,
0PsJhShqwPhkSAzFXeUAxJ,Better off Dead,Harlott,Fear,2017,0.243,0.996,
7K01uGDPZ2NhdsVYISMXQS,Claws of the Dead,Ludvig Forssell,Fear,2019,0.139,0.607,
0PZuyyiNkjmWN9x73HKInO,The Unhallowed Tide,Coffins,Fear,2013,0.129,0.885,
6sd8pLhGhAwsR51KLByWg8,Gone (Acoustic 2010),Nothing More,Fear,2020,0.225,0.576,
3jgT5F82xFmvHeKNchyh0q,The World Will Know My Name,Star Utg,Fear,2016,0.117,0.67,
2aidtVTDVHTVEwLFjBlcIx,Another Gory Mess,Fuck Im dead,Fear,2012,0.039,0.968,
2JsiTgGy38Wo8hYNiM9swx,Sights from Within,Bad Salad,Fear,2012,0.044,0.719,
2OeEddxMOykAHyFpLnwnJd,Where a Boy Once Stood - Audiotree Live Version,Shakey Graves,Fear,2016,0.17,0.92,
3hftnX0ZL1O81Rfrbc6y2z,Favorite Star,David Barbe,Fear,2015,0.106,0.627,
1JMqx4yTM9jYCoLN6I0SLQ,Useless Throne,Jetpack Elastic,Fear,2014,0.098,0.883,
30DZcDXKjYMMq6VBano0Ac,Firefly Family,Ho99o9,Fear,2020,0.247,0.977,
1ShmmFLoDmQzN9eDWoLNGE,Catabolic (I Am),Oracles,Fear,2016,0.045,0.99,
364hsWVK7QiFIGTlTQKMAm,Sirkel,Nightports,Fear,2020,0.21,0.717,
2eKiPDogPDYqtHeXYaN0Wj,Next in Line,Medicated,Fear,2020,0.237,0.843,
43TotO08BYvrEhBjO0nDny,Death Dealer,Glacci,Fear,2017,0.119,0.786,
1VnpitANq7tKi3lrAXyuNA,Storyteller - Audiotree Live Version,Such Gold,Fear,2013,0.209,0.964,
4VJaCUIyjwNdKowK9MhSFo,God of Disturbance and Friction,Darkthrone,Fear,2012,0.035,0.919,
0HOl3gI6m9wAlkh3iXaTp1,Invictus,Marcello De Francisci,Fear,2012,0.046,0.627,
0ygKWq7c6S0CG7dMrgrkUI,Soldier in Time,Nightcrawler,Fear,2017,0.086,0.939,
6H7t01FSP532EVtpyW8kzg,Empty Glass,Primary Weapon,Fear,2019,0.228,0.898,
3Xx7LLlbG90QUGDM5PQzxt,Death Rattle,Carpe Nota,Fear,2020,0.131,0.833,
2QpWD51JkWDNcp59MWKerM,Noumenon,Mare Cognitum,Fear,2014,0.042,0.94,
2n7r2iKs3VVo06H82EJ7JX,Sea of Destiny,Jacobs Dream,Fear,2017,0.237,0.874,
79X4ZVC16EkGH6bYKoG9Yq,Come Back,Jackie Venson,Fear,2020,0.214,0.885,
4AYJGLrrrlfoVSwAlYKUF0,Scraping the Bones,Bone Sickness,Fear,2013,0.034,0.996,
5jpmdFG1qVvZposvb3IdX2,Excerpts of Silence - Live,Ulver,Fear,2013,0.095,0.868,
0eX5jzPDwfEA9xGNAFYJ1H,Non Ti Amo,Pasadena Napalm Division,Fear,2013,0.177,0.959,
7yrWeFT9iFEg9k7GRUoX26,Smiling at Sunbears Grooming in Sunbeams,Fire-Toolz,Fear,2019,0.102,0.773,
41YlDuw8sXjKAMNRm7dLvE,Take a Trip (Intro),Cold North,Fear,2019,0.036,0.672,
3M1In6GNpQ1q3boy2zUNP5,Arc Angel - Continuous Mix,Planetary Assault Systems,Fear,2016,0.094,0.717,
29b5SC8Ku10xZcT9vepbmL,Project 2,Alex G,Fear,2019,0.206,0.787,
1tZsRsKHdLYq3fZO6Q3EeL,The Eve Arose,Empyrios,Fear,2020,0.124,0.948,
0en6AZIjpbbJnA9nVsv03y,Syzygy,Alarum,Fear,2020,0.043,0.986,
2Iychbt0tbisH80MpKtYh8,An Eternity of Solitude,Sorrow Plagues,Fear,2015,0.034,0.983,
1xWefybL6Yv59eEyYU7DTi,The Calling,Age of Artemis,Fear,2019,0.248,0.982,
0cwsGpIbIXLqM8q3mvGp18,"Sad and Lonely - Live at the Garage in Highbury, North London, UK on January 18, 2006",Secret Machines,Fear,2019,0.242,0.814,
0Vo9h8Pdx7LIEUnZJ9WQuw,A Dying Wish,Anathema,Fear,2015,0.068,0.747,
1hNQHi2pEzbArPMBnAPBMY,Genocide,Six Feet Under,Fear,2016,0.244,0.943,
3HUsg2l8DIYL9foeWvWW5T,Na Horárni Ve Folvarku Šafári Rohatý Jáger,Malokarpatan,Fear,2017,0.174,0.965,
19zI33C3OrLsPVKSM9ECfU,Isolator,Hell Fire,Fear,2019,0.243,0.936,
08GIb74ZqXJaXhlPk8ct5H,Rebirth,Nightfell,Fear,2015,0.038,0.949,
4DTCRnhP02fWJGSlqSVn5M,Magus,Under The Church,Fear,2015,0.043,0.997,
4DeLXA6BuAcdvLnjV6llyX,Swamped - The 119 Show - Live in London,Lacuna Coil,Fear,2018,0.23,0.843,
6re7QjlrbqAJNc0eQVhnfc,(The Age Of) Machine,Roxxcalibur,Fear,2015,0.177,0.764,
2SIkcB2GAgd9I6JrS7kfWh,Break - Original,Subtension,Fear,2014,0.029,0.988,
1iCdtMPmxo57FlvyHRh1ar,Don't Look Down,Rat Parade,Fear,2017,0.191,0.983,
33AcV5b4Vphg4pSiPycHfj,Meltdown Situation,The 012,Fear,2015,0.204,0.966,
5KDq2jTcIzKitsUCTpI7uk,Savor Your Sons,Shepherds,Fear,2019,0.191,0.57,
67bB1U7hiXlPL57g9nqrhV,Home,Dabin,Fear,2019,0.161,0.658,
6jHfCs4yiNMPqSmkx7jtB4,Sovereign Hunter,Mike Rubino,Fear,2019,0.079,0.658,
1JWty95LecguApZk9g92op,Masochist,Hell Fire,Fear,2019,0.078,0.991,
6XNllWwi6IKlNwoB6xUXbj,Intro,Prezi,Fear,2018,0.038,0.995,
0tiQDUaKFSUEIbx26GMwAV,Flying over the Jungle!,Amery Rey Tuesta,Fear,2015,0.16,0.827,
4bQ6aFM8QwVrmOcpgmWaEu,Camp Blood,Dischord,Fear,2018,0.14,0.887,
27aAxLIsiZGRc9ykRbBO0m,Permission (Part II),Hiawatha,Fear,2012,0.039,0.551,
5iHU5b2tiAPimQHLjKLPL5,Get Away,The Radiomen,Fear,2017,0.215,0.765,
42yJGLx5Y2Cr7ZFGpLH5mo,"Popolvár Najväčší Na Svete, Šarkanobijca a Bohatier",Malokarpatan,Fear,2016,0.087,0.849,
63m9rwMIlEkva5igxnc5tm,Discordant Lifestyle,Mean ideal,Fear,2017,0.065,0.994,
6uoFe17eNoIne0AkfuoWXj,Depression,Pig Destroyer,Fear,2012,0.132,0.999,
02O7cXiSrIkavazYleMLBQ,Oh My Love,The Cold and Lovely,Fear,2014,0.218,0.895,
0pNZOVJ1Rv3i03SzR6vbfP,Queen of Gore,Thanatos,Fear,2014,0.049,0.99,
22ymW3wimoBfSSSG2eHjsD,Highway,DIEMONDS,Fear,2012,0.217,0.995,
0dgW8iTgRUVIQdFXCK1TjL,Beckoning,Oh.,Fear,2015,0.167,0.804,
5arWwBP5KRVQjGsQkCEuww,Westmoreland County,Moor Jewelry,Fear,2020,0.236,0.994,
6rlTBzMvCR1MgaDJyiXza2,Unpack; Glue,Rene Hell,Fear,2013,0.019,0.951,
1gnumv6nuMJjuadZbRSoqU,"Rising, Rising - Bassnectar Remix",Crywolf,Fear,2016,0.04,0.565,
6tig18w2fwA43d9WYFuh2H,Kentakullas Haze (Chill Mix3),Xlarve,Fear,2012,0.144,0.71,
3uYD2ZsyuO2dfhgupxhloa,Terminal Death / Judge Death (Demo '85),Terminal Death,Fear,2014,0.151,0.964,
68uazTa4EXT8mD5Zu8f8TQ,Fragments of Eternity,Anno Domini,Fear,2016,0.237,0.931,
6SS7SoHMLmEmD3Q42UpB0A,Perception is Gamble,Eye Flys,Fear,2020,0.172,0.953,
7y9ED6BsVvqdlKnyZ8mQLi,Aegri Somnia,Amidst the Withering,Fear,2015,0.074,0.947,
2WTjjCs9QfWblI1hpS4LqA,Lion and the Lamb (Live),HeartSong,Fear,2017,0.221,0.803,
1prHwRjqjPTX0ewW9yEKSw,The Very Edge of Its Flame,Benoît Pioulard,Fear,2015,0.039,0.694,
7Hx2FF0Acz2K2v5ZYOI2WS,"Open Casket - Live at the Dirt Club, Bloomfield, Nj - December 11th, 1988",Death,Fear,2014,0.165,0.909,
19v9WdV3xnjeiAsjVEX5Eh,Knokkelkraft,Skygge,Fear,2012,0.03,0.981,
4WqKk8R9HznWYiFzN3do46,The Partisan / Bella Ciao - Live in Bern 2012 A.D.,Crippled Black Phoenix,Fear,2012,0.1,0.775,
14VB8y5KAxDmDaJjVWxPEb,Alyen Scourge,Deeds of Flesh,Fear,2020,0.189,0.97,
0OhfEthlpqo5bOAboUkAQg,Space Trip - The Day We Landed,Jazz Bigband Graz,Fear,2012,0.208,0.569,
1SI8zEGkeUDNzwcc8SUAxn,Over Easy,Merrilee Rush,Fear,2017,0.146,0.563,
5YxIRtYxtEZuFmqDKjdbF7,Still Loving You,Scorpions,Fear,2019,0.078,0.603,
1WU0YKXVCLvvYdIqeMwlJ7,Oversight,Dysphoria,Fear,2020,0.052,0.977,
1IiLGc4lv6c8yHGR1kpBIA,Male Gaze,Pissed Jeans,Fear,2013,0.166,0.67,
5HXXEX3FznCixHIH22cJ2L,"A Beacon, A Compass, An Anchor",And So I Watch You from Afar,Fear,2015,0.202,0.901,
1ZnT226SKwwwb8n0D1XZqG,Beyond Cosmic Borders,Thornium,Fear,2018,0.107,0.96,
1UJhxFYza5iKVkwr1JRWGC,FOR THE RECORD (feat. Walter Delgado of Rotting Out),FEVER 333,Fear,2020,0.084,0.994,
6BL62TcH2MCMr3PFbRNlTN,My Sun Shines Through Your Rain,Bvdub,Fear,2012,0.068,0.808,
4LnUhwNnMgd1GSErbQ1MH5,The Sound of A,Alice Cooper,Fear,2017,0.216,0.668,
1lg8x2M4IbsRCeJTlMBCyT,I Skuggans Famn,Dødsfall,Fear,2013,0.038,0.978,
3AhgAkv2lEWaDaO2H1CxWl,Unholy Divination,I Am the Trireme,Fear,2013,0.144,0.91,
0MRFuXGhdJzu6O9KQCbCXQ,Red-Skinned Scapegoat,Cryptopsy,Fear,2012,0.157,0.989,
6cWvWJhT8CiBfCiOb4ljbI,Mathisis,Savaoth,Fear,2019,0.07,0.804,
50hRGanxyED3IglDLUUHqY,The Road to Perdition,Bleak Revelation,Fear,2020,0.107,0.924,
0MjULKDgQ3Fr4O3eXEKfO7,Wasting Your Breath,Levit∆te,Fear,2019,0.097,0.721,
0z2OQr5vR5hKOv5cyWgsPR,Of Wings and White,Blackened Angel,Fear,2013,0.189,0.993,
6LJYeGr8Vc3UOswkQgrlwR,Nemesis,Harlott,Fear,2020,0.08,0.928,
0WaSK60fRfrNB6Ekt2VKJp,Les pouliches,Keith Kouna,Fear,2012,0.211,0.646,
58nyio8kmMmLWPNkNcarmp,Bach's Brandenburg Concerto #3,The Great Kat,Fear,2018,0.114,0.991,
5bAtkwpwowAuMwpurHPCgw,Garrotte,Cancer,Fear,2018,0.043,0.991,
0UKMYxjGtGVCM8sfIiwTVC,Eliza Eden,The Moth & The Flame,Fear,2019,0.215,0.595,
1OCNZE13Y34BBIX794tGR1,Downfall and Rebirth,Northland,Fear,2015,0.193,0.742,
0QrB8yaDpkP1Q3hau7fa6l,Slapped in the Face,Cruella,Fear,2019,0.038,0.996,
1Pkwps4yKaFJdFWeu8rBFi,Condemned and Slaughtered Unmercifully,Devast,Fear,2015,0.231,0.973,
3imbDf4y0SiExT5DJfScvm,The Mithriditist,Behold! The Monolith,Fear,2015,0.215,0.885,
0rUPmEQOI9mDMMBKDujmHE,Colder,Eye of the Destroyer,Fear,2020,0.132,0.958,
7tHQJh77sGnmJPHqQXip1R,The Send (Live) [feat. Heidi Baker & Julie Meyer],Sean Feucht,Fear,2015,0.098,0.57,
3u7OUTBTd08BTa4kimSieT,A Walking Bastion of Blasphemy,Abhorrent Castigation,Fear,2014,0.041,0.993,
7qHlH93m7kbNwT32w32bxL,"Greed, Lust, Hate, War",Satans Host,Fear,2015,0.187,0.968,
3JxAgZx2zat7nZJl4DW8sS,Crank Up,Purple Eternal,Fear,2019,0.196,0.956,
2Xkodn9xswVYieENrrqy1Q,The Fight,Remstage Music,Fear,2020,0.128,0.934,
48P09L7sVj4o07n1kjLFt4,My Sweet Blues,Amery Rey Tuesta,Fear,2015,0.238,0.801,
7wxPifGGpSlQbf8Ng9sAjx,Baptized in Blood - Original Florida Session,Death,Fear,2016,0.07,0.891,
7K38zK1lKThzNrNXGw5g9e,Escape,Moon Duo,Fear,2020,0.128,0.755,
55aE3Kyr30UVOefKICu5Uu,No Strings,Anuar Chaos,Fear,2017,0.163,0.947,
240js4JR7bronuJdQjzqcY,Tsukiji market relocation alliance,TUKIJI HARDSTYLERS,Fear,2017,0.238,0.991,
6x0Bf7TnUsdMEEohjoiicl,God Our Fortress and Refuge,Renascent,Fear,2016,0.164,0.982,
6OxERiAk3vcLIWzj2IZ3qi,Reality Undone,The Konstellation,Fear,2012,0.036,0.993,
1ZK1NOl2apnHE41XJxjAMr,Born to Murder,Fuck Im dead,Fear,2012,0.144,0.961,
7BpXGpw94NMfmQlcUoHDDh,Vǫluspá,Oneiric Celephaïs,Fear,2020,0.035,0.842,
0CFLEpNXq7LJLhCWQfRSbg,Civil War,Colossal Trailer Music,Fear,2016,0.14,0.68,
4Dw46fFLkbSTr85wP87Mge,Legion of the Unbowed,Relics of Humanity,Fear,2018,0.081,0.96,
496lkFmrm4eXHCXifwqOGW,Your Time,Savoy,Fear,2015,0.159,0.926,
3M8JgM4CtCyllzwTHNsNka,Until Jesus Comes,Andrae Crouch,Fear,2019,0.207,0.55,
2yfUF5b345VHSUb1ASVLC0,Fallen Angel,Nikki & the Phantom Callers,Fear,2020,0.195,0.596,
4jxRMf61Q59QWO4qf9jBSh,Embers,MitiS,Fear,2018,0.087,0.839,
5nKkVX3cr6DegYbpGm1EW8,Off His Pills,Anergy,Fear,2019,0.058,0.998,
2IDQry73d2HIkRQvSg6Skj,Death Squad - (Live at Wacken 2017),Sacred Reich,Fear,2018,0.183,0.99,
64BqvuZa6EUwHrKc843N9z,Dear Someone,Mystery,Fear,2014,0.161,0.757,
0hcWjIwFUmTc8jtmReaowY,Riding High,Koffin Kats,Fear,2012,0.177,0.99,
7LxmS8MyoAaFZ0YEhDHzko,Wrath of an Empire,Stormtide,Fear,2016,0.239,0.99,
0fsy3wnJuhCDhzDR7z6Awa,Hat Trick,Liquid Cinema,Fear,2019,0.158,0.793,
7JsVW7gsMwDFlKve488DIf,Fast Enough,Fastbacks,Fear,2016,0.147,0.958,
4aDZ4YVAnAeoI5ODCUikKO,Is This Hyperreal? - Live in Tokyo 2011,Atari Teenage Riot,Fear,2012,0.04,0.962,
0kJXSHYFvdNseXMoAly9ot,"What I've Done - Live from New York, 2008",Linkin Park,Fear,2012,0.116,0.905,
6j6nnWw1Lxn7u5BIy4H8P2,Pavilion,Evade,Fear,2012,0.035,0.676,
0p7fUMZnxARVmfpiFaxoHn,"Under the Moon and the Sun, Pt. 1",Armath Sargon,Fear,2012,0.04,0.992,
0y6uK74NLQxmEhip16mnGC,Send/Receive (Mind),Wand,Fear,2014,0.04,0.655,
6moEPHM29ZhQc9B9HHZnQr,Clitoris Con Anorexia,Magúla,Fear,2020,0.04,0.991,
2zZW3LQk4hV21IOkS3G2qo,"Always High, Always Low",Raw Hex,Fear,2019,0.055,0.994,
2CQiF5Pmaxd0oOR9KV1rRB,The Architect,Conflict,Fear,2019,0.111,0.926,
3Qj3ItjHrwT60Hv3FrXULb,"Never Forgive, Never Forget - Live",HammerFall,Fear,2020,0.077,0.979,
7fopgeSKUEU5s1wI0xfeFR,Warning,Ghostowne,Fear,2017,0.034,0.948,
4fQrKRuCyLwd6m2KLqWUhy,(I Wasn't Made) For These Times,The Gotobeds,Fear,2017,0.162,0.927,
1kWYLEoFLZyAv3zy6tylfb,Hallowed Darkness,Amidst the Withering,Fear,2020,0.106,0.802,
0FuYHdeuLb4Z3EqWZbzdy4,Apnakuzuzadababukiripa,Enbilulugugal,Fear,2013,0.035,0.999,
3EnTPZcepdBZhiskGR9clC,Corduroy - Audiotree Live Version,Ocean Alley,Fear,2019,0.154,0.557,
1ITsWrOEvGtXWWp7igH6sX,Killing Time,Eightball,Fear,2017,0.094,0.604,
0p0kGpDXKehXcRStl1tK2H,House of the Rising Sun,Jello Biafra,Fear,2015,0.171,0.895,
4BpOnBsE4Fr3fJwdWrVNTt,Dead Reign Rotting,Ribspreader,Fear,2019,0.128,0.984,
4eIOWepocok5o7mL6ATolB,Pacific Grim,Cattle Decapitation,Fear,2015,0.122,0.952,
6AiNuEc0gA3Z5qJBYgEXzZ,Of War and Resurrection,Fogalord,Fear,2012,0.064,0.983,
4lUlqM4wXBINylMpb2J8z9,L26,Neptune the Mystic,Fear,2020,0.077,0.899,
5d8K5h8TmgTcQjOkHGVKBs,Bloodlines - Audiotree Live Version,OBrother,Fear,2017,0.039,0.761,
2xk8iMek9fv7Y6dtc4VWsT,Vibe,Ambré,Fear,2015,0.094,0.596,
3sZnMMojrkwOxzdV1zUf2J,Within Thrall,Leviathan,Fear,2015,0.133,0.942,
3EmtyXZUvKU99IM9ONl75q,Elegance and Grace,Shattered Skies,Fear,2015,0.187,0.64,
1pMQmkRZOaGarralazeyn8,A Glorious Shadow from Fire and Ashes,Inquisition,Fear,2020,0.032,0.994,
1IOeCyS2O8OlCYDDzONgUl,Alithea,Mechina,Fear,2014,0.073,0.878,
2R2tdxWMeGZdZ6QhtyfRWW,Enter the Void,Ilsa,Fear,2015,0.145,0.876,
5T5YrHrReAewSmP95yBFyw,Held,Holy Other,Fear,2012,0.038,0.565,
2psEihylB2kyVkuRIjWTaw,Le Viol des Anges,Atroce,Fear,2018,0.03,0.998,
1UrADRr2xmbqD4FiFgkdhY,Static,Brette Irish,Fear,2018,0.103,0.588,
7nOu0z9Q3HoVk7KS1JXMpX,Survived by Nothing,END,Fear,2017,0.038,0.935,
054dGALj92HRv4FIJw7eeP,The Undoing,Voices of Ruin,Fear,2020,0.043,0.973,
584lGUJjNucM9yepQKt2yC,Sobrevuelo,Cordyceps,Fear,2015,0.189,0.678,
1tybdq49vus3mgDOjGxpOI,Black Temptation,The Flesh Eaters,Fear,2019,0.249,0.713,
3eCdHaKwZraDnLCYqJL8Y9,161 - Monstercat: Call of the Wild,Monstercat Call of the Wild,Fear,2017,0.223,0.862,
2KxEcqmV11A8kcUgOnbDrN,chop down that tree,So Pitted,Fear,2016,0.082,0.821,
7jWSrPovPNmgLnAW3fb6Ba,Bloodsuckers,Possessor,Fear,2020,0.201,0.828,
58GXoBsZP2mobqmkIqxn04,Train of Thought - SD-KRTR Remix,PsyAviah,Fear,2019,0.243,0.873,
5Mw5gIUX0War1TYiZXz2Lp,Shadow of Life,Umbra Vitae,Fear,2020,0.077,0.958,
4JVo2VtQzE7fIRjsjkBmpa,Welcome to Old Basedworld,Lil B,Fear,2019,0.014,0.994,
1HoQJ19AF6onxkFptNh0C0,Charles William - Live,All Them Witches,Fear,2016,0.136,0.852,
56k8mC7nwA8twDP0kDpJ0q,En Vino Veritas,The Mothership,Fear,2014,0.232,0.79,
3CA7JvZFPRhtiWfJKEq5bZ,Abyss of Souls,ASKII,Fear,2018,0.04,0.564,
0m3jVfExFbKdVQUum88Ew1,Unlimited,Unlimited Gravity,Fear,2013,0.159,0.714,
2IotKQdCfgdtcuvL474ib6,Abduction,Rudra,Fear,2013,0.14,0.893,
5a5cCa4f5o2CAuNlXdORQl,Never Let It Be Said,Scorn,Fear,2019,0.177,0.909,
7rFunzNymyEpknAbYag58P,Schadenfreude,Odraza,Fear,2020,0.038,0.972,
4a2ry5rJ4Qng467tjoVF6I,An Old Standard,Normil Hawaiians,Fear,2017,0.1,0.705,
40lXNrdOpY8t7uYAzWfWOJ,Solarizations - Original Mix,Pedro Soares,Fear,2015,0.046,0.689,
4CN4CRQPm3S41wYvngyKs9,Eclipse,Black Empire,Fear,2015,0.067,0.956,
7CdVWqLUcMrFQH2fakdhRi,Killing Floor,Emma Ruth Rundle,Fear,2020,0.157,0.648,
4lu6ZzVVzyMYBYmVUakmNR,March of the Wolves,Culted,Fear,2013,0.22,0.796,
5dAH4VY2xn91yOCSgp08sD,L'arrivée,Absentia Lunae,Fear,2014,0.069,0.632,
27QWUVOtaqCrJchOQcwWO9,The Shadow over Innsmouth,The Great Old Ones,Fear,2017,0.035,0.972,
33HBJmfWCAN3sI8hPWgBDu,Fight for Your Life,Manacle,Fear,2018,0.204,0.913,
3S1YLLzum01TWkheA3CbK3,Persepolis - Live,Septicflesh,Fear,2020,0.179,0.899,
03BBHIBMSLxXm9cke5BDc8,Eternal Rise of the Sun,Anathema,Fear,2015,0.122,0.789,
70kgFob9eXYafXrISWyW6O,Reborn Beyond the Grave,Beastcraft,Fear,2017,0.224,0.9,
6L9bJip1ZuOkJi4voDiBHG,Hold Fast,San Holo,Fear,2015,0.234,0.822,
0auiQm4lZyxhuHYF2et0QF,Penance (The Binding of Isaac),Michaela Nachtigall,Fear,2015,0.179,0.692,
2iIDPc6OhZLLPautzTDUIv,Last Mystery Land - 1996 Unreleased Demo,Star Industry,Fear,2015,0.067,0.943,
233Lhp90YDI2xMvoDpPcBt,Genocide Interval,Maruta,Fear,2015,0.154,0.989,
5vjO4HspdjwwsiorMovl0x,Roller,Skull Pit,Fear,2018,0.038,0.994,
47236nvIGI6U7VSjj0ZFbL,When the Sky Seems to Be a Flag,Mourning Dawn,Fear,2018,0.04,0.898,
6bs7u1slOjOlXY0pIAcmax,Acquiesence,Chronicle,Fear,2017,0.103,0.995,
7mYzPMCX7XWhjT9fLgOtXD,Underground,Bassnectar,Fear,2017,0.218,0.997,
6LKd3USEJOUOS9dyy2HtRq,Return to Death,Ammanas,Fear,2020,0.092,0.995,
2lWAwEaQVzYg4i0HKCsOq6,Chloe Price,Arayana,Fear,2017,0.049,0.991,
6Q9ID9crMdinXT39b4iTW5,Full Moon Draw,GrimWolf,Fear,2011,0.237,0.966,
3WZJcpOTirqviWZZL2UDUN,W.W.G.G.A.D?,Lyin Bitch and The Restraining Orders,Fear,2007,0.056,0.999,
0nrcIglZpwhQ9nKdRr8On5,Skull Party,Big Fuckin Skull,Fear,2006,0.106,0.988,
1eGsxP1rxERBELmYG2J5Mp,I'd Do Anything,Eyeshine,Fear,2008,0.159,0.851,
2RDmvWKgnQQB87toIHONmS,Black Stare-Sharp Shot,B.G.K.,Fear,1998,0.095,0.985,
5YlJ7O5oNSpgnhfMzSObNK,Mystical Shit,King Missile,Fear,2004,0.191,0.661,
4yIttYBgEzQ8lnoOeOnJjE,Band Introduction,Caravan Gypsy Swing Ensemble,Fear,2010,0.039,0.951,
7ymrAH3lJoDaDBilKH5dKQ,202 Light Years from Home,Alec Empire,Fear,2003,0.021,0.953,
0zjz5DOPhgIrHg9bBsvazr,Ides Of March,Steel Prophet,Fear,2005,0.062,0.984,
1pwNR1tmPYeLtzi7avbmKH,Storm Vibrations,Guided By Voices,Fear,2002,0.06,0.672,
7IbP7lsxvHLHgMXsPQ4k7R,Only a Moment,Ludicra,Fear,2006,0.072,0.954,
0xf0quOAhmFWYhbNpycv2A,Beyond (Guitar Mix),LOU,Fear,2005,0.224,0.89,
4qdAYxMVb2X7HiLiGAQBwB,Bleeding You Dry,Ribspreader,Fear,2009,0.234,0.995,
6rYDVS3PTh513q97J8XkHB,Built The Terrorism,Soothsayer,Fear,2007,0.082,0.99,
4saUwusHcPfA6sKyY6ohX8,Morrissey,Anal Cunt,Fear,1998,0.0,0.94,
4eet4HxcYr7dbKt8WuaUVu,Weapon Of Truth,Lord Sterling,Fear,2002,0.192,0.729,
2SIUmyAwMAB2M8O5LdJPwo,Let's Get Revelated,The Revelators,Fear,1997,0.038,0.995,
73fQGUlWuJSZ0mkJGeiLuV,Rose & Ivory,Lo-Ruhamah,Fear,2007,0.078,0.892,
2A97eQYSBPUpx1nlZbxF78,Flowers For Whores,Fall Silent,Fear,2002,0.161,0.993,
0CMg365K3z1mMnWWRGLE2L,"One, Two Brown Eyes - Live San Diego State University. November 16, 1977",Iggy Pop,Fear,2010,0.195,0.982,
2strisABZTEWV4lYVuSJPK,Stage Rain,Stephin Merritt,Fear,2002,0.025,0.741,
0Ak3NHfJwGhv7a246Lgqa1,Nuclear Ambition Pt. 2,Mans Gin,Fear,2010,0.199,0.555,
3q7QFN4xljMnY3Q6lrejoG,Wired,Steve Wynn & The Miracle 3,Fear,2006,0.191,0.983,
6L1gCcRikAdcHRlBWs8Ckw,Through the Sky,Saint,Fear,2010,0.229,0.982,
5SjUx0WX1JrsVmp6Hjz54B,Into The Crypts Of Rays,Various Artists,Fear,2003,0.085,0.991,
2HNt98gvSdbEXpaIyPTyLj,Planet Of The Wolves,Guitar Wolf,Fear,1997,0.065,0.958,
6m2sxapJ2PEEGY7D99aaRa,Mark the Apostle,Black Swan Lane,Fear,2009,0.217,0.557,
4G6WFRNNCLjPigQthVSZJS,Devilution,High On Fire,Fear,2005,0.076,0.959,
28Apv9Xqe6L8gbzsAMCciO,Wind Chime Waterfall 7,Global Journey,Fear,2006,0.004,1.0,
5x1sBTm4q9Az9NOXr6k6HF,Blood and Bone,Coffins,Fear,2006,0.189,0.976,
0vFzqAAwLXDfPF5EIXthCb,Dunkerque - Live,Indochine,Fear,2003,0.056,0.669,
5l246u9QjOmdTXrbV3hpD9,In Your Room - 2006 Remaster,Depeche Mode,Fear,1993,0.09,0.592,
3EeOym8bScEYgp5LeyJ4Rr,Flight of the Eagle,OM,Fear,2006,0.176,0.691,
5jfzkkuvnbTBkPJI09WcVS,God's Angry Man,Puppet Show,Fear,2001,0.223,0.825,
2g19R4IYTlsTpn6NbxWRiE,Ill-Neglect (Live),Brutal Truth,Fear,1999,0.038,0.976,
1YTDoXGkwauxwqbojvbNuI,Walk of Shame,The Sultans,Fear,2004,0.177,0.988,
6Qi1sdzeMjXYhM5IFxGtou,Escort Service of the Dead,Regurgitate,Fear,2000,0.078,0.98,
2UiyKwn6jdK14iFDB823MF,A to the K - Live,Cypress Hill,Fear,2000,0.198,0.974,
0ZE89Lsz2ip242YPdboKaA,Skylark,The Waterford Landing,Fear,2004,0.218,0.792,
5mbhV0TYv9OjXRxnqYrqUZ,Sporting a Scar,Northern Portrait,Fear,2008,0.177,0.913,
2rvjVgHuGI42RSFVo0d1zI,Battle for Immortality,Epic Score,Fear,2010,0.082,0.686,
0QxakUyRl5fwi3NvAdY7jY,Cypher,Void,Fear,2003,0.17,0.913,
0lxtxgUNlK9rWk52Zj9bW9,Sapientium Crusis,Bealiah,Fear,2008,0.166,0.591,
6QEQZg1ZORgSOf9XyJaW1S,Thursday,Asobi Seksu,Fear,2006,0.1,0.654,
4pEVbSErOYTHbYjfNupt5r,Track 1,Oval,Fear,2001,0.069,0.874,
0t6gPlZraBaaiojkLjpE11,Leave Me,Xiren,Fear,2001,0.132,0.644,
68j3qh3iRP1ipCW1oAUDfQ,Take Back the Light,American Nude,Fear,2009,0.241,0.902,
01u6RSyYHl8xnxFMFcLutW,El Sol De Margara,Fiel A La Vega,Fear,2010,0.234,0.831,
4e4HD5H0LWC3yPtbrOastY,Two Thousand Years,Crest Of Darkness,Fear,2008,0.167,0.966,
2aDO38sc3STblF4U6cd78G,Helter Skelter,Dana Fuchs,Fear,2009,0.189,0.981,
2uPl0Hgo3gsZuqbvJDi3cb,Depression Glass (ft. Jennifer Wilde),Love Spirals Downwards,Fear,2007,0.156,0.631,
0Rh4FaFvvblAZSwpVMKCNL,Is This Heaven? No This Is Iowa,Deception Of A Ghost,Fear,2010,0.178,0.963,
3E6BgbpfAqT0VMjYqACE5Y,Calypso,Atom Rhumba,Fear,1998,0.145,0.965,
7jQ9P08z25x1qFx9JY9Zi4,Trephanation,Morpheus Descends,Fear,2009,0.142,0.885,
4c6kbd0QWLoqMNDrnXwfKu,Vice Principal,WHY?,Fear,2005,0.127,0.812,
45fBjJQKHdGqxojKzWFhYX,Bosco,Halfway Crooks,Fear,2008,0.161,0.871,
5ie3NZqcEtQpVD4VVYbNfl,Parade of the Decapitated Midgets,Regurgitate,Fear,2000,0.087,0.986,
7Cgw3NwaoZSo4DZfmTttrA,They All Died Is What Happened,Despise You,Fear,2011,0.095,0.872,
1UBD5GgNEYYpDqMqUSrB1z,Standing At the Edge of the Earth,Blessid Union Of Souls,Fear,2001,0.247,0.722,
2N2TJKDvAz6MnCqrftQdDk,Additya Hridayam,Ram Dass & Kriece,Fear,2008,0.039,0.945,
6DQ5ZjqGTNCyUWQ3hjOB6r,Applause; Martha Tilton Returns to Stage - Live,Benny Goodman,Fear,1938,0.0,1.0,
5HoljbUbWdGodLXHlZJkh4,Death To The Bon- Rain in Blood,Lifeless,Fear,2011,0.21,0.844,
3kdb4aOIv3NzlJjyjgwk0c,Empty Room,Crowbar,Fear,2003,0.231,0.819,
6wPDaKEPEMStO8ZDMdsohE,A Darker Love,Index AI,Fear,2009,0.035,0.997,
4EVTd46hPlvaRyO2QPECX5,The Exorcist,Sadistic Intent,Fear,2008,0.086,0.991,
1cQRnVOJxFtlgycrzaA2XC,The Howling of the Jinn,Nile,Fear,1998,0.056,0.88,
3QX48ZJCNeSbo7csJDj28C,Up To The Valley - Live,World Wide Spies,Fear,2004,0.24,0.943,
4IDBroVLnO5c8p6ExyPHMj,An Extract (Strip It Clean),Napalm Death,Fear,2005,0.035,0.998,
1VX68ljxmmgVG4E3zJZLM7,Dream (with John McLaughlin),Mahavishnu Orchestra,Fear,1999,0.228,0.898,
4Edn0ZwHtSfNAzO9XQ1Uo1,Don't Let It Bring You Down,Six by Seven,Fear,2006,0.17,0.777,
2WSC2oO9voZPNgDkRuS0VR,Anti,Wehrmacht,Fear,1987,0.043,0.986,
0b49FZLFopKluzDLZeMBDl,Frozen Tears,Aabsinthe,Fear,2005,0.225,0.975,
2AoA6ETtXgHM8PStyKgz2S,Salty,SubLevel,Fear,2003,0.184,0.986,
5U6z1yIY8mGo8RhBpKoVwm,Street Sweeper,The Hunches,Fear,2009,0.157,0.82,
1ESIvBrWZA9Bg0MzDFK8dW,Stealing Days,Kim Virant,Fear,2001,0.193,0.562,
37BTVV5QEfftYlLMW9RcMG,Dream In Color,Bianca Ryan,Fear,2006,0.202,0.599,
6IPs6s0PT09zSMki9Z4Khq,Shine,Todd Rundgren,Fear,1981,0.115,0.881,
3q0Yfpk1VoBHZZhhEARN5p,Sinkin',The Rebirth,Fear,2007,0.228,0.6,
665yhfOE8Ba96PXGuwaInV,"Do You Hear What I Hear? (feat. Declan Bennett, Stark Sands, Tony Vincent & Alysha Umphress)",The Broadway Cast Of American Idiot,Fear,2010,0.193,0.594,
1BmjKIsTL6suyBdiWrBgR1,Too Late,Yo La Tengo,Fear,1996,0.104,0.73,
7BQBsYCzykEl6aoK4Szj6i,As Vestiges Pale,Dusks Embrace,Fear,2010,0.112,0.886,
70JUbBjrs009qDLYG3LPe2,Dr. Seuss Is Dead,Acid Bath,Fear,1993,0.199,0.737,
5RvLxH6Idt5pnmxKlm70DH,Command of Hate,Witchtrap,Fear,2000,0.067,0.906,
4NOwyi0egzoADS2mS5dSpH,Forestry Survey,Karius Vega,Fear,2006,0.068,0.84,
3TULp0qp0VqKHGVjAfGzUD,All Over Now,Psychopunch,Fear,2004,0.178,0.963,
6LyXVgfrYalqOFZ7HiwitT,Frankenstein's Lab,The Hit Crew,Fear,2007,0.058,0.898,
17VWUu7RCWTjsJBfyVvBvK,Rosewater,Vanities,Fear,2004,0.137,0.97,
0wTW8TcOtYWfM8IswUXaih,Jet Generation,Guitar Wolf,Fear,1999,0.124,0.997,
4Wpyf1hKRyzHou8ty9D6Lw,Sledgeanger,Sledgeback,Fear,2005,0.135,0.935,
1Cuwnia7ERi1EshTDrbWzu,Embracing the Origin,Inevitable End,Fear,2009,0.039,0.988,
0Ehf5fH6TYFWfpsdgvPGK1,Barrier Break,Dieselboy + Kaos,Fear,2006,0.205,0.932,
5IBmNSKMDXrEG243PXokXR,Brutality Reborn,Deconformity,Fear,2008,0.087,0.958,
5AbYzypAtgNVU4ARYBe7jl,Dead in the Parking Lot,Corruption is King,Fear,2007,0.101,0.97,
3ikzB6KejiUdtFjVyGwTRw,Victorious Night,Nocturnal,Fear,2005,0.038,0.997,
33HhO89m3wx1EGa8fwjuR3,Under Burdens of Life's Holocaust,Limbonic Art,Fear,2009,0.132,0.925,
7nRprzq47hWyzhuVWoXDBY,Why - Live,Eldritch,Fear,2008,0.105,0.967,
3a1EciU9dZABN7LZ17OXX9,Sidewinder,Galahad,Fear,2010,0.039,0.714,
0t8GW2po6bph7s5K3Afq1e,War Beet,Living Fossils,Fear,2010,0.185,0.888,
7BvIzpBMrr4XnsMBn4xDrl,Real Time,Rick Peckham,Fear,2005,0.157,0.682,
4eR283L5O0XFITsNn9p3Ds,The Reaper,Grave Digger,Fear,2002,0.077,0.935,
